#  ==========================================================================
#  
#  Wavefront OBJ format exported by Red-i Production's "Riptide"
#     (a free plugin for Cinema 4D PC & Mac, R7.3 or later)
#  
#  Red-i Productions
#  http://www.skinprops.com
#  
#  ==========================================================================
mtllib ghostdog.mtl
g ghostdog
v -0.13567551 -0.03189839 0.03017772
v -0.12821733 -0.03339873 0.05496533
v -0.16096437 -0.02556234 0.05890659
v -0.17562537 -0.01761851 0.04666473
v -0.12067696 -0.03191900 0.08845483
v -0.17170447 -0.02751432 0.07360979
v -0.21224271 -0.00842309 0.05973439
v -0.02483278 -0.07110930 0.02544240
v 0.02313958 -0.09326283 0.02488238
v 0.02989178 -0.09359076 0.03849060
v 0.01692707 -0.08570056 0.04528143
v 0.06345312 -0.10286362 0.02216636
v 0.05767349 -0.09986936 0.04188637
v 0.05437965 -0.09412291 0.06341003
v 0.27817288 -0.12579375 0.05282713
v 0.26048151 -0.12011249 0.06136689
v 0.26008728 -0.11968525 0.04818220
v 0.26771573 -0.12378969 0.03795067
v 0.24336752 -0.11274354 0.07015346
v 0.25105942 -0.11842682 0.04434717
v 0.25770001 -0.12398351 0.01910462
v 0.34065390 -0.11125923 0.01935932
v 0.34219141 -0.11428209 0.04290829
v 0.33128897 -0.11975304 0.04376366
v 0.32507031 -0.12066271 0.03376213
v 0.34274741 -0.11818847 0.06817113
v 0.32634406 -0.12513934 0.05568545
v 0.31192017 -0.12739619 0.04761452
v 0.31881735 -0.12202303 0.02696326
v 0.32399313 -0.11899766 0.01467099
v 0.30847290 -0.12489381 0.03288905
v 0.30786795 -0.12368977 0.01582412
v 0.67161578 0.05031858 0.05331845
v 0.66495685 0.05360854 0.05590411
v 0.66274683 0.05471806 0.06066691
v 0.66535571 0.05306097 0.06021587
v 0.65771295 0.05750114 0.05937592
v 0.65801782 0.05713844 0.06418062
v 0.65822925 0.05505993 0.06517616
v 0.66813397 0.05133358 0.05979631
v 0.67327319 0.04919604 0.05644361
v 0.66700861 0.05070978 0.06100794
v 0.67492004 0.04725871 0.05710316
v 0.64687152 0.04578638 0.04324726
v 0.64793658 0.04417190 0.03262382
v 0.65447314 0.04220452 0.03107707
v 0.65716541 0.04133447 0.03357607
v 0.64979132 0.04329537 0.02412454
v 0.65764209 0.04076717 0.02548268
v 0.66597021 0.03771187 0.02519972
v 0.66050391 0.04011536 0.03487993
v 0.65828552 0.04155288 0.04030939
v 0.66667334 0.03763449 0.03118680
v 0.66795123 0.03774276 0.03744509
v 0.68899011 0.03441116 0.04379562
v 0.68149066 0.03655355 0.04774475
v 0.68183197 0.03481454 0.04470116
v 0.68639264 0.03286435 0.04124180
v 0.67194019 0.04039375 0.05208457
v 0.67839893 0.03546596 0.04397584
v 0.68429034 0.03226828 0.03735620
v 0.69192297 0.03280477 0.03927126
v 0.69572577 0.03427114 0.03849856
v 0.69609772 0.03579311 0.04055206
v 0.69330634 0.03184942 0.03446073
v 0.69807330 0.03419504 0.03527383
v 0.70286432 0.03764965 0.03520245
v 0.66949854 0.03876739 0.04512196
v 0.66410120 0.04174831 0.04966737
v 0.66042957 0.04266484 0.04815679
v 0.66237903 0.04438607 0.05548584
v 0.65419934 0.04770322 0.05805989
v 0.65648584 0.04354533 0.04660361
v 0.65084729 0.04673042 0.05215200
v 0.64536017 0.05206226 0.06412895
v 0.64527460 0.05001492 0.05849377
v 0.63633929 0.05653635 0.06964908
v 0.64098553 0.05127002 0.05757735
v 0.62619476 0.05636420 0.05551213
v 0.61976569 0.05725793 0.05618357
v 0.61841064 0.05510732 0.05099270
v 0.62232172 0.05358212 0.04857272
v 0.61358453 0.05784366 0.05901649
v 0.61343195 0.05427109 0.05085289
v 0.61536633 0.05065810 0.04387884
v 0.63085809 0.05663734 0.06272649
v 0.62709613 0.05934962 0.06885809
v 0.62365692 0.06009518 0.06678522
v 0.62891388 0.06052715 0.07464226
v 0.62270367 0.06366362 0.07842398
v 0.60607581 0.05397595 0.05314781
v 0.60284247 0.05213991 0.05097872
v 0.60346295 0.05639115 0.05912284
v 0.59112817 0.05502704 0.06187942
v 0.60133008 0.04973650 0.04769363
v 0.60702820 0.04755821 0.04162652
v 0.59479315 0.04924892 0.05025209
v 0.60060394 0.04459384 0.04079757
v 0.58031696 0.04365668 0.05680655
v 0.59055029 0.04440247 0.04841678
v 0.58901379 0.04782384 0.05312578
v 0.58454034 0.04942033 0.06111060
v 0.59337592 0.06698384 0.09284076
v 0.59130646 0.06089673 0.07863881
v 0.59725885 0.06313311 0.07883192
v 0.60220404 0.06684386 0.08661033
v 0.60035596 0.06145144 0.07240826
v 0.61093311 0.06679958 0.08256053
v 0.49810925 -0.00220796 0.02779590
v 0.51942114 0.00354997 0.02448378
v 0.52544128 0.00828151 0.03546220
v 0.51560022 0.00655232 0.04107707
v 0.53964368 0.01459420 0.02471591
v 0.53636279 0.01694985 0.04084230
v 0.52865723 0.02159281 0.05760357
v 0.50483173 0.00755405 0.04731288
v 0.49158817 0.00426015 0.04518771
v 0.50361627 0.01447349 0.05838758
v 0.48154431 0.01103160 0.06193224
v 0.48059030 0.00128130 0.04834402
v 0.47961127 -0.00366465 0.04232977
v 0.47131784 0.00179477 0.05997400
v 0.46166672 -0.00745706 0.05793105
v 0.47862152 -0.00806440 0.03637621
v 0.48502460 -0.00723418 0.02457348
v 0.46695584 -0.01137424 0.04281733
v 0.47170688 -0.01337546 0.02480765
v 0.41875763 -0.02757841 0.02171583
v 0.39989685 -0.05208702 0.04008189
v 0.39151028 -0.05914544 0.03269476
v 0.39456433 -0.05341289 0.02111041
v 0.37955554 -0.07867738 0.05275958
v 0.37662613 -0.07544472 0.03398781
v 0.37246045 -0.07459841 0.01552668
v 0.38816437 -0.01355988 0.10736010
v 0.36907709 -0.03156112 0.12061830
v 0.37090405 -0.04494865 0.11176340
v 0.38217831 -0.04016487 0.10089720
v 0.34910565 -0.05411271 0.13238843
v 0.36168124 -0.06281866 0.11229623
v 0.37295776 -0.07024424 0.09254551
v 0.62580933 0.08188283 0.08240266
v 0.63020441 0.07945914 0.08115122
v 0.63154565 0.07885251 0.08630357
v 0.63047687 0.07981197 0.08792110
v 0.63479340 0.07667205 0.07991360
v 0.63493604 0.07701657 0.08518008
v 0.63675165 0.07768657 0.08625345
v 0.62934967 0.08097202 0.09009808
v 0.62656049 0.08231621 0.09149486
v 0.63186639 0.08067266 0.09019244
v 0.62799237 0.08343868 0.09429230
v 0.66237817 0.06033203 0.06836555
v 0.67077209 0.05688924 0.06307764
v 0.67379718 0.05507208 0.06697984
v 0.67119043 0.05632234 0.06877637
v 0.67790350 0.05464696 0.05839220
v 0.67939099 0.05309457 0.06520112
v 0.68045050 0.05383165 0.06729951
v 0.66861951 0.05759833 0.07046952
v 0.66288153 0.06017207 0.07229987
v 0.67275647 0.05741496 0.07050748
v 0.66603021 0.06127561 0.07315941
v 0.71228912 0.05192703 0.03612212
v 0.72064050 0.05401623 0.03160817
v 0.71865344 0.05278875 0.03494954
v 0.71376141 0.05096791 0.03990825
v 0.72613153 0.05726533 0.02925838
v 0.71944983 0.05360250 0.03667262
v 0.71330103 0.05137663 0.04377253
v 0.67229199 0.07161474 0.07273573
v 0.66556659 0.07574346 0.07524223
v 0.65909052 0.07391943 0.07775749
v 0.66006879 0.07094332 0.07728696
v 0.65659991 0.07988438 0.07873445
v 0.65213550 0.07492566 0.08039984
v 0.64744757 0.07081055 0.08178220
v 0.66117932 0.06749416 0.07628638
v 0.66894336 0.06606416 0.07324393
v 0.65687817 0.06547195 0.07715569
v 0.67170428 0.07797917 0.07305106
v 0.67022247 0.08094599 0.07357703
v 0.67819043 0.07638480 0.07084956
v 0.68214655 0.08252643 0.06937881
v 0.66817365 0.08378231 0.07409555
v 0.66104865 0.08492095 0.07679772
v 0.67156525 0.08606606 0.07272854
v 0.66247711 0.08944090 0.07598813
v 0.66513354 0.09099371 0.07464218
v 0.65995941 0.09412981 0.07680061
v 0.65665759 0.09468437 0.07852958
v 0.66725464 0.09359161 0.07345172
v 0.65870502 0.09712119 0.07713992
v 0.65174609 0.10031824 0.08122641
v 0.69040594 0.09444797 0.06516562
v 0.68306073 0.09935419 0.06680511
v 0.67748938 0.09686834 0.06910040
v 0.67876257 0.09360923 0.06930940
v 0.67636505 0.10332094 0.06804172
v 0.67132465 0.09852241 0.07091661
v 0.68021594 0.09015017 0.06928221
v 0.68656683 0.08819874 0.06720349
v 0.67519873 0.08841946 0.07123213
v 0.71798694 0.06449802 0.04999579
v 0.72215619 0.06040511 0.03980657
v 0.72618921 0.06212102 0.03474205
v 0.72588586 0.06449445 0.03807594
v 0.72963635 0.06186545 0.02814782
v 0.73247327 0.06554375 0.02776431
v 0.70769843 0.08954453 0.05895729
v 0.70398615 0.08257218 0.06080708
v 0.70959851 0.08010331 0.05817301
v 0.71369116 0.08229870 0.05607027
v 0.70084424 0.07460536 0.06236858
v 0.71114862 0.07562483 0.05719762
v 0.72105927 0.07634682 0.05228958
v 0.71648810 0.08326996 0.05461967
v 0.71514618 0.08589737 0.05529619
v 0.72059839 0.08096404 0.05284397
v 0.72079724 0.08374557 0.05223457
v 0.71745660 0.10633263 0.04838156
v 0.71359357 0.10288094 0.05247990
v 0.71654449 0.09880945 0.05229699
v 0.71928015 0.09923874 0.05050226
v 0.71040466 0.09957059 0.05587006
v 0.71568866 0.09546452 0.05409534
v 0.72184949 0.09264902 0.05166604
v 0.73333398 0.10575405 0.02382487
v 0.72676587 0.11247992 0.02404522
v 0.72450873 0.11407463 0.02921855
v 0.72673840 0.11110284 0.03160794
v 0.72014764 0.11950227 0.02418234
v 0.72001843 0.11791954 0.03195018
v 0.71941205 0.11561395 0.03932496
v 0.72875787 0.10836710 0.03356491
v 0.73311157 0.10474902 0.03059572
v 0.72598761 0.10923647 0.03814389
v 0.73211597 0.10353407 0.03700801
v 0.71140735 0.11790948 0.04553222
v 0.71309045 0.11442635 0.04682145
v 0.71812866 0.11160503 0.04439272
v 0.70277911 0.11879779 0.05144216
v 0.71068024 0.11235240 0.04987444
v 0.69691711 0.10702385 0.06079237
v 0.68972614 0.11565004 0.06031994
v 0.68602100 0.11490654 0.06144570
v 0.68696143 0.11105980 0.06214643
v 0.68038892 0.12191588 0.06134306
v 0.67953955 0.11675360 0.06266284
v 0.67868152 0.11256287 0.06393613
v 0.68422827 0.10799479 0.06389538
v 0.68655347 0.10496149 0.06447763
v 0.67732440 0.10849893 0.06575407
v 0.70809003 0.13078065 0.02488380
v 0.70033112 0.13435736 0.02535066
v 0.69672858 0.13448607 0.02896819
v 0.69930585 0.13321840 0.03088308
v 0.69282391 0.13592148 0.02557268
v 0.69151508 0.13489153 0.03052761
v 0.69014386 0.13361046 0.03561550
v 0.70200421 0.13126813 0.03335509
v 0.70768250 0.12884065 0.03170336
v 0.69819470 0.13102838 0.03749559
v 0.70674335 0.12617865 0.03882571
v 0.68709308 0.13803979 0.02512115
v 0.68565302 0.13901022 0.02483677
v 0.68505035 0.13896080 0.02703364
v 0.68538715 0.13843806 0.02835027
v 0.68436041 0.13995546 0.02443205
v 0.68412329 0.13942140 0.02747585
v 0.68381152 0.13897801 0.03078033
v 0.68543835 0.13779176 0.03036775
v 0.68645026 0.13722057 0.02983089
v 0.68457025 0.13783252 0.03263281
v 0.68487048 0.13640488 0.03530332
v 0.68018079 0.16757193 0.02423636
v 0.67573798 0.18230544 0.02484480
v 0.67326068 0.18636638 0.02733858
v 0.67661121 0.18100523 0.02839293
v 0.66705017 0.19251114 0.02476999
v 0.66603113 0.19398093 0.02792305
v 0.66695471 0.19211615 0.03220440
v 0.67905981 0.17328526 0.02995013
v 0.68043677 0.16337265 0.02879908
v 0.67755389 0.17604337 0.03372604
v 0.67968005 0.15914180 0.03498121
v -0.26597504 -0.43521921 0.06928343
v -0.27690292 -0.42589606 0.07615666
v -0.27008289 -0.41983475 0.06872495
v -0.26182025 -0.41931491 0.06643948
v -0.28722015 -0.41749463 0.08143529
v -0.27361877 -0.41286929 0.07011615
v -0.25739740 -0.40563492 0.06720125
v -0.23047279 -0.39682526 0.11606779
v -0.23657324 -0.39076123 0.11469798
v -0.23588477 -0.39128683 0.11796758
v -0.23119931 -0.39481079 0.12037489
v -0.24286079 -0.38280484 0.11356291
v -0.23649643 -0.38925751 0.12055164
v -0.22943794 -0.39359839 0.12626627
v -0.28027097 -0.39224075 0.13849835
v -0.26853949 -0.39481018 0.14557961
v -0.26238153 -0.39442984 0.14423448
v -0.26277719 -0.39305148 0.14058981
v -0.25920657 -0.39733899 0.15253027
v -0.25433020 -0.39570590 0.14783987
v -0.24810832 -0.39531726 0.14340190
v -0.16383803 -0.44202765 0.13686055
v -0.16254948 -0.43341864 0.14007428
v -0.16256226 -0.43033459 0.14542827
v -0.16334926 -0.43347980 0.14775900
v -0.16373026 -0.42540085 0.13966635
v -0.16405530 -0.42420081 0.14702632
v -0.16677779 -0.42428104 0.15432701
v -0.16408148 -0.43664780 0.14988550
v -0.16524644 -0.44144415 0.14837494
v -0.16634460 -0.43355682 0.15472682
v -0.16843033 -0.43911545 0.15434000
v -0.25838318 -0.42008905 0.17220700
v -0.27218970 -0.42397586 0.16170680
v -0.27011688 -0.42628375 0.16469122
v -0.25997952 -0.42471979 0.17263380
v -0.28707413 -0.42979770 0.14550383
v -0.27222516 -0.42989194 0.16314557
v -0.25737112 -0.42977884 0.17481622
v -0.27127167 -0.39692328 0.14745348
v -0.26642120 -0.39971219 0.15232376
v -0.27751672 -0.39873828 0.14514005
v -0.27428381 -0.40480994 0.15081311
v -0.23694655 -0.42859332 0.04910135
v -0.25046536 -0.43287686 0.05614565
v -0.24858803 -0.42886960 0.05541590
v -0.23975632 -0.42479254 0.05098021
v -0.25132185 -0.42698068 0.05833188
v -0.24042651 -0.42095703 0.05331379
v -0.28541245 -0.41009314 0.14396913
v -0.28679764 -0.41670871 0.14465958
v -0.28045215 -0.41581531 0.14954230
v -0.29435901 -0.41434085 0.13363467
v -0.29159506 -0.42160672 0.13655809
v -0.27215616 -0.41380200 0.15623721
v -0.26532672 -0.40699564 0.15941171
v -0.27074792 -0.41801483 0.15901416
v -0.25561497 -0.40900473 0.16858061
v -0.17032297 -0.42414005 0.12746567
v -0.16962267 -0.43360794 0.12793227
v -0.16704288 -0.43676498 0.12527290
v -0.16420714 -0.43368402 0.12429726
v -0.16862524 -0.43896582 0.12907944
v -0.16545210 -0.44143057 0.12556651
v -0.15940619 -0.44134653 0.12050352
v -0.16151132 -0.43048334 0.12302103
v -0.16364265 -0.42433701 0.12300571
v -0.15787395 -0.43349408 0.12003075
v -0.15805914 -0.42410599 0.11810409
v -0.17126686 -0.40820615 0.10268023
v -0.16081955 -0.41665543 0.10348757
v -0.16210130 -0.41832327 0.09874644
v -0.16737007 -0.41600897 0.09634737
v -0.15582816 -0.42530905 0.10324651
v -0.16019693 -0.42438419 0.09706141
v -0.16832497 -0.42372510 0.09135327
v -0.21094958 -0.44054214 0.05019947
v -0.20905484 -0.43374792 0.04745232
v -0.20190184 -0.43047150 0.05062187
v -0.19860812 -0.43332813 0.05290031
v -0.21073170 -0.42527939 0.04750934
v -0.20016389 -0.42437042 0.05273965
v -0.19225493 -0.42396234 0.05977970
v -0.19560539 -0.43636151 0.05493616
v -0.20320609 -0.44136380 0.05509712
v -0.19103920 -0.43312030 0.05946502
v -0.19587372 -0.44023340 0.06125705
v -0.20479210 -0.40813922 0.07584784
v -0.19714941 -0.41649756 0.07530045
v -0.19452597 -0.41805029 0.07060591
v -0.19664726 -0.41521600 0.06802629
v -0.19292281 -0.42540735 0.07496490
v -0.19119754 -0.42385635 0.06769864
v -0.20396939 -0.44200278 0.08806959
v -0.20264452 -0.44128378 0.07846109
v -0.19587971 -0.43625458 0.07799860
v -0.19762370 -0.43302838 0.07958998
v -0.20007988 -0.44079230 0.07386562
v -0.19267625 -0.43456735 0.07443939
v -0.19907320 -0.41756812 0.07813091
v -0.19805292 -0.42326425 0.07919844
v -0.20334270 -0.41498822 0.07946922
v -0.20050797 -0.42206778 0.08274650
v -0.21729788 -0.40937207 0.08415729
v -0.22019289 -0.40470465 0.08309836
v -0.22409651 -0.40336627 0.08483132
v -0.22342657 -0.40487762 0.08614803
v -0.22275023 -0.40019119 0.08125662
v -0.22673946 -0.40021442 0.08482585
v -0.22943193 -0.39961530 0.08802014
v -0.26908234 -0.39400006 0.07409648
v -0.25828934 -0.38815012 0.08242580
v -0.25125143 -0.39173138 0.08268443
v -0.25271399 -0.39432260 0.07829520
v -0.24494992 -0.38611279 0.09240934
v -0.24243600 -0.39124588 0.08650613
v -0.23709833 -0.39499750 0.08167358
v -0.22984099 -0.42450732 0.18585655
v -0.22969374 -0.43373322 0.18616988
v -0.22286627 -0.43635675 0.18634766
v -0.22008907 -0.43319089 0.18591331
v -0.22968919 -0.44046964 0.18448657
v -0.21950722 -0.44097745 0.18462576
v -0.21447655 -0.43848624 0.18353906
v -0.21705376 -0.42991812 0.18541475
v -0.21932660 -0.42384659 0.18505159
v -0.21223164 -0.43281870 0.18351831
v -0.21198105 -0.42348798 0.18195897
v -0.16965071 -0.44307626 0.15091550
v -0.17389081 -0.44306909 0.14432997
v -0.17327664 -0.44152643 0.15605142
v -0.18677591 -0.44227173 0.15399052
v -0.18249512 -0.44304990 0.12759171
v -0.18145851 -0.44305814 0.11393494
v -0.19704871 -0.44314655 0.12412202
v -0.16776323 -0.44131644 0.09596873
v -0.15969620 -0.44169138 0.10188417
v -0.15967285 -0.44330173 0.10690428
v -0.16155757 -0.44326663 0.10986195
v -0.15606708 -0.43918207 0.10751262
v -0.15700929 -0.44160037 0.11245509
v -0.20180186 -0.41213196 0.15778059
v -0.20645714 -0.41704599 0.15937787
v -0.19889740 -0.41991064 0.16111743
v -0.19260962 -0.41792438 0.16047786
v -0.21224019 -0.42136862 0.16038080
v -0.19906781 -0.42427594 0.16160403
v -0.18333380 -0.42547284 0.16212610
v -0.23444603 -0.39987863 0.15473718
v -0.22591219 -0.40357919 0.16013139
v -0.22704716 -0.40523065 0.15649481
v -0.23161296 -0.40438013 0.15239844
v -0.21738498 -0.40861215 0.16513914
v -0.22319394 -0.40883881 0.15767149
v -0.22804697 -0.40918771 0.15182442
v -0.21205209 -0.41336151 0.15670061
v -0.21680367 -0.41339536 0.15524153
v -0.21158527 -0.40910699 0.15445457
v -0.22036372 -0.40645892 0.15045589
v -0.22116284 -0.41267474 0.15376294
v -0.22079797 -0.41465546 0.15586940
v -0.22550674 -0.40846021 0.15044269
v -0.22745430 -0.39657474 0.09205770
v -0.22150056 -0.39947556 0.09138469
v -0.22040065 -0.40238623 0.08910126
v -0.22277454 -0.39440933 0.09700798
v -0.21662430 -0.39907837 0.09316203
v -0.20839432 -0.40500464 0.09011757
v -0.17190492 -0.40723450 0.10978336
v -0.16581693 -0.41224750 0.11312566
v -0.16264819 -0.41516025 0.11118274
v -0.17460767 -0.40751971 0.11583605
v -0.16501013 -0.41516879 0.11760045
v -0.15932368 -0.41806381 0.10871716
v -0.15568922 -0.42404434 0.11061961
v -0.22156770 -0.41329431 0.05133361
v -0.23097722 -0.41027188 0.05522045
v -0.22926706 -0.40641678 0.05824739
v -0.22333537 -0.40586749 0.05810813
v -0.24150571 -0.41019250 0.05938308
v -0.23465398 -0.40418423 0.06169320
v -0.22714594 -0.39958734 0.06622728
v -0.23717401 -0.39801886 0.06897023
v -0.23559528 -0.39666602 0.07285287
v -0.23163451 -0.39682309 0.07458379
v -0.24569421 -0.39745197 0.07077876
v -0.24164647 -0.39593854 0.07521399
v -0.22682733 -0.39320636 0.10884554
v -0.23544835 -0.38845761 0.11029788
v -0.23428644 -0.39121277 0.11249718
v -0.22985167 -0.39520590 0.11247775
v -0.21115662 -0.39903546 0.14372427
v -0.22412233 -0.39623038 0.13805876
v -0.22788100 -0.39756912 0.13946104
v -0.22525339 -0.39944327 0.14219843
v -0.23457449 -0.39327420 0.13294122
v -0.23624190 -0.39631625 0.13713818
v -0.23844940 -0.39997470 0.14102322
v -0.22356328 -0.40137711 0.14487122
v -0.21625005 -0.40256357 0.14765985
v -0.22879733 -0.40316101 0.14556125
v -0.24228589 -0.39945352 0.16508650
v -0.24808530 -0.40352481 0.16825873
v -0.24488142 -0.40637103 0.17272551
v -0.24011700 -0.40557120 0.17359735
v -0.24709956 -0.41027957 0.17493642
v -0.23970328 -0.41207217 0.17886208
v -0.22485829 -0.39842685 0.11418903
v -0.22008577 -0.39844589 0.11403983
v -0.22269020 -0.40020459 0.11734320
v -0.21197266 -0.40322369 0.12004060
v -0.21445000 -0.39825635 0.11351312
v -0.21534340 -0.39594556 0.11014783
v -0.20832210 -0.40112112 0.11584903
v -0.20297624 -0.39861618 0.11170421
v -0.25664813 -0.44194397 0.17246220
v -0.25837939 -0.43597488 0.17456721
v -0.26891965 -0.43408377 0.16622913
v -0.27290353 -0.43670050 0.16203299
v -0.28085257 -0.43779028 0.13375330
v -0.28127216 -0.43940723 0.14295340
v -0.28157730 -0.43816589 0.14989290
v -0.26784558 -0.44358249 0.13092194
v -0.27617035 -0.44273785 0.14459512
v -0.27618826 -0.44123102 0.15153159
v 0.27765851 -0.40818466 0.11939635
v 0.27679156 -0.40848376 0.10141801
v 0.27854013 -0.41329858 0.09342658
v 0.27931174 -0.41561960 0.09958879
v 0.27729486 -0.40724774 0.08590268
v 0.28005035 -0.41422995 0.08113963
v 0.28443314 -0.42224445 0.07847220
v 0.27978629 -0.41789923 0.10689263
v 0.27942883 -0.41530295 0.12011526
v 0.28282794 -0.42228470 0.10378656
v 0.28319781 -0.42178381 0.12417640
v 0.28436349 -0.38521896 0.07263876
v 0.29672015 -0.38246243 0.06938742
v 0.30084073 -0.38879877 0.06570378
v 0.29828616 -0.39223517 0.06475668
v 0.30712445 -0.38073981 0.06779153
v 0.30885553 -0.38842554 0.06294972
v 0.31127521 -0.39359174 0.05876316
v 0.29542117 -0.39647574 0.06311215
v 0.28750534 -0.39696149 0.06703159
v 0.30220996 -0.39887784 0.05857605
v 0.29043683 -0.40530307 0.06115044
v 0.32563663 -0.40953088 0.16464078
v 0.31160907 -0.41265295 0.15752269
v 0.31417865 -0.41521884 0.15937331
v 0.32444034 -0.41419363 0.16450356
v 0.29735910 -0.41644406 0.14836172
v 0.30977063 -0.41865570 0.15647258
v 0.32522897 -0.41964169 0.16463205
v 0.39216660 -0.42888855 0.10132695
v 0.39860089 -0.42245056 0.10273457
v 0.40115979 -0.41938025 0.10606057
v 0.40310892 -0.42211938 0.10766133
v 0.39888971 -0.41422699 0.10193438
v 0.40215460 -0.41419281 0.10720078
v 0.40798199 -0.41360791 0.11257195
v 0.40530157 -0.42508179 0.10902501
v 0.39503641 -0.42981793 0.10473283
v 0.40919012 -0.42210681 0.11287526
v 0.40379907 -0.42966199 0.11213062
v 0.32447931 -0.39830023 0.15952478
v 0.33441211 -0.39366003 0.15884303
v 0.33079156 -0.39124417 0.15565720
v 0.32481253 -0.39217032 0.15491277
v 0.34287836 -0.39107449 0.15694757
v 0.33423373 -0.38898065 0.15312370
v 0.32525949 -0.38771478 0.14964957
v 0.37509586 -0.41324722 0.16489494
v 0.37469098 -0.42223071 0.16611314
v 0.37687064 -0.42519177 0.16178998
v 0.37757812 -0.42209601 0.15911246
v 0.37239938 -0.42766656 0.16667561
v 0.37553949 -0.42987363 0.16106636
v 0.37326242 -0.43020178 0.15278627
v 0.37833643 -0.41899127 0.15623586
v 0.37766086 -0.41306619 0.15759283
v 0.37835379 -0.42199222 0.15164105
v 0.37787244 -0.41413162 0.15075067
v 0.27176895 -0.38910471 0.11869115
v 0.27135104 -0.39035782 0.10075400
v 0.27372818 -0.39812866 0.09688104
v 0.27445306 -0.40074985 0.10218917
v 0.27338040 -0.39143488 0.08631131
v 0.27547980 -0.40046442 0.08567087
v 0.27520145 -0.40337811 0.10834030
v 0.27542480 -0.40049252 0.11928176
v 0.32768060 -0.39806134 0.04843706
v 0.34106793 -0.39983588 0.04272979
v 0.33704727 -0.40305878 0.04145001
v 0.32830978 -0.40436072 0.04407192
v 0.35333417 -0.40340308 0.03724624
v 0.33907919 -0.40627173 0.03909909
v 0.32802356 -0.40914169 0.04180610
v 0.36298508 -0.39488541 0.07350830
v 0.35592725 -0.38972955 0.07762669
v 0.36111279 -0.38944174 0.07862500
v 0.36808170 -0.39177634 0.07709393
v 0.35082538 -0.38519772 0.08285954
v 0.36213852 -0.38749365 0.08166103
v 0.37388431 -0.39002658 0.08107691
v 0.39538611 -0.39816376 0.07860733
v 0.39628265 -0.39724823 0.08550765
v 0.40189291 -0.40194699 0.08776527
v 0.40421405 -0.40470929 0.08533279
v 0.39517133 -0.39759552 0.09193137
v 0.40322690 -0.40474719 0.09205167
v 0.40923456 -0.41323416 0.09092895
v 0.40657022 -0.40746432 0.08235325
v 0.40415271 -0.40612048 0.07756170
v 0.40995193 -0.41315433 0.08318607
v 0.40811203 -0.41435333 0.07605562
v 0.32702646 -0.37786157 0.07900297
v 0.33315887 -0.38268057 0.07286704
v 0.33115179 -0.38344235 0.06977579
v 0.32656781 -0.38284882 0.06965794
v 0.33930911 -0.38563907 0.06845235
v 0.33439371 -0.38584811 0.06545612
v 0.32839014 -0.38760449 0.06124557
v 0.32047565 -0.39068646 0.05875950
v 0.32374176 -0.39294949 0.05523251
v 0.31915823 -0.39583087 0.05372289
v 0.32936346 -0.39223950 0.05453117
v 0.34928799 -0.39026242 0.05550719
v 0.33820389 -0.38885733 0.05821436
v 0.33890137 -0.38729959 0.06191887
v 0.34341510 -0.38730746 0.06269165
v 0.34912534 -0.38426089 0.09616412
v 0.34945932 -0.38395282 0.08924813
v 0.34157034 -0.38198093 0.08628374
v 0.33823334 -0.38068005 0.08891721
v 0.33931519 -0.38206961 0.08155756
v 0.34838535 -0.38487659 0.12601730
v 0.33789920 -0.38188196 0.12559604
v 0.33978656 -0.38472797 0.12951210
v 0.34578711 -0.38766544 0.13095474
v 0.32714508 -0.37634406 0.12648708
v 0.33632477 -0.38477954 0.13114728
v 0.34408621 -0.39059402 0.13519153
v 0.31793408 -0.37764828 0.13520938
v 0.32290958 -0.38261386 0.13642592
v 0.32971442 -0.38275665 0.13365527
v 0.30753223 -0.38254810 0.14345428
v 0.32151266 -0.38431827 0.14085851
v 0.33258206 -0.38534225 0.13894875
v 0.31651578 -0.43251126 0.07793056
v 0.36005087 -0.43194705 0.09036366
v 0.37002914 -0.43181244 0.09578889
v 0.36388013 -0.43200632 0.09692887
v 0.36262775 -0.39783643 0.16199103
v 0.35551172 -0.39992776 0.16629492
v 0.35721829 -0.40438583 0.16898755
v 0.36191467 -0.40572855 0.16835768
v 0.34634546 -0.40210953 0.16822423
v 0.35184232 -0.40739734 0.17079320
v 0.35734796 -0.41428000 0.17217230
v 0.36678778 -0.40790637 0.16791107
v 0.36955341 -0.40488034 0.16444554
v 0.36807480 -0.41366095 0.16944637
v 0.34699866 -0.38840018 0.10525920
v 0.34754977 -0.38617670 0.10909499
v 0.35556699 -0.38754901 0.11116577
v 0.35829974 -0.38934338 0.10990610
v 0.35086920 -0.38462250 0.11419559
v 0.36093872 -0.38689099 0.11489553
v 0.37282364 -0.38953940 0.11591254
v 0.36007559 -0.39135150 0.10815375
v 0.35461368 -0.39163345 0.10457863
v 0.36862183 -0.39228424 0.11003928
v 0.36484808 -0.39452737 0.10429568
v 0.39486353 -0.39776215 0.12883740
v 0.39679272 -0.40559381 0.13455046
v 0.40152225 -0.40784042 0.13302992
v 0.40285953 -0.40491907 0.12922833
v 0.39503506 -0.41454379 0.13879581
v 0.40352197 -0.41357608 0.13373558
v 0.40879330 -0.41337137 0.12780555
v 0.35686633 -0.42958316 0.17056612
v 0.35719653 -0.42314816 0.17213570
v 0.34727829 -0.42133740 0.17066293
v 0.34186392 -0.42464813 0.16961874
v 0.34150424 -0.41696533 0.16938759
v 0.31085992 -0.40667484 0.15488043
v 0.30966882 -0.40326419 0.15306073
v 0.30258316 -0.40540765 0.14970610
v 0.31586322 -0.39716531 0.15445227
v 0.30883881 -0.39593335 0.15012552
v 0.28361185 -0.38662399 0.13597052
v 0.27698184 -0.38879913 0.12908218
v 0.27756830 -0.39707452 0.12620183
v 0.27995721 -0.39915759 0.12941165
v 0.37701297 -0.39357440 0.07712315
v 0.37870224 -0.39588495 0.07554910
v 0.38398792 -0.39326910 0.07975726
v 0.37984579 -0.39812451 0.07338779
v 0.37253381 -0.39888745 0.07123507
v 0.38757294 -0.40037109 0.07288081
v 0.38064212 -0.40293286 0.06892641
v 0.37094943 -0.39749051 0.05977127
v 0.36070453 -0.39236948 0.06287032
v 0.35779626 -0.39218747 0.06548634
v 0.35952664 -0.39413672 0.06555403
v 0.35276620 -0.38942670 0.06519980
v 0.35109647 -0.38997263 0.06782552
v 0.34804279 -0.39063251 0.07096201
v 0.36027747 -0.39640924 0.06645078
v 0.36628238 -0.39953458 0.06469615
v 0.35602338 -0.39607336 0.06933482
v 0.36323895 -0.40069846 0.06838924
v 0.36015253 -0.39430258 0.05060313
v 0.35771896 -0.39634747 0.04603929
v 0.35130765 -0.39612579 0.04591520
v 0.36972134 -0.39910443 0.04750184
v 0.36278122 -0.40015314 0.04222716
v 0.33261218 -0.42893918 0.03572626
v 0.33090894 -0.42351675 0.03632719
v 0.34209201 -0.42139026 0.03359945
v 0.34858295 -0.42332248 0.03189542
v 0.33097852 -0.41713904 0.03780789
v 0.34625687 -0.41635721 0.03380571
v 0.36103146 -0.41598911 0.03143044
v 0.29214624 -0.42024310 0.06193296
v 0.29532968 -0.42447647 0.05981678
v 0.29451602 -0.42730554 0.06429602
v 0.30326285 -0.41781335 0.04979808
v 0.30266370 -0.42565393 0.05205840
v 0.31080579 -0.43165457 0.05296439
v 0.39576505 -0.42898865 0.07019510
v 0.38723691 -0.42993784 0.06884053
v 0.38320511 -0.42488724 0.06555531
v 0.38651111 -0.42174438 0.06572369
v 0.37483264 -0.43064420 0.06444510
v 0.37951151 -0.42166260 0.06355690
v 0.37907471 -0.41204837 0.06339911
v 0.38981143 -0.41897284 0.06563385
v 0.39562973 -0.42089093 0.06740169
v 0.38761838 -0.41348346 0.06492867
v 0.39538034 -0.41284354 0.06721107
v 0.39045151 -0.39991763 0.09781496
v 0.39362448 -0.40441034 0.09953269
v 0.39782440 -0.40561404 0.09756942
v 0.38672281 -0.40229532 0.10359866
v 0.39380881 -0.40785434 0.10319353
v 0.40226337 -0.40777948 0.09583482
v 0.40442218 -0.41359964 0.09686469
v 0.30122641 -0.43002020 0.14793530
v 0.30080740 -0.43189645 0.13909831
v 0.30921722 -0.43262024 0.14814453
v 0.31312485 -0.43129553 0.15673337
v 0.30730609 -0.43226514 0.12692632
v 0.31841684 -0.43249158 0.14824522
v 0.32901495 -0.43125742 0.16370081
v 0.37034607 -0.42895312 0.14226579
v 0.36887869 -0.42998630 0.14572238
v 0.35013376 -0.43196286 0.14033838
v 0.34436304 -0.43210291 0.13626808
v 0.34152695 -0.43212567 0.14195187
v 0.36740665 -0.43006320 0.16882518
v 0.37103705 -0.43151144 0.16390858
v 0.36590897 -0.43159058 0.16332027
v 0.34920160 -0.43188846 0.15856499
v 0.35496820 -0.43176373 0.16458487
v 0.34448758 -0.43074591 0.16899005
v 0.33580835 -0.43218613 0.14910950
v 0.35544058 -0.40113873 0.14018951
v 0.34967535 -0.39631143 0.13779356
v 0.34848538 -0.39450616 0.13991180
v 0.35178430 -0.39581427 0.14234280
v 0.34548813 -0.39085382 0.13989337
v 0.34789276 -0.39011716 0.14554114
v 0.30351849 -0.36392255 0.07297723
v 0.31043234 -0.36589297 0.07453436
v 0.31546585 -0.37714011 0.07236351
v 0.30478159 -0.34075491 0.08030103
v 0.31378848 -0.36144043 0.07943866
v 0.29939838 -0.33914371 0.13642416
v 0.28857922 -0.36464804 0.13927596
v 0.29446594 -0.37081073 0.14072852
v 0.29946423 -0.36211768 0.14079852
v 0.29440698 -0.38433093 0.14074002
v 0.33208441 -0.37467441 0.10492727
v 0.32809207 -0.37397528 0.09118206
v 0.31892184 -0.36376248 0.08679385
v 0.31683072 -0.35701031 0.09100912
v -0.21976971 -0.00198239 0.00288283
v -0.21331416 0.00250672 0.01360019
v -0.22811864 0.01622850 0.02037798
v -0.23579196 0.01950205 0.01609988
v -0.21278700 0.00525571 0.02825616
v -0.23465292 0.02285722 0.02890630
v -0.24879118 0.03615199 0.02700701
v 0.05744527 -0.09935177 0.00447676
v 0.08610152 -0.10369595 -0.00229680
v 0.10098957 -0.10754024 0.00451757
v 0.05426955 -0.09370960 -0.01633998
v 0.10057068 -0.10301756 -0.01565606
v 0.13763867 -0.10967474 -0.01304224
v 0.11629716 -0.11159364 0.01128086
v 0.10192780 -0.11026044 0.02486043
v 0.14421570 -0.11400100 0.00443132
v 0.14527060 -0.11605050 0.02480621
v 0.28539157 -0.12541824 0.01588742
v 0.28289252 -0.12243903 0.00149069
v 0.29274298 -0.12120457 -0.00454686
v 0.29806131 -0.12266143 0.00083622
v 0.27814352 -0.12143975 -0.01517176
v 0.29395572 -0.12175498 -0.01443219
v 0.31003162 -0.12168230 -0.01559253
v 0.30142700 -0.12362987 0.00614752
v 0.29534976 -0.12532771 0.01739128
v 0.31105133 -0.12103078 -0.00112226
v 0.65706885 0.05641811 -0.01637212
v 0.65081891 0.06038719 -0.02124466
v 0.64892377 0.06312740 -0.02265905
v 0.65124347 0.06174773 -0.02000702
v 0.64364404 0.06502779 -0.02686576
v 0.64441870 0.06649593 -0.02571991
v 0.64431732 0.06651815 -0.01905347
v 0.65343732 0.06045808 -0.01730031
v 0.65816571 0.05705647 -0.01445390
v 0.65091943 0.06198393 -0.01413671
v 0.65775464 0.05732218 -0.00873779
v 0.70267645 0.03812774 0.01390133
v 0.70178125 0.03997639 0.01615003
v 0.70301465 0.03980413 0.01920292
v 0.70403137 0.03918715 0.01985047
v 0.70014124 0.04087903 0.01649284
v 0.70146265 0.04071865 0.01976412
v 0.70263965 0.04031166 0.02421847
v 0.68462830 0.03189091 0.01355002
v 0.68487842 0.03146473 0.01997321
v 0.67896454 0.03321079 0.02095601
v 0.67575732 0.03434590 0.01902341
v 0.68484564 0.03148191 0.02588137
v 0.67578925 0.03426050 0.02485358
v 0.67297107 0.03538246 0.01715338
v 0.67535297 0.03496639 0.01290528
v 0.66678503 0.03751553 0.01914953
v 0.66657489 0.03805075 0.01340404
v 0.70498102 0.03666691 0.02421156
v 0.70111737 0.03376652 0.02494712
v 0.69897632 0.03285056 0.02151585
v 0.70054163 0.03422104 0.01977061
v 0.69552966 0.03096106 0.02484199
v 0.69507526 0.03130275 0.01968987
v 0.69474646 0.03225829 0.01530988
v 0.70192511 0.03552348 0.01790149
v 0.70468640 0.03734769 0.01952482
v 0.69904291 0.03478738 0.01449705
v 0.65274164 0.04914352 -0.01041932
v 0.65634698 0.05276918 -0.01415065
v 0.66184601 0.05054508 -0.01191682
v 0.66381952 0.04786430 -0.00971840
v 0.66431427 0.05202258 -0.01245580
v 0.67310010 0.04751761 -0.00839346
v 0.66614825 0.04519753 -0.00745936
v 0.66206879 0.04435899 -0.00572457
v 0.67227844 0.04329577 -0.00548352
v 0.67074365 0.04003635 -0.00122886
v 0.61093311 0.06679951 -0.03279117
v 0.61588025 0.07197918 -0.04091931
v 0.62154584 0.07269303 -0.04017142
v 0.62115186 0.07025961 -0.03683673
v 0.62118750 0.07709747 -0.04698603
v 0.62534167 0.07511127 -0.04250307
v 0.63025531 0.07231581 -0.03756669
v 0.64711523 0.04560841 0.00661304
v 0.64814270 0.04414619 0.01619538
v 0.63922144 0.04528828 0.01868994
v 0.63369501 0.04626537 0.01563687
v 0.63694641 0.04516592 0.02488000
v 0.62023804 0.04550440 0.02486464
v 0.61310791 0.05735880 -0.00768927
v 0.60219391 0.05626364 -0.00912334
v 0.60459003 0.06008288 -0.01702448
v 0.61115918 0.06207966 -0.02040051
v 0.59074457 0.05548438 -0.01352899
v 0.60035516 0.06146618 -0.02263884
v 0.61086096 0.04161045 0.02485327
v 0.60870117 0.04209943 0.01980558
v 0.60998773 0.04443012 0.01704590
v 0.60349646 0.03784308 0.02713651
v 0.60348309 0.03968848 0.01853752
v 0.60043628 0.04472039 0.00926911
v 0.57744305 0.04340462 -0.00848796
v 0.58364056 0.03514325 0.00928715
v 0.57784613 0.03202617 0.01341063
v 0.57183673 0.03439201 0.00787086
v 0.58678485 0.02974046 0.02564992
v 0.57550214 0.02898934 0.02469335
v 0.56370007 0.02752160 0.02181616
v 0.56523969 0.03619583 0.00269126
v 0.56382428 0.04005554 -0.00767716
v 0.55818555 0.03258217 0.00593987
v 0.55384534 0.03632132 -0.00685164
v 0.55115790 0.04114637 -0.03231245
v 0.56676178 0.04735730 -0.03872943
v 0.56975507 0.04541145 -0.02978123
v 0.56488556 0.04274197 -0.02226651
v 0.57831470 0.05269350 -0.04121995
v 0.57743402 0.04808816 -0.02701986
v 0.56031635 0.04105104 -0.01665036
v 0.55207019 0.03838242 -0.01825924
v 0.53089594 0.02332526 -0.00785893
v 0.50747644 0.01700342 -0.00881248
v 0.49424167 0.01999428 -0.01965023
v 0.49953101 0.02340174 -0.02356324
v 0.48672278 0.01077163 -0.00729959
v 0.47889142 0.01648660 -0.02331616
v 0.47125513 0.02224313 -0.03864520
v 0.39980621 -0.00838483 -0.06373824
v 0.42740973 -0.00510355 -0.05367802
v 0.43679898 -0.00746571 -0.03984836
v 0.43348758 -0.01084227 -0.03611476
v 0.44216089 0.00335941 -0.04911347
v 0.44963733 -0.00335909 -0.03249608
v 0.45818610 -0.00848523 -0.01310182
v 0.42988022 -0.01422937 -0.03146475
v 0.40713632 -0.01708273 -0.04138122
v 0.43788004 -0.01544576 -0.01654891
v 0.41076285 -0.02512903 -0.02269262
v 0.35690460 -0.09301099 0.01605116
v 0.35327557 -0.09722549 0.00015845
v 0.36050061 -0.09032815 -0.00664368
v 0.34333163 -0.10782055 -0.00444314
v 0.34805270 -0.10714078 -0.03206818
v 0.38560260 -0.07094605 -0.01519768
v 0.38332007 -0.07038144 -0.03381715
v 0.39380246 -0.05516775 -0.03065860
v 0.39979303 -0.04911356 -0.01827263
v 0.38145786 -0.06529383 -0.05278934
v 0.39748444 -0.04427189 -0.03848833
v 0.36648840 -0.08745043 -0.04358887
v 0.36083420 -0.09357424 -0.05108389
v 0.36479590 -0.08579746 -0.06015286
v 0.35029407 -0.10728011 -0.05112527
v 0.34846338 -0.10667075 -0.06677605
v 0.72652130 0.05746155 0.02090287
v 0.72967175 0.06188280 0.02128668
v 0.73116010 0.06278329 0.02375327
v 0.73009216 0.06137891 0.02389530
v 0.73275861 0.06574428 0.02147754
v 0.73277313 0.06513905 0.02404634
v 0.73196265 0.06462866 0.02463670
v 0.72911334 0.06009111 0.02415875
v 0.72674957 0.05745102 0.02315899
v 0.72943542 0.06089941 0.02473530
v 0.72537238 0.05743845 0.02481442
v 0.67909949 0.05339206 -0.01228814
v 0.67961841 0.05315272 -0.01623949
v 0.68514886 0.05143881 -0.01444712
v 0.68765198 0.05059161 -0.01243477
v 0.68042603 0.05522509 -0.01814960
v 0.68779694 0.05203555 -0.01499916
v 0.69587384 0.05002116 -0.01091423
v 0.71336597 0.05121038 0.00567774
v 0.71364203 0.05096351 0.01031502
v 0.70772009 0.04983946 0.00511211
v 0.70489856 0.04931499 0.00076941
v 0.71269928 0.05235029 0.01469848
v 0.70414014 0.05063123 0.00602179
v 0.69514142 0.05011197 -0.00219323
v 0.63768896 0.07708946 -0.03603449
v 0.63944653 0.08025867 -0.03664064
v 0.64504865 0.07975212 -0.03386962
v 0.64624438 0.07789198 -0.03292429
v 0.64125153 0.08252682 -0.03690625
v 0.64775677 0.08133292 -0.03339353
v 0.65606299 0.07927833 -0.02908636
v 0.67260736 0.05758285 -0.02062735
v 0.67260754 0.06168298 -0.02152687
v 0.67727039 0.06235223 -0.02035891
v 0.66433411 0.06135091 -0.02359989
v 0.66884570 0.06598042 -0.02315025
v 0.67488959 0.07185684 -0.02188756
v 0.68223212 0.06276215 -0.01930954
v 0.68611621 0.05855247 -0.01768338
v 0.68444745 0.06692643 -0.01910895
v 0.69338092 0.06277299 -0.01606398
v 0.67943250 0.07828503 -0.02037034
v 0.68607617 0.07647076 -0.01813894
v 0.68742761 0.07306356 -0.01778433
v 0.68340039 0.08460342 -0.01870367
v 0.69178137 0.07920199 -0.01606945
v 0.70089246 0.07498029 -0.01264949
v 0.68900220 0.06980299 -0.01757099
v 0.69628571 0.06864847 -0.01474593
v 0.66532318 0.09393678 -0.02405214
v 0.65725769 0.09761938 -0.02772491
v 0.65869702 0.10157957 -0.02583906
v 0.66291290 0.10214884 -0.02330614
v 0.64963519 0.10072976 -0.03275598
v 0.65450189 0.10507484 -0.02829098
v 0.65991266 0.11137160 -0.02297422
v 0.66714948 0.10279865 -0.02104973
v 0.67102698 0.09830942 -0.02041784
v 0.66847906 0.10710239 -0.01911143
v 0.67685492 0.10350920 -0.01673269
v 0.71020636 0.05357005 -0.00191031
v 0.71303192 0.05663470 -0.00136468
v 0.71630505 0.05687282 0.00327548
v 0.70620996 0.05618647 -0.00781991
v 0.71071106 0.05936414 -0.00559003
v 0.71710498 0.06395234 -0.00131787
v 0.72003546 0.05691403 0.00936792
v 0.72033362 0.05417147 0.01365282
v 0.72292267 0.05995240 0.01120600
v 0.71898090 0.07053935 -0.00252582
v 0.72302466 0.06988454 0.00076768
v 0.72418799 0.06736243 0.00378430
v 0.72186407 0.07620256 -0.00270761
v 0.72545209 0.07235635 0.00149355
v 0.72873932 0.06957226 0.00634787
v 0.71138385 0.09870243 -0.00695440
v 0.70925549 0.09440644 -0.00851586
v 0.70372803 0.09572219 -0.01039268
v 0.70207959 0.09855458 -0.01049123
v 0.70690204 0.08981943 -0.00991814
v 0.69934821 0.09344580 -0.01223735
v 0.69305511 0.09711493 -0.01368406
v 0.70100000 0.10195342 -0.01036213
v 0.70550079 0.10410373 -0.00822851
v 0.69531396 0.10291228 -0.01195713
v 0.69882831 0.10907415 -0.00917681
v 0.72832343 0.10059573 0.00070946
v 0.72386475 0.10401971 0.00083176
v 0.72655103 0.10494733 0.00365790
v 0.73029034 0.10301884 0.00476995
v 0.71780042 0.10818097 0.00009209
v 0.72554529 0.10710626 0.00511191
v 0.73220599 0.10493029 0.01041857
v 0.71425372 0.10339857 -0.00391512
v 0.70977374 0.10582151 -0.00556761
v 0.70867169 0.10946600 -0.00461979
v 0.70734930 0.11359045 -0.00332218
v 0.71107605 0.11533865 -0.00028379
v 0.70165973 0.11542432 -0.00481119
v 0.70362457 0.12206161 -0.00024422
v 0.68197577 0.12516518 -0.00686175
v 0.68666974 0.12973236 -0.00133193
v 0.69205084 0.12784959 -0.00109984
v 0.69258136 0.12473058 -0.00308498
v 0.68880029 0.13363898 0.00359297
v 0.69647626 0.12875565 0.00161493
v 0.70087201 0.12895341 0.00465461
v 0.70660162 0.12588458 0.00549507
v 0.69886456 0.13176141 0.00731725
v 0.70696344 0.12933501 0.01186122
v 0.69114459 0.13637344 0.01630000
v 0.68878412 0.13773131 0.01664912
v 0.68853174 0.13799620 0.01919606
v 0.68910541 0.13746280 0.02078832
v 0.68716602 0.13909276 0.01631969
v 0.68749353 0.13856503 0.02059601
v 0.68983539 0.13691208 0.02240102
v 0.69266406 0.13615706 0.02077576
v 0.68907098 0.13694576 0.02548259
v 0.68318738 0.14276213 0.01982734
v 0.68243390 0.14240036 0.02253771
v 0.68282019 0.14141541 0.02352380
v 0.68359888 0.14121846 0.02274552
v 0.68169733 0.14198912 0.02484021
v 0.68284216 0.14075227 0.02511717
v 0.64152454 0.21368521 0.02585420
v 0.65529053 0.20493263 0.02529749
v 0.65777704 0.20297316 0.02339265
v 0.65371802 0.20601033 0.02133809
v 0.66624506 0.19347342 0.02211580
v 0.66411023 0.19434602 0.01693195
v -0.22885547 -0.40001547 -0.04316045
v -0.23673903 -0.39292926 -0.04546837
v -0.23733195 -0.39334354 -0.04312643
v -0.23339400 -0.39656409 -0.04117482
v -0.24494992 -0.38611276 -0.04742347
v -0.24243600 -0.39124588 -0.04172702
v -0.23709833 -0.39499750 -0.03702935
v -0.23611862 -0.39943015 -0.10904544
v -0.23846075 -0.39894669 -0.11512511
v -0.24540479 -0.39775879 -0.11266130
v -0.24660011 -0.39743011 -0.10848764
v -0.24228368 -0.39964972 -0.12110945
v -0.25117860 -0.39785803 -0.11331331
v -0.25794781 -0.39669528 -0.10678946
v -0.24689474 -0.39683621 -0.10467683
v -0.24227235 -0.39729684 -0.10308281
v -0.25374020 -0.39575583 -0.10222434
v -0.24907404 -0.39510275 -0.09776620
v -0.18221799 -0.40834137 -0.10809668
v -0.19291258 -0.41049554 -0.11210837
v -0.20122319 -0.40818906 -0.10996684
v -0.20160432 -0.40592148 -0.10729379
v -0.20313664 -0.41297540 -0.11404596
v -0.21054781 -0.40886185 -0.11012495
v -0.21969861 -0.40487119 -0.10491553
v -0.20367384 -0.40343253 -0.10473772
v -0.19566785 -0.40306461 -0.10360019
v -0.21394478 -0.40153152 -0.10213986
v -0.20760519 -0.39955444 -0.09890572
v -0.28658618 -0.42980490 -0.10018437
v -0.27281683 -0.41925653 -0.11381976
v -0.26790482 -0.41950729 -0.11909145
v -0.27218970 -0.42397586 -0.11774753
v -0.25737033 -0.40998895 -0.12366508
v -0.25824359 -0.41534540 -0.12621555
v -0.26044031 -0.41980869 -0.12651945
v -0.28558337 -0.41722461 -0.03474877
v -0.27125165 -0.41220480 -0.02550648
v -0.27199612 -0.40602356 -0.02629852
v -0.27988379 -0.40610284 -0.02819598
v -0.25796832 -0.40685422 -0.02280220
v -0.26456958 -0.40128183 -0.02538692
v -0.27057510 -0.39508926 -0.02902299
v -0.28717410 -0.40529388 -0.02986787
v -0.29286615 -0.40972455 -0.03579003
v -0.28581961 -0.39721536 -0.03058379
v -0.29992453 -0.39943948 -0.03666495
v -0.23208086 -0.44241220 -0.00853975
v -0.23694762 -0.43669330 -0.00559127
v -0.24708092 -0.43641345 -0.01060498
v -0.25096165 -0.43957935 -0.01469133
v -0.23601939 -0.42938467 -0.00466862
v -0.25046536 -0.43287686 -0.01232407
v -0.26597504 -0.43521921 -0.02549137
v -0.22156767 -0.41329422 -0.00717467
v -0.23120822 -0.41696179 -0.00704613
v -0.23240120 -0.42076260 -0.00556652
v -0.22801414 -0.42118771 -0.00459454
v -0.24042651 -0.42095700 -0.00929810
v -0.23975632 -0.42479248 -0.00703531
v -0.27942926 -0.43337189 -0.06233502
v -0.28196124 -0.42859967 -0.05171265
v -0.28790237 -0.42484909 -0.06438066
v -0.27690292 -0.42589603 -0.03223064
v -0.15533736 -0.42403455 -0.06123058
v -0.15479192 -0.43352307 -0.06109221
v -0.15489500 -0.43664731 -0.06643568
v -0.15514709 -0.43338736 -0.06863411
v -0.16355850 -0.44206448 -0.06221471
v -0.15721681 -0.44154315 -0.07010834
v -0.15824321 -0.43902570 -0.07446465
v -0.15549898 -0.43021890 -0.07109245
v -0.15617676 -0.42401428 -0.06902084
v -0.15788864 -0.43338940 -0.07592677
v -0.15989586 -0.42434747 -0.07609895
v -0.27163348 -0.44013144 -0.05720462
v -0.26696695 -0.44202832 -0.04716953
v -0.26189258 -0.44142053 -0.03040824
v -0.26731476 -0.44366202 -0.08790964
v -0.25729755 -0.44376611 -0.05627494
v -0.24722368 -0.44413641 -0.03476973
v -0.20811133 -0.40769632 -0.01661447
v -0.21388994 -0.40995236 -0.01087226
v -0.21156592 -0.41466699 -0.00774079
v -0.20698380 -0.41602069 -0.00900482
v -0.21539229 -0.41864151 -0.00472822
v -0.20867307 -0.42526199 -0.00405077
v -0.19544371 -0.44001410 -0.02750937
v -0.19257961 -0.43299585 -0.03065825
v -0.19080278 -0.42988214 -0.02597318
v -0.19050620 -0.43302451 -0.02305391
v -0.19427737 -0.42394043 -0.03217114
v -0.19139519 -0.42384256 -0.02500590
v -0.19152272 -0.42394159 -0.01708123
v -0.19027283 -0.43620514 -0.02033433
v -0.19453644 -0.44102078 -0.02068402
v -0.19116104 -0.43319199 -0.01541176
v -0.19545758 -0.44020905 -0.01373962
v -0.16753668 -0.42547736 -0.04711867
v -0.18555405 -0.42423822 -0.04210664
v -0.19032201 -0.42992139 -0.04150194
v -0.18429277 -0.43359299 -0.04331971
v -0.19934888 -0.42250760 -0.03888972
v -0.19899451 -0.43110910 -0.03914941
v -0.20344833 -0.44102353 -0.03855922
v -0.17839821 -0.43695551 -0.04540733
v -0.16791042 -0.43549194 -0.04852068
v -0.18975119 -0.44177222 -0.04397650
v -0.17868935 -0.44152829 -0.04780128
v -0.24498683 -0.39796075 -0.02521681
v -0.25642352 -0.39667947 -0.02721813
v -0.25762027 -0.39899631 -0.02516410
v -0.25115329 -0.40098648 -0.02341755
v -0.29454385 -0.41501337 -0.09016725
v -0.30075943 -0.40684952 -0.08385543
v -0.29551285 -0.40292657 -0.09006240
v -0.28963806 -0.40369571 -0.09382629
v -0.30612216 -0.39625351 -0.07863757
v -0.29510266 -0.39507437 -0.08788616
v -0.28027097 -0.39224075 -0.09375636
v -0.25581038 -0.44099350 -0.12983705
v -0.25745221 -0.43553793 -0.13130151
v -0.24833379 -0.43199887 -0.13620088
v -0.24290454 -0.43398294 -0.13845833
v -0.25938690 -0.42872092 -0.12965421
v -0.24471992 -0.42669904 -0.13707689
v -0.23210822 -0.42621808 -0.14150792
v -0.23787706 -0.43662631 -0.14026813
v -0.24395604 -0.44144049 -0.13457831
v -0.22934729 -0.43334146 -0.14255452
v -0.22907278 -0.44093961 -0.13938451
v -0.21320117 -0.44143112 -0.12623705
v -0.20696959 -0.43446408 -0.12769266
v -0.20837798 -0.43615851 -0.12331810
v -0.21493176 -0.44121664 -0.11889592
v -0.20720428 -0.42405664 -0.12729167
v -0.20937294 -0.43286740 -0.12117587
v -0.21216817 -0.44102972 -0.11310258
v -0.16804741 -0.42551459 -0.11194307
v -0.17461749 -0.42451175 -0.11555565
v -0.17556064 -0.41847223 -0.11330658
v -0.17239116 -0.41684741 -0.10996825
v -0.18389684 -0.42373807 -0.11769377
v -0.18129459 -0.41607401 -0.11382967
v -0.23925394 -0.39987192 -0.09664699
v -0.23086642 -0.40278281 -0.10028871
v -0.23027928 -0.40542313 -0.10270645
v -0.23372820 -0.40488666 -0.10223342
v -0.22461440 -0.40766147 -0.10609793
v -0.22721910 -0.40967963 -0.10768100
v -0.21886049 -0.40745776 -0.12003636
v -0.21515623 -0.41483267 -0.11811861
v -0.21150940 -0.41738074 -0.12114836
v -0.21204387 -0.41473895 -0.12380321
v -0.21092838 -0.42264594 -0.11679195
v -0.21007440 -0.42314639 -0.12116830
v -0.17955266 -0.40767691 -0.09460287
v -0.18440199 -0.40956766 -0.08721674
v -0.17918304 -0.41431094 -0.08616986
v -0.17394246 -0.41590878 -0.08912601
v -0.18819603 -0.41153903 -0.08025172
v -0.17805725 -0.41773151 -0.08217857
v -0.17036458 -0.42480673 -0.08480856
v -0.16646567 -0.42480240 -0.08020921
v -0.17238901 -0.42016345 -0.07974381
v -0.17291905 -0.41750430 -0.07775019
v -0.17281697 -0.41404807 -0.07590511
v -0.16529008 -0.41556097 -0.07323367
v -0.18181125 -0.40997726 -0.07587323
v -0.17446585 -0.40778323 -0.07140219
v -0.24162994 -0.40901089 -0.01554979
v -0.24258022 -0.40227542 -0.02038295
v -0.24712776 -0.40324622 -0.02084014
v -0.24972127 -0.40810626 -0.01944607
v -0.20068732 -0.39885065 -0.05492075
v -0.20055943 -0.39812421 -0.06123895
v -0.20961813 -0.39622113 -0.06224580
v -0.21325179 -0.39552524 -0.05961462
v -0.20244533 -0.39859509 -0.06705312
v -0.21490663 -0.39581802 -0.06534322
v -0.22615410 -0.39292966 -0.06321047
v -0.21689043 -0.39488052 -0.05699152
v -0.21299670 -0.39627496 -0.05353348
v -0.22498073 -0.39306934 -0.05693198
v -0.22361226 -0.39447934 -0.05155293
v -0.23544835 -0.38845767 -0.06540974
v -0.23818877 -0.38700290 -0.06035513
v -0.23560692 -0.38901395 -0.05669206
v -0.24364726 -0.38191470 -0.06813361
v -0.24500311 -0.38286182 -0.05677921
v -0.24612022 -0.39329300 -0.09121173
v -0.24286653 -0.39331906 -0.09027933
v -0.23722839 -0.39688818 -0.09304123
v -0.25435126 -0.38562857 -0.08562631
v -0.24279608 -0.39096762 -0.08769331
v -0.23214919 -0.39471185 -0.09016055
v -0.22046706 -0.40704105 -0.12644223
v -0.22730048 -0.40359567 -0.12506232
v -0.22938370 -0.40234995 -0.12099352
v -0.22288866 -0.40826599 -0.13194687
v -0.23178545 -0.40332486 -0.12757654
v -0.23130530 -0.40113699 -0.11707092
v -0.22751932 -0.40291013 -0.11476045
v -0.21197174 -0.40322772 -0.07535036
v -0.21041646 -0.40131955 -0.08095732
v -0.21741438 -0.39847424 -0.08102500
v -0.22244930 -0.39857718 -0.07806096
v -0.20724976 -0.39897040 -0.08696360
v -0.21985783 -0.39623746 -0.08368308
v -0.23136453 -0.39341940 -0.08047655
v -0.21199269 -0.43837131 -0.13804677
v -0.21031676 -0.44089160 -0.13440685
v -0.21543047 -0.44256802 -0.13726974
v -0.21798180 -0.44088123 -0.14061198
v -0.22162166 -0.44275763 -0.13206462
v -0.23479483 -0.44337781 -0.10145757
v -0.23139140 -0.44322260 -0.10978146
v -0.23711166 -0.44328976 -0.11106602
v -0.27543692 -0.44073264 -0.11034340
v -0.26777002 -0.44227371 -0.11876895
v -0.27003281 -0.44369608 -0.10941872
v -0.27617038 -0.44273785 -0.10088010
v -0.26350494 -0.44359042 -0.11272563
v -0.24793088 -0.44331088 -0.11775470
v -0.25304041 -0.44332803 -0.12122548
v -0.23630959 -0.44314594 -0.11947470
v 0.40801019 -0.41352582 -0.04262625
v 0.40923831 -0.42208167 -0.04167469
v 0.40531253 -0.42508371 -0.04552275
v 0.40311856 -0.42208893 -0.04689704
v 0.40858670 -0.42747510 -0.04030191
v 0.40372467 -0.42973706 -0.04534302
v 0.39278613 -0.43062405 -0.05050166
v 0.40116672 -0.41934973 -0.04853938
v 0.40216653 -0.41415549 -0.04799468
v 0.39860181 -0.42243460 -0.05186874
v 0.39890198 -0.41422989 -0.05327467
v 0.28528836 -0.42201215 -0.02500489
v 0.29214624 -0.42024313 -0.01133561
v 0.29059964 -0.41557016 -0.01114044
v 0.28624075 -0.41411469 -0.01681323
v 0.30289355 -0.41724515 0.00058916
v 0.29526828 -0.41135300 -0.00594656
v 0.28963141 -0.40477255 -0.01125714
v 0.30784897 -0.39535071 -0.09904405
v 0.30774561 -0.38926935 -0.09624768
v 0.31376855 -0.38857770 -0.09780244
v 0.31680273 -0.39078455 -0.10007402
v 0.30681290 -0.38176291 -0.09312121
v 0.31683157 -0.38625928 -0.09623222
v 0.32411191 -0.38793558 -0.09943195
v 0.34822086 -0.39054639 -0.09414290
v 0.34134451 -0.38767709 -0.09187096
v 0.34181012 -0.38848303 -0.08902300
v 0.34548813 -0.39085382 -0.08940696
v 0.33340295 -0.38544269 -0.08914603
v 0.33849597 -0.38735611 -0.08613313
v 0.34408621 -0.39059390 -0.08470655
v 0.40341019 -0.42969388 -0.07447576
v 0.40894241 -0.42218671 -0.07706941
v 0.41035919 -0.41917307 -0.07251891
v 0.41031235 -0.42214203 -0.06943317
v 0.40780142 -0.41454715 -0.07892323
v 0.40976376 -0.41331491 -0.07200176
v 0.40920935 -0.41331110 -0.06430727
v 0.41021280 -0.42515778 -0.06653761
v 0.40864099 -0.42975931 -0.06674663
v 0.40933011 -0.42219675 -0.06204263
v 0.40715771 -0.42752655 -0.06080389
v 0.34173190 -0.38789514 -0.09613248
v 0.33817065 -0.38732816 -0.09695437
v 0.34658212 -0.38957712 -0.09919530
v 0.34362955 -0.39032550 -0.10544913
v 0.37250275 -0.38956570 -0.06532745
v 0.37346619 -0.38904181 -0.07175002
v 0.36523520 -0.38736703 -0.07342815
v 0.36115533 -0.38660748 -0.07087090
v 0.37415356 -0.38999530 -0.07696660
v 0.36208493 -0.38757941 -0.07699872
v 0.35032010 -0.38548431 -0.07607715
v 0.35713934 -0.38581421 -0.06819114
v 0.36043179 -0.38700482 -0.06426081
v 0.34915567 -0.38427835 -0.06976917
v 0.34882858 -0.38453101 -0.06293816
v 0.28688895 -0.39597330 -0.01729755
v 0.28171204 -0.39607532 -0.02256004
v 0.28061566 -0.39930688 -0.02343154
v 0.28486365 -0.38358130 -0.02206595
v 0.27801932 -0.38841284 -0.02691147
v 0.27230090 -0.39020953 -0.03782281
v 0.33046628 -0.40953738 0.00973908
v 0.32830978 -0.40436075 0.00647733
v 0.31917719 -0.40807111 0.00442979
v 0.31660962 -0.41265753 0.00555827
v 0.32901868 -0.39796570 0.00229128
v 0.31575412 -0.40646085 0.00185345
v 0.34890891 -0.38458777 -0.03303412
v 0.34729523 -0.38736716 -0.02641248
v 0.35238901 -0.39009427 -0.02520002
v 0.35592725 -0.38972949 -0.02714661
v 0.34723633 -0.39025238 -0.02104795
v 0.35413068 -0.39298264 -0.02210008
v 0.36211710 -0.39555792 -0.02227673
v 0.28039377 -0.35609991 -0.06803441
v 0.29021399 -0.37929443 -0.06599843
v 0.29102487 -0.38280496 -0.05896550
v 0.28813641 -0.37614850 -0.05543288
v 0.27314505 -0.39159216 -0.07096725
v 0.27135321 -0.39036099 -0.05685618
v 0.28522894 -0.36951788 -0.05100799
v 0.27995041 -0.35910138 -0.05355867
v 0.28726361 -0.37258359 -0.04294500
v 0.27909854 -0.34618985 -0.04219329
v 0.32839014 -0.38760449 -0.01077794
v 0.33439371 -0.38584805 -0.01499933
v 0.33115176 -0.38344235 -0.01933456
v 0.32656775 -0.38284879 -0.01922073
v 0.33930911 -0.38563907 -0.01799688
v 0.33315887 -0.38268057 -0.02243101
v 0.32613297 -0.37647418 -0.02897476
v 0.32018567 -0.38269000 -0.01850907
v 0.31762387 -0.38528983 -0.01411458
v 0.31546588 -0.37714011 -0.02196770
v 0.30592630 -0.38237064 -0.01672519
v 0.32936346 -0.39223944 -0.00403714
v 0.32374176 -0.39294949 -0.00473468
v 0.32006470 -0.39677048 -0.00241528
v 0.32047580 -0.39068640 -0.00827393
v 0.31240521 -0.39541101 -0.00670318
v 0.33890137 -0.38729959 -0.01145307
v 0.34341510 -0.38730746 -0.01222586
v 0.33820389 -0.38885733 -0.00773930
v 0.34821561 -0.39027344 -0.00481231
v 0.34995331 -0.38379333 -0.03998296
v 0.34362204 -0.38127271 -0.04475079
v 0.34014566 -0.38011539 -0.04289769
v 0.35118259 -0.38440900 -0.04506287
v 0.34176923 -0.38096353 -0.04946015
v 0.33232816 -0.37459958 -0.05499936
v 0.33574063 -0.37924612 -0.03886315
v 0.33785233 -0.38138120 -0.03189085
v 0.32955298 -0.37356790 -0.04249035
v 0.32844275 -0.38607162 -0.09467758
v 0.32184903 -0.38537497 -0.09375040
v 0.32151266 -0.38431827 -0.09041148
v 0.40257187 -0.42976514 -0.05771794
v 0.40477823 -0.43126505 -0.06309550
v 0.39445679 -0.43139099 -0.06491148
v 0.31023615 -0.43185785 -0.02761689
v 0.30904596 -0.43193323 -0.05152249
v 0.33384326 -0.43236127 -0.05022672
v 0.34821857 -0.43210324 -0.03861224
v 0.30980963 -0.43260715 -0.07745521
v 0.34967813 -0.43206326 -0.06160854
v 0.36973581 -0.42910236 -0.09094210
v 0.37716458 -0.43007306 -0.08793262
v 0.35568042 -0.43195963 -0.08469951
v 0.34436304 -0.43210291 -0.08564219
v 0.38949252 -0.42905756 -0.08480725
v 0.35532675 -0.43205124 -0.08156745
v 0.36212442 -0.43200671 -0.07505901
v 0.36881647 -0.43190103 -0.07950462
v 0.39478186 -0.42995422 -0.08058305
v 0.36862488 -0.43181287 -0.06816456
v 0.37322879 -0.41355396 -0.11623877
v 0.36529120 -0.41419397 -0.12001779
v 0.36113562 -0.40991537 -0.11993755
v 0.36222226 -0.40737350 -0.11818909
v 0.35476898 -0.41592209 -0.12145430
v 0.35294238 -0.40953076 -0.12063583
v 0.34735306 -0.40318982 -0.11850011
v 0.36313461 -0.40404910 -0.11622662
v 0.36962088 -0.40527914 -0.11369164
v 0.35697934 -0.39984552 -0.11521254
v 0.36423773 -0.39872900 -0.11089903
v 0.36481354 -0.39453561 -0.05348496
v 0.36804636 -0.39230371 -0.05931895
v 0.36182346 -0.38942633 -0.06064301
v 0.35634872 -0.38973077 -0.05847084
v 0.35184485 -0.38984189 -0.05677602
v 0.35453995 -0.39166583 -0.05351939
v 0.34661554 -0.38674265 -0.05766058
v 0.34697278 -0.38840491 -0.05322720
v 0.40235831 -0.41357855 -0.08393392
v 0.40152225 -0.40784042 -0.08246817
v 0.40400888 -0.40630875 -0.07850228
v 0.39399228 -0.41400375 -0.08840849
v 0.39679279 -0.40559384 -0.08399664
v 0.39552325 -0.39826511 -0.07851450
v 0.32769373 -0.43007709 -0.11455315
v 0.32643985 -0.42489810 -0.11558836
v 0.33684879 -0.42150308 -0.11867282
v 0.34276123 -0.42337610 -0.12030638
v 0.32470953 -0.41827679 -0.11384337
v 0.34099133 -0.41641321 -0.11891965
v 0.31586322 -0.39716531 -0.10393344
v 0.30966882 -0.40326419 -0.10251569
v 0.30258316 -0.40540765 -0.09915290
v 0.32447937 -0.39830023 -0.10900076
v 0.31085989 -0.40667477 -0.10432269
v 0.29735910 -0.41644403 -0.09777467
v 0.28556909 -0.40572479 -0.08999979
v 0.28024509 -0.40748633 -0.08013406
v 0.27807248 -0.40262128 -0.07804133
v 0.27898978 -0.39954694 -0.08098499
v 0.27692850 -0.40727264 -0.06755126
v 0.27518033 -0.40057663 -0.06967612
v 0.37183356 -0.38972440 -0.02988988
v 0.36680588 -0.39225128 -0.02574981
v 0.37190173 -0.39550058 -0.02319750
v 0.37760675 -0.39568799 -0.02388037
v 0.37200970 -0.39906671 -0.02029130
v 0.38146640 -0.40207306 -0.01909758
v 0.37979404 -0.40668860 -0.01578983
v 0.38557620 -0.40937048 -0.01507697
v 0.38894061 -0.40746152 -0.01702348
v 0.37802737 -0.41114444 -0.01332536
v 0.38608325 -0.41347836 -0.01402157
v 0.39575269 -0.41450171 -0.01610354
v 0.33955832 -0.39349680 -0.00053043
v 0.34413425 -0.39634314 0.00422422
v 0.35130765 -0.39612585 0.00459859
v 0.34106796 -0.39983575 0.00780102
v 0.35220969 -0.40229816 0.01207543
v 0.38222345 -0.41338364 0.00928373
v 0.38466330 -0.41326553 0.00185450
v 0.38161237 -0.40770966 -0.00069576
v 0.37871228 -0.40504156 0.00101139
v 0.38423932 -0.41338782 -0.00550442
v 0.37898474 -0.40534973 -0.00624754
v 0.37251559 -0.39889871 -0.00750670
v 0.37575394 -0.40240503 0.00212823
v 0.37572406 -0.40517563 0.00738737
v 0.37105002 -0.39773941 -0.00250707
v 0.36797797 -0.39817215 0.00350559
v 0.33166049 -0.41907373 0.01314718
v 0.34718903 -0.42450757 0.01714233
v 0.35289716 -0.42126715 0.01819293
v 0.34672778 -0.41689697 0.01659414
v 0.36060941 -0.43022427 0.01705683
v 0.36353485 -0.42314639 0.01947844
v 0.36364322 -0.41438013 0.01888440
v 0.29451602 -0.42730554 -0.01368037
v 0.29532968 -0.42447647 -0.00920799
v 0.30986026 -0.43136700 -0.00294377
v 0.30266370 -0.42565390 -0.00144669
v 0.32916595 -0.42909869 0.01324628
v 0.32042038 -0.43105566 0.00783807
v 0.33380316 -0.43209100 0.01172435
v 0.34352182 -0.43072791 0.01656805
v 0.33773474 -0.43207571 0.00778274
v 0.34227023 -0.43224606 -0.01994527
v 0.32835962 -0.43241797 -0.01316175
v 0.30845886 -0.43186356 -0.01383141
v 0.37534186 -0.43069116 -0.01358173
v 0.33914267 -0.43215732 -0.00719258
v 0.38436899 -0.42741232 -0.00145275
v 0.38348819 -0.42977066 0.00333558
v 0.38159949 -0.43140796 -0.00196012
v 0.38173093 -0.42984439 -0.00677143
v 0.38014963 -0.42898819 0.01033167
v 0.37889056 -0.43149472 0.00040511
v 0.36630997 -0.43169852 0.00340257
v 0.37485306 -0.43155261 0.00605682
v 0.37346002 -0.43004434 0.01413760
v 0.34841574 -0.43196277 0.00126117
v 0.38674228 -0.40228781 -0.05321786
v 0.39059436 -0.39997305 -0.05910269
v 0.38555054 -0.39598230 -0.06126418
v 0.37965088 -0.39573480 -0.05937759
v 0.39540500 -0.39770288 -0.06508474
v 0.38453360 -0.39311700 -0.06536525
v 0.37393289 -0.39564816 -0.05746194
v 0.37593729 -0.39812076 -0.05341312
v 0.35626489 -0.40177359 -0.08938706
v 0.36096982 -0.40006247 -0.09413726
v 0.35676706 -0.39633771 -0.09437655
v 0.35178436 -0.39581430 -0.09183054
v 0.36615973 -0.39766937 -0.09947090
v 0.35657617 -0.39347583 -0.09713765
v 0.35838937 -0.39877509 -0.08668776
v 0.36568103 -0.40030521 -0.08721433
v 0.36773517 -0.40308731 -0.08849627
v 0.36259262 -0.39491498 -0.08399788
v 0.37221738 -0.39900842 -0.08593315
v 0.38008682 -0.40312289 -0.08769275
v 0.36931161 -0.40616846 -0.08970083
v 0.36495761 -0.40655844 -0.09105137
v 0.37673514 -0.40775452 -0.08995295
v 0.37279642 -0.41275479 -0.09246315
v 0.28824597 -0.34686642 -0.08200194
v 0.28865027 -0.34151791 -0.08773565
v 0.29031186 -0.35751044 -0.09101561
v 0.28800073 -0.36523718 -0.09119273
v 0.30039969 -0.33728696 -0.08608070
v 0.29946692 -0.36224588 -0.09072179
v 0.32078641 -0.33412299 -0.05613035
v 0.31553043 -0.33579358 -0.04389758
v 0.31504111 -0.35072824 -0.03819880
v 0.32056064 -0.35605673 -0.04305413
v 0.30591336 -0.33958527 -0.03125084
v 0.31282242 -0.35810815 -0.02972981
v 0.32932642 -0.37411890 -0.06663575
v 0.32216302 -0.36321988 -0.07051125
v 0.32037845 -0.35613586 -0.06734624
v 0.32704843 -0.37722644 -0.07681066
v 0.31671756 -0.35754135 -0.07694266
v 0.31450293 -0.33869897 -0.07504822
v 0.31959213 -0.34946881 -0.06351454
v 0.32315332 -0.35528589 -0.05560870
v 0.31834702 -0.33493945 -0.06653058
v 0.29476016 -0.38336234 -0.01907389
v 0.29692374 -0.36943686 -0.02204016
v 0.29218793 -0.36343460 -0.02388036
v 0.30351849 -0.36392264 -0.02270114
v 0.37565982 -0.41288409 -0.09677930
v 0.37359760 -0.40725238 -0.09739290
v 0.36969833 -0.40509073 -0.09569865
v 0.37815088 -0.41296204 -0.10188853
v 0.37337607 -0.40456863 -0.10040160
v 0.34967532 -0.39631143 -0.08727888
v 0.35284579 -0.39646185 -0.08606466
v 0.35215158 -0.39322092 -0.08429881
v 0.28263559 -0.42197806 -0.07069991
v 0.28826840 -0.42007291 -0.08641998
v 0.29136017 -0.42433795 -0.08915539
v 0.29116394 -0.42717426 -0.08544328
v 0.29768851 -0.42446771 -0.09689413
v 0.30122644 -0.43002020 -0.09731366
v 0.31699298 -0.42768942 -0.11045831
v 0.31169879 -0.42539075 -0.10670717
v 0.31312479 -0.43129550 -0.10610909
v 0.39529935 -0.39786581 -0.04131768
v 0.39066525 -0.40044165 -0.04740697
v 0.38179773 -0.39833429 -0.04941944
v 0.37986496 -0.39600208 -0.04756724
v 0.37774051 -0.39357581 -0.04571492
v 0.38432254 -0.39314798 -0.04165051
v 0.36843845 -0.39230273 -0.04777932
v 0.37253122 -0.38956912 -0.04207066
v 0.35888733 -0.43192291 -0.02964429
v 0.37977286 -0.43154465 -0.03104299
v 0.40868826 -0.42988751 -0.03583978
v 0.40482126 -0.43138312 -0.04087659
v 0.40699405 -0.42907367 -0.02859551
v 0.40232468 -0.43140070 -0.03828171
v 0.39493494 -0.42970908 -0.02199271
v 0.39473282 -0.43145062 -0.03279632
v 0.39994711 -0.43148111 -0.03265367
v 0.40137616 -0.43008179 -0.02469307
v 0.38887585 -0.43149014 -0.02822261
v 0.38755383 -0.43009311 -0.01916082
v 0.31625665 -0.42506693 0.00826623
v 0.31197537 -0.42752905 0.00510416
v 0.37488724 -0.41378702 0.01488067
v 0.37311893 -0.40813632 0.01209446
v 0.36785446 -0.40600150 0.01250992
v 0.36311810 -0.40467282 0.01321867
v 0.35790329 -0.40760526 0.01606191
v 0.36122876 -0.40023499 0.00908279
v 0.36239310 -0.40076248 -0.01732955
v 0.36756018 -0.39943704 -0.01312817
v 0.37376117 -0.40375919 -0.01072190
v 0.37429437 -0.40669247 -0.01150734
v 0.36117209 -0.39873209 -0.01982080
v 0.36668286 -0.40269147 -0.01784946
v 0.36989877 -0.40313205 -0.01761102
v 0.37028830 -0.40610712 -0.01523641
v 0.37362482 -0.40310446 -0.01762686
v 0.40386188 -0.41344287 -0.02127335
v 0.40174011 -0.40768845 -0.02276542
v 0.39687952 -0.40550797 -0.02154392
v 0.40911273 -0.41313870 -0.02729043
v 0.40297800 -0.40472653 -0.02698942
v 0.39471228 -0.39766315 -0.02832154
v 0.28332620 -0.41410248 -0.08276640
v 0.28672705 -0.41552087 -0.08733475
v 0.29074182 -0.41146405 -0.09348342
v 0.37364661 -0.42204504 -0.09231933
v 0.37930643 -0.41923218 -0.09086723
v 0.38327896 -0.42243735 -0.09025985
v 0.38278018 -0.41385190 -0.09053836
v 0.37343500 -0.42971176 -0.10063366
v 0.37837976 -0.42194733 -0.10097752
v 0.37671130 -0.41884161 -0.09740900
v 0.37510617 -0.42191360 -0.09617592
v 0.37349390 -0.42506674 -0.09484192
v 0.36816299 -0.42997568 -0.09439588
v 0.35994580 -0.39137576 -0.04981934
v 0.35817883 -0.38934726 -0.04827374
v 0.35560043 -0.38746960 -0.04738722
v 0.36094791 -0.38679935 -0.04373354
v 0.34772223 -0.38605496 -0.04980766
v 0.34551251 -0.39606592 -0.11268385
v 0.35201132 -0.39614661 -0.11268045
v 0.35467099 -0.39410245 -0.10918619
v 0.32357932 -0.41319263 -0.11367036
v 0.33209436 -0.40997787 -0.11648460
v 0.33722101 -0.41056122 -0.11768806
v 0.32324844 -0.40915823 -0.11289905
v 0.33391278 -0.40619998 -0.11647316
v 0.34387521 -0.41162134 -0.11937065
v 0.33854874 -0.38117801 -0.06884515
v 0.33616861 -0.37948227 -0.06461480
v 0.33973907 -0.38061371 -0.05986974
v 0.28344577 -0.38653738 -0.08585902
v 0.27679758 -0.38890353 -0.07881800
v 0.27132950 -0.37688528 -0.07652878
v 0.29180011 -0.37482288 -0.07290658
v 0.28999246 -0.36768573 -0.07608759
v 0.27752887 -0.36766464 -0.08708690
v 0.28376572 -0.34908212 -0.07622081
v 0.38531613 -0.42205740 -0.00349088
v 0.38548074 -0.41906647 0.00127832
v 0.38476920 -0.42208557 0.00413325
v 0.38405441 -0.42514502 0.00678506
v 0.38189182 -0.42224469 0.01133510
v 0.31588959 -0.38812833 -0.01121851
v 0.30935608 -0.38972964 -0.01132484
v 0.27486459 -0.37569299 -0.02636622
v 0.29164713 -0.37468442 -0.03555684
v 0.27846188 -0.36718274 -0.02337366
v 0.28909183 -0.34704492 -0.03036030
v 0.28754520 -0.36854514 -0.03727172
v 0.28388147 -0.34927667 -0.03516788
v 0.36016409 -0.38709146 -0.03155890
v 0.36111279 -0.38944183 -0.02814658
v 0.34209726 -0.40596979 0.01212355
v 0.33704727 -0.40305878 0.00909422
v 0.27663678 -0.40843771 -0.05182285
v 0.27518359 -0.40330814 -0.04639900
v 0.27444659 -0.40069461 -0.05327003
v 0.27784503 -0.40920877 -0.03539119
v 0.27584839 -0.40176187 -0.03512860
v 0.27373886 -0.39814224 -0.05928559
v 0.37808466 -0.42507953 -0.10569427
v 0.37770947 -0.42200040 -0.10810849
v 0.37584457 -0.42984506 -0.10906763
v 0.37467450 -0.42751410 -0.11362877
v 0.37726239 -0.41900623 -0.11068912
v 0.37707697 -0.41308673 -0.10932417
v 0.37486008 -0.42213428 -0.11535889
v 0.31951419 -0.39305389 -0.10312521
v 0.32481253 -0.39217035 -0.10441905
v 0.40614081 -0.41943835 -0.05841563
v 0.40359872 -0.42250110 -0.05656734
v 0.40443237 -0.41364212 -0.05836467
v 0.40077710 -0.42540869 -0.05495184
v 0.30977063 -0.41865570 -0.10587991
v 0.31417865 -0.41521884 -0.10878935
v 0.31160910 -0.41265298 -0.10694583
v 0.30163782 -0.39994763 -0.00773276
v 0.30278226 -0.39408438 -0.01063678
v 0.29769778 -0.39368668 -0.01284187
v 0.29292578 -0.39256403 -0.01575215
v 0.28314645 -0.42228494 -0.04546265
v 0.27977466 -0.41788434 -0.04313614
v 0.27869244 -0.41548883 -0.05126123
v 0.28035855 -0.41537225 -0.03062256
v 0.27793463 -0.41318372 -0.05823518
v 0.27896747 -0.41412839 -0.07000489
v -0.28127216 -0.43940723 -0.09920750
v -0.28179486 -0.43694891 -0.10598291
v -0.28085257 -0.43779028 -0.08999055
v -0.27004553 -0.43623846 -0.11943376
v -0.27634656 -0.43425653 -0.11402148
v -0.27407556 -0.42993451 -0.11718962
v -0.20736163 -0.40111707 -0.07119885
v -0.21669702 -0.39997784 -0.07069935
v -0.21835690 -0.39802893 -0.06874036
v -0.22275941 -0.40018835 -0.07262148
v -0.23020403 -0.39679724 -0.07018559
v -0.22086696 -0.39630496 -0.06717173
v -0.22885182 -0.39468185 -0.06722147
v -0.23897446 -0.41317224 -0.13554846
v -0.24011700 -0.40557117 -0.12926620
v -0.23464081 -0.40551248 -0.13050070
v -0.23012331 -0.40947504 -0.13431483
v -0.23181029 -0.39988116 -0.09691939
v -0.22715958 -0.39952707 -0.09755414
v -0.22156300 -0.39913184 -0.09825953
v -0.22044862 -0.39701660 -0.09481104
v -0.24213951 -0.38929785 -0.08269593
v -0.24274066 -0.38721039 -0.07860040
v -0.23817792 -0.38858286 -0.07542847
v -0.24820296 -0.38287814 -0.07769164
v -0.24164647 -0.39593860 -0.03060155
v -0.23559528 -0.39666602 -0.02826447
v -0.23163451 -0.39682309 -0.03000045
v -0.23600491 -0.39826843 -0.02380919
v -0.22720068 -0.39973682 -0.02163206
v -0.23371452 -0.40349536 -0.01758739
v -0.22926707 -0.40641675 -0.01393728
v -0.22333537 -0.40586746 -0.01378439
v -0.23097722 -0.41027188 -0.01099944
v -0.17224745 -0.40765799 -0.05848598
v -0.17183710 -0.40720331 -0.06521243
v -0.18131894 -0.40355878 -0.06622295
v -0.18594951 -0.40211804 -0.06329145
v -0.18801900 -0.40258890 -0.06936841
v -0.19054543 -0.40070529 -0.06041879
v -0.18629225 -0.40270303 -0.05666947
v -0.22186652 -0.40553131 -0.04138194
v -0.21978659 -0.40519992 -0.04301193
v -0.22040062 -0.40238623 -0.04468567
v -0.21492162 -0.41102292 -0.03990038
v -0.21340877 -0.40748166 -0.04290454
v -0.21043721 -0.40407593 -0.04581255
v -0.21115955 -0.39869064 -0.05061817
v -0.20478865 -0.40153973 -0.04967779
v -0.21662430 -0.39907831 -0.04864989
v -0.22319394 -0.40883875 -0.11341867
v -0.22704716 -0.40523065 -0.11215503
v -0.23161296 -0.40438010 -0.10803665
v -0.16625137 -0.43350354 -0.11074150
v -0.17069379 -0.43667822 -0.11318817
v -0.17333809 -0.43357834 -0.11471082
v -0.16647574 -0.44047211 -0.10710484
v -0.17280731 -0.44146204 -0.11076259
v -0.18265297 -0.44034274 -0.11448700
v -0.17609395 -0.43060495 -0.11634932
v -0.18287474 -0.43206259 -0.11755768
v -0.20986583 -0.44375262 -0.04037353
v -0.20718759 -0.44396945 -0.04224083
v -0.22633792 -0.44380209 -0.03422706
v -0.16410158 -0.43903586 -0.09439167
v -0.16743504 -0.44139221 -0.09043875
v -0.16673103 -0.44299185 -0.09615687
v -0.16416252 -0.44141177 -0.10051997
v -0.17452628 -0.44213651 -0.08472908
v -0.16963513 -0.44299066 -0.09821278
v -0.22017018 -0.44328934 -0.09481450
v -0.21694707 -0.44343085 -0.08559441
v -0.19895984 -0.44299783 -0.09924938
v -0.17931871 -0.44299249 -0.10186426
v -0.18933499 -0.44295602 -0.10463313
v -0.19679118 -0.44122318 -0.11281259
v -0.17336867 -0.44302316 -0.10326126
v -0.29301044 -0.41761005 -0.06182069
v -0.29546378 -0.41274197 -0.05145433
v -0.29911786 -0.40986469 -0.06158055
v -0.30215735 -0.40681918 -0.06952304
v -0.30508820 -0.40007446 -0.05949612
v -0.25125143 -0.39173138 -0.03792349
v -0.25271399 -0.39432257 -0.03362770
v -0.25828934 -0.38815012 -0.03752521
v -0.22547301 -0.39990869 -0.03971832
v -0.21901584 -0.40212781 -0.03791475
v -0.21785193 -0.40382236 -0.03820446
v -0.22193826 -0.39991614 -0.03516001
v -0.21409198 -0.40310937 -0.03418325
v -0.20543544 -0.40795175 -0.03203334
v -0.20711143 -0.41678799 -0.03885460
v -0.20427156 -0.41889462 -0.03665284
v -0.19936870 -0.42360294 -0.03589139
v -0.20484842 -0.41672894 -0.03582936
v -0.20531267 -0.40747760 -0.02451382
v -0.19971487 -0.41230991 -0.02117959
v -0.19664726 -0.41521600 -0.02390348
v -0.19909048 -0.41515543 -0.01575756
v -0.19579921 -0.43037509 -0.01079613
v -0.19920110 -0.43361786 -0.00854789
v -0.19864735 -0.42434686 -0.00978891
v -0.20233313 -0.43675320 -0.00657360
v -0.20291150 -0.44131937 -0.00803074
v -0.20948367 -0.43416736 -0.00350220
v -0.21238948 -0.43956625 -0.00428915
v -0.17885796 -0.40985623 -0.05124520
v -0.17362772 -0.41459396 -0.04954217
v -0.16737009 -0.41600897 -0.05223870
v -0.18904271 -0.41219904 -0.04480072
v -0.17747662 -0.41795392 -0.04541660
v -0.16221906 -0.43653455 -0.07895754
v -0.16442033 -0.43337189 -0.07986976
v -0.16364149 -0.44139771 -0.07847598
v -0.16652365 -0.43039990 -0.08108088
v -0.16956396 -0.43359131 -0.08386499
v -0.28021820 -0.41871979 -0.10717592
v -0.27651440 -0.41356543 -0.10903275
v -0.28996765 -0.42211807 -0.09424901
v -0.27479834 -0.40962091 -0.10909113
v -0.26454996 -0.40612869 -0.11553705
v -0.28240408 -0.40835153 -0.10185807
v -0.27109900 -0.40274429 -0.10775014
v -0.25132185 -0.42698068 -0.01442376
v -0.24858803 -0.42886954 -0.01153746
v -0.27751672 -0.39873831 -0.10061745
v -0.27127167 -0.39692328 -0.10287346
v -0.26542529 -0.39884763 -0.10736427
v -0.26853949 -0.39481027 -0.10092899
v -0.27011688 -0.42628381 -0.12077167
v -0.26075836 -0.42370071 -0.12805566
v -0.16381178 -0.43035062 -0.10658922
v -0.16319150 -0.43345181 -0.10352736
v -0.16465851 -0.42421481 -0.10543970
v -0.16343100 -0.42418799 -0.09775595
v -0.16266725 -0.43660297 -0.10064912
v -0.16239803 -0.43347318 -0.09605510
v -0.26238153 -0.39442984 -0.09957067
v -0.26277719 -0.39305148 -0.09587726
v -0.23588477 -0.39128674 -0.07319000
v -0.23186707 -0.39530042 -0.07473074
v -0.23657324 -0.39076123 -0.06990043
v -0.25308188 -0.42059509 -0.01816473
v -0.25459673 -0.41633060 -0.01987708
v -0.26182025 -0.41931494 -0.02239092
v 0.67962469 0.16342632 0.01439841
v 0.67483032 0.17857877 0.01602903
v 0.67410602 0.18295163 0.01977944
v 0.67655133 0.17852637 0.02016166
v 0.67818652 0.17510605 0.02132857
v 0.68041437 0.16449316 0.01949286
v 0.68623724 0.14006850 0.01801095
v 0.68589819 0.13991371 0.02011305
v 0.68614807 0.13950365 0.02073318
v 0.68534052 0.14072650 0.01921770
v 0.68501337 0.14037074 0.02159082
v 0.68643164 0.13904530 0.02202830
v 0.69864893 0.13420309 0.01435342
v 0.69765314 0.13503654 0.01832472
v 0.70083844 0.13407291 0.01942706
v 0.70358331 0.13317384 0.02105978
v 0.70866077 0.13008336 0.01812583
v 0.67826721 0.11009229 -0.01343210
v 0.68533319 0.10995170 -0.01175710
v 0.68745947 0.10674261 -0.01283720
v 0.68196423 0.11553279 -0.00955780
v 0.69023163 0.11300081 -0.00909968
v 0.68184589 0.12000438 -0.00817109
v 0.68983765 0.12172089 -0.00494753
v 0.69284814 0.11929523 -0.00484589
v 0.71929529 0.11850513 0.00930733
v 0.71932458 0.11337476 0.00436225
v 0.71446802 0.11648076 0.00263487
v 0.71288684 0.12010806 0.00420187
v 0.72567432 0.11173659 0.00981982
v 0.72470673 0.11424472 0.01425456
v 0.72675610 0.11220886 0.01702776
v 0.72053424 0.11916631 0.01646507
v 0.72901410 0.10999108 0.01937421
v 0.73320160 0.10553788 0.01711597
v 0.72265308 0.09416518 -0.00275917
v 0.72020636 0.10048560 -0.00169489
v 0.72290973 0.10090641 -0.00078864
v 0.72538434 0.09745758 -0.00128330
v 0.72092505 0.08430838 -0.00332476
v 0.72051862 0.08031382 -0.00386384
v 0.71463977 0.07884807 -0.00631653
v 0.71152216 0.08050933 -0.00787204
v 0.71261731 0.07560730 -0.00701233
v 0.70974664 0.08342399 -0.00880649
v 0.71395148 0.08655496 -0.00688861
v 0.70368579 0.08287278 -0.01147464
v 0.72682733 0.06632541 0.00947523
v 0.72602814 0.06459534 0.01137500
v 0.73050110 0.06732392 0.01323051
v 0.67407220 0.08958353 -0.02123786
v 0.67513586 0.09348184 -0.01992683
v 0.67945905 0.09403102 -0.01823880
v 0.68365204 0.09493189 -0.01681647
v 0.68833105 0.09134916 -0.01612806
v 0.68502557 0.09994563 -0.01536398
v 0.64655811 0.09276046 -0.03541676
v 0.65565875 0.09326132 -0.02965855
v 0.65814063 0.09176643 -0.02831192
v 0.65536542 0.09046566 -0.02988696
v 0.66481659 0.09065901 -0.02484138
v 0.66416449 0.08771322 -0.02530227
v 0.67310217 0.08579124 -0.02211217
v 0.67382623 0.08156580 -0.02208556
v 0.66915326 0.08078348 -0.02366758
v 0.66501727 0.08021487 -0.02525116
v 0.66027850 0.08408483 -0.02716221
v 0.66536047 0.07543420 -0.02520045
v 0.65545703 0.06611777 -0.02790166
v 0.65551343 0.07005663 -0.02857772
v 0.66034753 0.06994445 -0.02645893
v 0.64806232 0.07028218 -0.03144172
v 0.65123029 0.07395515 -0.03077820
v 0.66501031 0.07038475 -0.02486967
v 0.72279620 0.05521838 0.02063244
v 0.72064374 0.05400122 0.01813276
v 0.71990326 0.05504911 0.02018338
v 0.67421277 0.05531913 -0.01862421
v 0.67126642 0.05635111 -0.01880143
v 0.66827765 0.05738363 -0.01908128
v 0.66279553 0.06011915 -0.02212590
v 0.67070703 0.05693217 -0.01377824
v 0.66171881 0.06099905 -0.01590656
v 0.62793726 0.08327668 -0.04439484
v 0.63258984 0.08022504 -0.03998605
v 0.63225708 0.07921279 -0.03858017
v 0.63035889 0.08019724 -0.03927176
v 0.63507867 0.07699802 -0.03559313
v 0.63369507 0.07745930 -0.02837101
v 0.62851660 0.08099222 -0.03940318
v 0.62635065 0.08231742 -0.04149415
v 0.62870660 0.08027607 -0.03209796
v 0.62581873 0.08184014 -0.03286871
v 0.37352805 -0.05910432 -0.07199867
v 0.38265475 -0.04303395 -0.07074582
v 0.39161691 -0.03841634 -0.05922549
v 0.36425418 -0.05244704 -0.09123814
v 0.38229736 -0.03104976 -0.07941356
v 0.39271649 -0.05807336 0.00885499
v 0.40159058 -0.05089304 0.00284835
v 0.37909827 -0.07295030 0.00027144
v 0.46717731 -0.01124543 0.00658116
v 0.47384637 -0.00441996 0.00071292
v 0.47998904 -0.00283250 0.00669212
v 0.47245129 0.00173660 -0.01074428
v 0.48609796 -0.00208175 0.01269418
v 0.49395334 0.00345667 0.00979579
v 0.52006000 0.01410917 0.00232512
v 0.51406360 0.00932440 0.00728358
v 0.53618463 0.01744032 0.00862550
v 0.50870184 0.00452252 0.01285810
v 0.59337598 0.06698389 -0.04307133
v 0.60220404 0.06684392 -0.03684093
v 0.59725885 0.06313311 -0.02906252
v 0.59130646 0.06089673 -0.02886943
v 0.59470148 0.05032914 -0.00162884
v 0.58898730 0.04826876 -0.00337321
v 0.58452533 0.04967397 -0.01134608
v 0.58910962 0.04394241 0.00132095
v 0.60104193 0.05253573 -0.00243984
v 0.60628265 0.05154809 0.00099224
v 0.60976764 0.05122639 0.00331378
v 0.60910760 0.04840491 0.00841860
v 0.61433362 0.05390797 0.00057809
v 0.61722363 0.05085970 0.00658450
v 0.62739606 0.05629521 -0.00548598
v 0.62365692 0.06009518 -0.01701586
v 0.62709625 0.05934960 -0.01908870
v 0.63128113 0.05686044 -0.01433739
v 0.62184308 0.06343638 -0.02777989
v 0.62782977 0.06114520 -0.02576291
v 0.63453650 0.05837048 -0.02225159
v 0.62230585 0.05384219 0.00118551
v 0.62980585 0.05132716 0.00307290
v 0.63021948 0.04899783 0.00722789
v 0.63667719 0.05100443 0.00070248
v 0.63785065 0.05399251 -0.01213441
v 0.63994611 0.05233452 -0.00724528
v 0.64232849 0.05388881 -0.01618497
v 0.65045532 0.04696402 -0.00222082
v 0.65761560 0.04437329 -0.00228138
v 0.65990387 0.04254749 0.00169782
v 0.66245447 0.04079116 0.00563641
v 0.65847858 0.04134364 0.01007893
v 0.66908929 0.03852470 0.00603155
v 0.68819250 0.03479277 0.00501521
v 0.69056696 0.03820469 0.00274606
v 0.69541437 0.03750989 0.00655798
v 0.69609772 0.03579311 0.00921730
v 0.69064673 0.04163138 0.00112426
v 0.69721460 0.03943018 0.00697397
v 0.69053906 0.03067996 0.01913067
v 0.69175464 0.03087135 0.01758504
v 0.69019769 0.03135926 0.01410239
v 0.67839893 0.03546596 0.00579354
v 0.68183197 0.03481455 0.00506824
v 0.68639264 0.03286435 0.00852756
v 0.67988220 0.03712264 0.00120186
v 0.69592554 0.04104889 0.00665993
v 0.69732526 0.04101616 0.00966905
v 0.69109833 0.04280938 0.00326068
v 0.69040210 0.04369867 0.00755672
v 0.69859888 0.04100785 0.01267437
v 0.69704572 0.04193083 0.01323629
v 0.63697058 0.06892888 -0.03236380
v 0.63587231 0.07123688 -0.03341767
v 0.63811853 0.07024198 -0.03090172
v 0.63211414 0.07364173 -0.03610396
v 0.63307983 0.07323901 -0.02979188
v 0.64023914 0.06932339 -0.02850043
v 0.63812189 0.07034749 -0.02425225
v 0.27450656 -0.12392817 0.00767801
v 0.26875589 -0.12164259 0.00127230
v 0.27302139 -0.12580800 0.01911801
v 0.16879486 -0.11281198 -0.00263157
v 0.18135936 -0.11311893 0.00398441
v 0.17395766 -0.10965222 -0.01617091
v 0.21223033 -0.10679027 -0.01779200
v 0.19484785 -0.11423483 0.01049505
v 0.18406290 -0.11656215 0.02438330
v 0.21617249 -0.11332742 0.00633359
v 0.21742336 -0.11602867 0.02743408
v -0.13361258 -0.03561197 -0.02799770
v -0.13000366 -0.03485226 0.00451466
v -0.16018515 -0.02357381 0.01013022
v -0.17475946 -0.01827080 0.00348411
v -0.17439110 -0.01445935 0.02726391
v 0.32047937 -0.33417856 0.10548011
v 0.31863284 -0.33512183 0.11598117
v 0.31807925 -0.35024667 0.11985511
v 0.32171948 -0.35616284 0.11583082
v 0.31442435 -0.33579520 0.12556392
v 0.31692056 -0.35756339 0.12707378
v 0.32511914 -0.36237964 0.11230502
v 0.32256598 -0.35552853 0.10482471
v 0.33004727 -0.37392566 0.11589730
v 0.29692377 -0.36943689 0.07237073
v 0.29218790 -0.36343460 0.07415154
v 0.37223352 -0.41152200 0.14252542
v 0.36320535 -0.40591159 0.14131116
v 0.36476382 -0.40411591 0.14411795
v 0.36969833 -0.40509073 0.14625064
v 0.36096982 -0.40006247 0.14466904
v 0.36772238 -0.39875623 0.15047275
v 0.36142917 -0.39561987 0.13513821
v 0.35215158 -0.39322095 0.13479799
v 0.35284586 -0.39646185 0.13658006
v 0.35754361 -0.39958688 0.13754657
v 0.29116394 -0.42717426 0.13605861
v 0.29365643 -0.42932571 0.13280721
v 0.29095840 -0.42766385 0.12281498
v 0.31699298 -0.42768942 0.16107484
v 0.31169879 -0.42539075 0.15731827
v 0.32642899 -0.42636877 0.16617087
v 0.37224490 -0.38958521 0.09270023
v 0.36792471 -0.39230771 0.09859371
v 0.37380252 -0.39567297 0.10006804
v 0.37946649 -0.39575375 0.09805267
v 0.37592630 -0.39813928 0.10391327
v 0.38533313 -0.39595877 0.09605025
v 0.38423209 -0.39309537 0.09216465
v 0.38173093 -0.42984439 0.05739271
v 0.38309439 -0.42518018 0.05799422
v 0.38178406 -0.42207211 0.05972347
v 0.38367700 -0.42787268 0.05341004
v 0.38522092 -0.42356909 0.05410011
v 0.38518677 -0.41377145 0.05453462
v 0.32042038 -0.43105566 0.04278571
v 0.31197537 -0.42752905 0.04551200
v 0.31625662 -0.42506693 0.04234404
v 0.36149017 -0.42926126 0.03288799
v 0.36405759 -0.42278073 0.03080012
v 0.37142426 -0.41961362 0.03281131
v 0.37455951 -0.42236353 0.03438283
v 0.37215030 -0.41430627 0.03404958
v 0.38040173 -0.41368451 0.03908890
v 0.37734897 -0.42528625 0.03585329
v 0.36897488 -0.43003058 0.03629039
v 0.38207663 -0.42217606 0.03943432
v 0.37827029 -0.42971368 0.04168549
v 0.35203549 -0.38928128 0.06148989
v 0.35854391 -0.39162741 0.06039445
v 0.36120749 -0.39309741 0.05732636
v 0.36401770 -0.39449399 0.05393105
v 0.37095038 -0.39778110 0.05346839
v 0.37925555 -0.40488095 0.05691580
v 0.37966510 -0.40724265 0.05924620
v 0.38146411 -0.41269968 0.05964551
v 0.37553156 -0.40481799 0.06138008
v 0.38894061 -0.40746152 0.06758396
v 0.39183273 -0.40423291 0.07087914
v 0.39687952 -0.40550797 0.07209742
v 0.28723654 -0.40527493 0.14169083
v 0.28120505 -0.40718817 0.13198074
v 0.28082822 -0.41239050 0.12925145
v 0.28332620 -0.41410248 0.13334735
v 0.29224469 -0.39326337 0.14134369
v 0.29656064 -0.39453668 0.14394382
v 0.28577405 -0.39762378 0.13859773
v 0.30089633 -0.39491885 0.14623041
v 0.30792645 -0.39058405 0.14739072
v 0.29813297 -0.40047476 0.14688910
v 0.37374948 -0.42050372 0.14282671
v 0.37390900 -0.41888440 0.14506055
v 0.37513300 -0.42199780 0.14662230
v 0.37496329 -0.41289450 0.14662320
v 0.37634354 -0.42510800 0.14825899
v 0.34682083 -0.38661469 0.10122437
v 0.35200925 -0.38973755 0.10170104
v 0.35652029 -0.38960657 0.10005336
v 0.36185611 -0.38934619 0.09775614
v 0.36052206 -0.38687891 0.09445049
v 0.35297916 -0.39349490 0.15924750
v 0.35201138 -0.39614658 0.16319440
v 0.34551257 -0.39606586 0.16319739
v 0.34337607 -0.40862958 0.16982414
v 0.34025296 -0.41151038 0.16922043
v 0.33672025 -0.40586829 0.16771587
v 0.33558118 -0.41394937 0.16810536
v 0.33483862 -0.38485257 0.13335226
v 0.33849597 -0.38735611 0.13659927
v 0.33982895 -0.38042096 0.09951249
v 0.34180527 -0.38306851 0.10216685
v 0.33979813 -0.38288651 0.10489170
v 0.34630099 -0.38738101 0.06704053
v 0.34627927 -0.38818948 0.06880482
v 0.34218222 -0.38715012 0.07054532
v 0.37317776 -0.38906827 0.08634323
v 0.38116257 -0.39134384 0.08806380
v 0.38510229 -0.39267261 0.08579709
v 0.38904218 -0.39399359 0.08347688
v 0.28039758 -0.35609402 0.09267248
v 0.29019705 -0.37922223 0.09268784
v 0.29102573 -0.38280515 0.09937195
v 0.28815601 -0.37620407 0.10352686
v 0.28524789 -0.36957324 0.10853493
v 0.27995700 -0.35911450 0.10681329
v 0.28728021 -0.37265442 0.11632949
v 0.27892981 -0.34761520 0.11860478
v 0.35413068 -0.39298264 0.07259801
v 0.35238901 -0.39009427 0.07568221
v 0.34729529 -0.38736716 0.07687866
v 0.31376941 -0.40748505 0.04884911
v 0.31917719 -0.40807111 0.04613275
v 0.31660962 -0.41265753 0.04501861
v 0.28204276 -0.40734351 0.07254510
v 0.27936761 -0.40243225 0.07624677
v 0.28061569 -0.39930688 0.07396012
v 0.34953180 -0.38404645 0.11948431
v 0.35706241 -0.38589011 0.12294702
v 0.36124994 -0.38653354 0.12107043
v 0.36003796 -0.38720865 0.12722625
v 0.37210620 -0.38968835 0.12822144
v 0.36540491 -0.38721631 0.11931855
v 0.37347256 -0.38901367 0.12219199
v 0.33854254 -0.38850873 0.15044800
v 0.33654559 -0.38793259 0.14739084
v 0.34548047 -0.38974661 0.15166115
v 0.41046045 -0.41915692 0.11799498
v 0.41024500 -0.42216373 0.12046739
v 0.40982660 -0.41329974 0.12015628
v 0.41004306 -0.42519644 0.12273479
v 0.40864688 -0.42979102 0.12160052
v 0.40888651 -0.42223441 0.12785593
v 0.40685434 -0.42755615 0.12803928
v 0.37798816 -0.39564987 0.13352536
v 0.38420804 -0.39598282 0.13223956
v 0.38400140 -0.39321713 0.12871976
v 0.38139349 -0.40212354 0.13753920
v 0.38885382 -0.39986826 0.13400287
v 0.32360593 -0.40452426 0.16227968
v 0.31428348 -0.40818900 0.15789040
v 0.29660889 -0.41162943 0.05568855
v 0.29059964 -0.41557010 0.06172525
v 0.28624075 -0.41411469 0.06739423
v 0.31694388 -0.41854987 0.04272906
v 0.31892557 -0.41518698 0.04293706
v 0.32810419 -0.41313336 0.04001524
v 0.35621915 -0.39577707 0.07095203
v 0.36144800 -0.39799295 0.07078993
v -0.20675998 -0.39894135 0.13188382
v -0.20945728 -0.40130829 0.12573904
v -0.21804581 -0.40012021 0.12170557
v -0.22044225 -0.39822446 0.12279818
v -0.20230518 -0.40451053 0.11845364
v -0.19580989 -0.40479657 0.11797583
v -0.20019145 -0.40701923 0.12236770
v -0.18926102 -0.41054456 0.12362046
v -0.18823936 -0.40528995 0.11747987
v -0.18854427 -0.40249588 0.11381241
v -0.18199158 -0.40946677 0.12010102
v -0.22453819 -0.40730817 0.17630429
v -0.23159741 -0.40956000 0.17882182
v -0.23006308 -0.41423187 0.18185277
v -0.22553574 -0.41556390 0.18233430
v -0.23499377 -0.41745361 0.18239206
v -0.24369624 -0.39006839 0.13150682
v -0.24286656 -0.39331906 0.13498227
v -0.25495123 -0.38466840 0.13002870
v -0.24612022 -0.39329294 0.13591562
v -0.24500311 -0.38286185 0.10191023
v -0.23818880 -0.38700296 0.10530326
v -0.23560692 -0.38901395 0.10155782
v -0.22520039 -0.39304840 0.10270113
v -0.21777374 -0.39479633 0.10588133
v -0.21328209 -0.39562320 0.10424268
v -0.20876018 -0.39640445 0.10259925
v -0.21096013 -0.39665747 0.09837288
v -0.20055914 -0.39815808 0.10580573
v -0.19831982 -0.39919409 0.10071557
v -0.24990381 -0.40019882 0.06841560
v -0.24215776 -0.40007938 0.06740555
v -0.24140843 -0.40183493 0.06586104
v -0.17751692 -0.41425891 0.12251918
v -0.17147313 -0.41583554 0.12180519
v -0.17935278 -0.41625662 0.12598508
v -0.18505121 -0.41009283 0.13042566
v -0.17918306 -0.41431094 0.13030939
v -0.17860413 -0.40818622 0.13880492
v -0.17394246 -0.41590872 0.13323643
v -0.16864523 -0.41674576 0.14018076
v -0.16934746 -0.41834543 0.13566910
v -0.16724652 -0.42437000 0.13394778
v -0.21965088 -0.41311029 0.15863295
v -0.21515619 -0.41483276 0.16224838
v -0.23027928 -0.40542310 0.14704134
v -0.23372821 -0.40488666 0.14658203
v -0.18311310 -0.40779135 0.15186697
v -0.19194418 -0.40988583 0.15583501
v -0.18795862 -0.41459180 0.15850089
v -0.18129459 -0.41607401 0.15793719
v -0.21255186 -0.44017453 0.15853960
v -0.20988905 -0.43109149 0.16080730
v -0.21053578 -0.42943433 0.16341501
v -0.20937294 -0.43286740 0.16499757
v -0.21007440 -0.42314648 0.16514259
v -0.20749323 -0.42466727 0.17007359
v -0.20837798 -0.43615845 0.16709909
v -0.21493176 -0.44121664 0.16262439
v -0.20691037 -0.43287207 0.17153763
v -0.21179659 -0.44137686 0.17148984
v -0.24263429 -0.41883292 0.18003751
v -0.24544212 -0.42179953 0.17959897
v -0.24819724 -0.41614093 0.17694489
v -0.24966354 -0.42425949 0.17837871
v -0.24422845 -0.42728427 0.18115039
v -0.28963806 -0.40369571 0.13820616
v -0.28407358 -0.40371432 0.14252673
v -0.19626390 -0.40956897 0.08947403
v -0.19964215 -0.41311887 0.08654384
v -0.20544687 -0.41307782 0.08585899
v -0.18681642 -0.41340594 0.08933949
v -0.19339139 -0.41698090 0.08577654
v -0.21030431 -0.41249542 0.08532102
v -0.21467102 -0.40825931 0.08667743
v -0.21001007 -0.41470175 0.08316985
v -0.18248763 -0.42427219 0.08685066
v -0.18469962 -0.41990652 0.08665622
v -0.17747662 -0.41795395 0.08949238
v -0.21539229 -0.41864151 0.04879071
v -0.21156592 -0.41466699 0.05187362
v -0.20698380 -0.41602069 0.05311326
v -0.21388994 -0.40995236 0.05510022
v -0.20765118 -0.40872214 0.05980689
v -0.20331509 -0.40105737 0.09537572
v -0.19289682 -0.40304013 0.09739465
v -0.19013957 -0.40556467 0.09598302
v -0.18563115 -0.40279077 0.10155614
v -0.27749545 -0.43723956 0.11489201
v -0.27163348 -0.44013150 0.10094337
v -0.27942932 -0.43337195 0.10615014
v -0.15611769 -0.43668750 0.11578330
v -0.15530275 -0.43349408 0.11299351
v -0.15443747 -0.43028503 0.10994950
v -0.15482712 -0.43347885 0.10515324
v -0.28196124 -0.42859967 0.09559522
v -0.28790237 -0.42484909 0.10832458
v -0.22211530 -0.42223969 0.04767818
v -0.22801414 -0.42118777 0.04860574
v -0.22413176 -0.42713699 0.04701070
v -0.24708090 -0.43641345 0.05438304
v -0.25096165 -0.43957935 0.05843549
v -0.23694785 -0.43518246 0.04929322
v -0.23544426 -0.44060507 0.05101169
v -0.29849866 -0.39904059 0.07882382
v -0.28317447 -0.39617285 0.07465508
v -0.27655945 -0.40099158 0.07214529
v -0.27870706 -0.40433060 0.07211231
v -0.26571808 -0.40004068 0.07022368
v -0.28143945 -0.40862064 0.07230698
v -0.29228705 -0.40916946 0.07885352
v -0.25824359 -0.41534540 0.17033600
v -0.26790482 -0.41950729 0.16313611
v -0.21092424 -0.40531628 0.15134183
v -0.20498599 -0.40542703 0.15186911
v -0.19735287 -0.40578503 0.15227020
v -0.19653577 -0.40293387 0.14809583
v -0.23793640 -0.39882523 0.15989333
v -0.24123508 -0.39742725 0.15394817
v -0.24480321 -0.39689813 0.15378339
v -0.24085602 -0.39744482 0.14882254
v -0.20960561 -0.43598523 0.18013805
v -0.20860422 -0.43281915 0.17809584
v -0.21078181 -0.44088821 0.17924663
v -0.20751527 -0.42965164 0.17586436
v -0.20857397 -0.42347617 0.17609290
v -0.16764969 -0.43214670 0.09196552
v -0.16129301 -0.43058850 0.09575795
v -0.15957564 -0.43357919 0.09851380
v -0.15787845 -0.43674670 0.10106487
v 0.68220795 0.14843681 0.02501619
v 0.68139502 0.15554836 0.02432016
v 0.68103180 0.15661726 0.02736377
v 0.68129852 0.15233154 0.02884990
v 0.68166595 0.14939651 0.02980650
v 0.68226135 0.14679216 0.02839528
v 0.68108600 0.15015073 0.03305103
v 0.68187231 0.14529031 0.03241428
v 0.68318250 0.14006358 0.02696243
v 0.68275946 0.14020932 0.02779402
v 0.68500006 0.12997339 0.05064575
v 0.68822852 0.13185533 0.04248671
v 0.68585004 0.13270055 0.04210826
v 0.68451996 0.13263963 0.04475708
v 0.68618646 0.13368094 0.03868850
v 0.68453455 0.13384804 0.04090530
v 0.69641034 0.12847292 0.04494450
v 0.69857977 0.12585399 0.04736249
v 0.70476874 0.12322862 0.04539438
v 0.69391077 0.12545589 0.05120731
v 0.67105420 0.10911567 0.06830302
v 0.66803918 0.10624164 0.07076416
v 0.67043079 0.11216811 0.06765167
v 0.65963153 0.11114101 0.07455482
v 0.71420599 0.12578610 0.02444453
v 0.71212354 0.12629648 0.02939785
v 0.71396094 0.12355829 0.03181364
v 0.71578540 0.12100609 0.03446740
v 0.71318756 0.12110410 0.03933236
v 0.72456854 0.10573669 0.04306409
v 0.72559442 0.10364290 0.04455884
v 0.72983551 0.10202362 0.04258142
v 0.72287512 0.10268660 0.04764762
v 0.72808221 0.10011127 0.04667142
v 0.71643994 0.08658251 0.05462528
v 0.71545264 0.08790174 0.05512541
v 0.72017896 0.08523054 0.05239196
v 0.72180530 0.08601280 0.05174057
v 0.72906067 0.06923822 0.04215146
v 0.72514026 0.07208198 0.04784824
v 0.72276740 0.06964277 0.04870592
v 0.72397424 0.06718195 0.04570316
v 0.71872968 0.07025992 0.05208583
v 0.69155621 0.08425542 0.06562279
v 0.69549683 0.08506280 0.06400230
v 0.69183801 0.07882028 0.06597736
v 0.69933203 0.08640365 0.06248889
v 0.69906964 0.09234199 0.06218496
v 0.65513745 0.08736004 0.07980489
v 0.65124915 0.08675123 0.08213103
v 0.65401978 0.09115620 0.08047645
v 0.64451025 0.09351692 0.08684837
v 0.69099329 0.06347478 0.06697327
v 0.69615875 0.06896011 0.06484471
v 0.69205969 0.07358252 0.06634586
v 0.68782953 0.07317100 0.06795094
v 0.68335406 0.07273182 0.06936208
v 0.68167499 0.06821490 0.06985016
v 0.67677673 0.06498780 0.07094724
v 0.67794250 0.06170875 0.07036543
v 0.67876538 0.05877414 0.06966441
v 0.68525537 0.05754903 0.06759889
v 0.64625220 0.07791980 0.08269352
v 0.64639996 0.07569567 0.08256201
v 0.64165741 0.07465966 0.08411636
v 0.69352222 0.05027200 0.05315294
v 0.70259271 0.05050648 0.04531235
v 0.70153052 0.04933303 0.05091809
v 0.69577075 0.04913127 0.05740628
v 0.70486633 0.04966463 0.04859401
v 0.69746277 0.04995000 0.05940921
v 0.69040399 0.05010303 0.06171326
v 0.68749188 0.05083051 0.06200721
v 0.68910822 0.05170431 0.06414286
v 0.73276526 0.06513596 0.02519069
v 0.73114935 0.06277876 0.02561863
v 0.73008380 0.06137508 0.02554910
v 0.63945422 0.08028649 0.08640993
v 0.63495062 0.08120557 0.08925300
v 0.64126410 0.08256873 0.08667529
v 0.63517957 0.08310372 0.09017867
v 0.34232373 -0.11293632 0.10399634
v 0.34377127 -0.11785529 0.08686832
v 0.35340390 -0.10268218 0.08773775
v 0.35600797 -0.09359379 0.09826152
v 0.35953580 -0.09569862 0.08036186
v 0.41003723 -0.02084392 0.06652469
v 0.39124313 -0.04660806 0.08065585
v 0.38840506 -0.05842868 0.07197382
v 0.39597711 -0.05130962 0.06077367
v 0.37738757 -0.07564490 0.07303388
v 0.36365421 -0.08938608 0.02952683
v 0.35951483 -0.09789146 0.03605709
v 0.47648764 0.01757080 0.07521912
v 0.46310016 0.01239441 0.08129938
v 0.46171298 0.00664245 0.07655358
v 0.46759512 0.02380456 0.09011234
v 0.45202512 0.01275022 0.09241541
v 0.43763983 0.00027219 0.09363472
v 0.46118387 0.00106973 0.07120576
v 0.45054538 -0.00476888 0.07448672
v 0.55295300 0.02205693 0.02492199
v 0.55394397 0.02635912 0.03564191
v 0.54821240 0.02583014 0.04098487
v 0.56005005 0.03065556 0.03831773
v 0.55428033 0.03715305 0.05609161
v 0.54292627 0.02452462 0.04625612
v 0.54314911 0.02977784 0.05643182
v 0.56557532 0.04457207 0.07584671
v 0.56092090 0.04343017 0.07885992
v 0.55223157 0.03896137 0.07114179
v 0.57744897 0.05180456 0.09084007
v 0.56456195 0.04685012 0.08832765
v 0.54989423 0.04125860 0.08285812
v 0.56888599 0.03099364 0.03562379
v 0.57066376 0.03369396 0.04116726
v 0.57299335 0.03683469 0.04706453
v 0.56814941 0.04120767 0.05857353
v 0.58296973 0.03551675 0.04186942
v 0.61846082 0.04740826 0.03518940
v 0.61158594 0.04633876 0.03591730
v 0.61000775 0.04410008 0.03266679
v 0.61775592 0.06115775 0.06866203
v 0.61528668 0.06303587 0.07369677
v 0.61116010 0.06206435 0.07016992
v 0.61701270 0.06556112 0.08068631
v 0.63023035 0.04882141 0.04253117
v 0.62766040 0.04746909 0.03707668
v 0.63370093 0.04616753 0.03412089
v 0.63070142 0.07220795 0.08681521
v 0.62115204 0.07025961 0.08660612
v 0.62104657 0.06806989 0.08434616
v 0.62645160 0.06818624 0.08397324
v 0.67305933 0.04457782 0.05611387
v 0.66777136 0.04782942 0.05922347
v 0.66453296 0.04785691 0.05937035
v 0.66092413 0.04791242 0.05957580
v 0.65529456 0.05133308 0.06291417
v 0.69805701 0.03313890 0.03187199
v 0.70020013 0.03405125 0.03024874
v 0.69485309 0.03135479 0.03000257
v 0.70250055 0.03506898 0.02850134
v 0.70483014 0.03723420 0.02940329
v 0.67300269 0.03529704 0.02868821
v 0.67660535 0.03412534 0.03062163
v 0.67977942 0.03307929 0.03261761
v 0.67705457 0.03439051 0.03686472
v 0.68493744 0.03154841 0.03159009
v 0.68841669 0.04421980 0.04338201
v 0.67984351 0.04708460 0.04817673
v 0.67881702 0.04733310 0.05261169
v 0.68217920 0.04582631 0.05173286
v 0.68572565 0.04427036 0.05086315
v 0.69094257 0.04285244 0.04650578
v 0.68300726 0.04398648 0.05314438
v 0.69169849 0.04098027 0.04787775
v 0.63164252 0.07403348 0.08089496
v 0.62782489 0.07604277 0.08394760
v 0.62625549 0.07704389 0.09154079
v 0.62743530 0.07614018 0.09065508
v 0.62440436 0.07809209 0.08690876
v 0.62386920 0.07819174 0.09466055
v 0.62150232 0.07686411 0.09646470
v 0.62868372 0.07520826 0.08985303
v 0.63201788 0.07369178 0.08588899
v 0.62602893 0.07474834 0.09145167
v 0.23901630 -0.11952546 0.02265948
v 0.24171548 -0.11781285 0.03811168
v 0.23356966 -0.11330766 0.04635867
v 0.22664162 -0.10936901 0.05302654
v 0.21421965 -0.10958553 0.04804795
v 0.22747871 -0.10618893 0.06747301
v 0.21319836 -0.10143513 0.06848541
v -0.09240887 -0.04139643 0.04552116
v -0.07312089 -0.04492723 0.05266810
v -0.08469057 -0.04375582 0.02672684
v -0.24573674 0.02475786 0.03614460
v -0.25722363 0.03378914 0.03737463
v -0.24261964 0.01682769 0.04028570
v -0.26829150 0.02364794 0.04995377
v -0.21538536 0.00214341 0.04323025
v -0.23616415 0.01033856 0.04552241
v -0.24239534 0.00661978 0.05323802
v 0.14484389 -0.11265204 0.04516914
v 0.11614905 -0.10763368 0.05202863
v 0.10179588 -0.10704778 0.04527129
v 0.14636734 -0.10512117 0.06674019
v 0.10074407 -0.10148676 0.06471851
v 0.08703115 -0.10619457 0.03847846
v 0.29818912 -0.12529836 0.03933754
v 0.29279379 -0.12499970 0.03427947
v 0.29602371 -0.12811107 0.04994954
v 0.28937015 -0.12536599 0.02897183
v 0.28130496 -0.12531425 0.03254802
v 0.65088086 0.06210361 0.06488187
v 0.64874017 0.06381217 0.07095590
v 0.65099518 0.06190813 0.06966901
v 0.64380841 0.06685521 0.06919182
v 0.64429523 0.06656976 0.07552014
v 0.64334802 0.06498724 0.07658268
v 0.65337262 0.05993707 0.06843506
v 0.65035199 0.06030022 0.07100639
v 0.70142755 0.04063557 0.02837314
v 0.70301465 0.03980413 0.03056644
v 0.70403137 0.03918714 0.02991892
v 0.69942542 0.04110211 0.03266539
v 0.70200903 0.03974141 0.03400769
v 0.70508344 0.03855107 0.02849863
v 0.70523096 0.03866769 0.02488470
v 0.68941351 0.03202217 0.03881510
v 0.68937781 0.03142557 0.03566716
v 0.67939136 0.04285947 0.05359067
v 0.68200470 0.04043190 0.05105568
v 0.68431091 0.03809304 0.04885240
v 0.69035565 0.03753268 0.04649346
v 0.64559235 0.05945619 0.07188744
v 0.64670514 0.05634888 0.06896919
v 0.63932281 0.06103412 0.07459375
v 0.64863232 0.05350446 0.06600978
v 0.62154584 0.07269303 0.08994080
v 0.61588025 0.07197918 0.09068867
v 0.63922418 0.04524636 0.03107321
v 0.60459979 0.05991765 0.06679286
v 0.60255450 0.04081801 0.03402266
v 0.60871545 0.04186302 0.02990023
v 0.58438202 0.05408430 0.07789842
v 0.58218060 0.05065642 0.07194182
v 0.57746283 0.04793995 0.07463570
v 0.56986334 0.04482837 0.07093017
v 0.49397324 0.01949234 0.06907318
v 0.49929010 0.02320440 0.07304317
v 0.44303000 -0.01373008 0.06269775
v 0.44008954 -0.01031845 0.07347856
v 0.42992603 -0.01105292 0.08080927
v 0.42002307 -0.01190226 0.08912869
v 0.39969446 -0.01668883 0.08824593
v 0.41621320 -0.00753082 0.10115250
v 0.36129761 -0.09895693 0.05979846
v 0.35451242 -0.10504859 0.04547363
v 0.39196564 -0.03464727 0.08957048
v 0.35443417 -0.08128497 0.10989219
v 0.34570636 -0.08647045 0.11831714
v 0.72910791 0.06008855 0.02534628
v 0.72673846 0.05744444 0.02645786
v 0.63947546 0.07363097 0.07682512
v 0.64149939 0.07255622 0.08196756
v 0.63980627 0.07389462 0.08327322
v 0.64579498 0.07030500 0.07155881
v 0.64585120 0.06994285 0.08037712
v 0.63845856 0.07502395 0.08438283
v 0.68465430 0.05145278 0.06239951
v 0.68565210 0.05182652 0.05735343
v 0.70820209 0.04984981 0.04647349
v 0.70638062 0.04995629 0.05108167
v 0.64777155 0.08137857 0.08316241
v 0.64505890 0.07978653 0.08363875
v 0.70723669 0.05702248 0.05703128
v 0.69941901 0.05999143 0.06286602
v 0.69854419 0.05596337 0.06242365
v 0.70196344 0.05299017 0.05919757
v 0.69422998 0.05570229 0.06406065
v 0.68963074 0.05499545 0.06548990
v 0.64310919 0.08935629 0.08818546
v 0.64803589 0.08677344 0.08442528
v 0.64128979 0.08676835 0.08933449
v 0.64866949 0.08419976 0.08401985
v 0.66675537 0.10204987 0.07218100
v 0.66256335 0.10161459 0.07419313
v 0.65438391 0.10504651 0.07892841
v 0.65847931 0.10129570 0.07648141
v 0.71731500 0.05899094 0.04586481
v 0.71710779 0.05669302 0.04353144
v 0.71241901 0.06090501 0.05369810
v 0.71649103 0.05449474 0.04267593
v 0.71107349 0.05303045 0.04956425
v 0.71306836 0.07151192 0.05565865
v 0.70967456 0.06861526 0.05715203
v 0.69418188 0.10059209 0.06305542
v 0.69881030 0.09757214 0.06176493
v 0.70232562 0.09822656 0.06028799
v 0.70538318 0.09828094 0.05898799
v 0.70463690 0.10293993 0.05818590
v 0.70914612 0.09474705 0.05775592
v 0.72303131 0.10886616 0.04193707
v 0.69970575 0.11305693 0.05664374
v 0.70392664 0.10823583 0.05633345
v 0.70687671 0.10843208 0.05420724
v 0.71010480 0.10812807 0.05231305
v 0.68937219 0.12465717 0.05457222
v 0.69176318 0.12120848 0.05622318
v 0.68332721 0.12620636 0.05628152
v 0.69392114 0.13063608 0.04187080
v 0.68797906 0.13674641 0.02863908
v 0.68834735 0.13603128 0.03032102
v 0.68844385 0.13524092 0.03200772
v 0.68696033 0.13501123 0.03485130
v 0.68169958 0.14154695 0.02719772
v 0.68244177 0.14047308 0.02837411
v 0.68183044 0.14133682 0.02951760
v 0.68263165 0.14002542 0.03031368
v 0.65773535 0.20288980 0.02724802
v 0.65356873 0.20578255 0.02909903
v -0.23733195 -0.39334360 0.08782851
v -0.23339400 -0.39656409 0.08576657
v -0.23673901 -0.39292926 0.09018536
v -0.24926247 -0.39663547 0.15325305
v -0.25053113 -0.39803580 0.15849640
v -0.17984334 -0.40737442 0.14591357
v -0.17407747 -0.41240692 0.14961617
v -0.17086848 -0.41528787 0.14768884
v -0.17373120 -0.41538339 0.15403191
v -0.16754213 -0.41820361 0.14528571
v -0.24361919 -0.39697543 0.14133159
v -0.24059200 -0.39822089 0.14538956
v -0.23766461 -0.40017389 0.14695596
v -0.26206360 -0.40264151 0.15828308
v -0.25665521 -0.40214407 0.16110608
v -0.25165277 -0.40101480 0.16302086
v -0.25308188 -0.42059509 0.06218754
v -0.24936917 -0.42165817 0.05910769
v -0.24092651 -0.41595334 0.05576712
v -0.24543559 -0.44330170 0.06077402
v -0.25389871 -0.44168256 0.06350803
v -0.25065576 -0.44420160 0.07425035
v -0.26189258 -0.44142059 0.07413486
v -0.23240120 -0.42076263 0.04958603
v -0.23120821 -0.41696179 0.05113837
v -0.29178592 -0.42203470 0.11860352
v -0.29357056 -0.41741763 0.11013914
v -0.26142499 -0.44373788 0.09814503
v -0.26696695 -0.44202832 0.09089069
v -0.18868628 -0.40795798 0.09365345
v -0.17967842 -0.41043985 0.09466689
v -0.19909048 -0.41515549 0.05988143
v -0.20125224 -0.41830115 0.05497359
v -0.19000789 -0.42993863 0.06473072
v -0.19060968 -0.43302725 0.06727773
v -0.19117491 -0.43615009 0.06965056
v -0.19674385 -0.44115076 0.06799240
v -0.18485435 -0.44140497 0.09235983
v -0.19109064 -0.43609622 0.08649668
v -0.18459196 -0.43288437 0.08764467
v -0.19919505 -0.43264651 0.08327239
v -0.17798822 -0.43006006 0.08854106
v -0.25762027 -0.39899643 0.06967871
v -0.25642352 -0.39667947 0.07180611
v -0.29510266 -0.39507437 0.13252776
v -0.29551285 -0.40292661 0.13446306
v -0.30585437 -0.39798297 0.12256783
v -0.29965051 -0.40813101 0.12784914
v -0.23888242 -0.43181714 0.18335844
v -0.24374727 -0.43526443 0.18136063
v -0.24820996 -0.43810596 0.17979219
v -0.24091380 -0.44169547 0.18066652
v -0.17556064 -0.41847223 0.15737262
v -0.17329260 -0.42450845 0.15900189
v -0.20257872 -0.44153369 0.15708722
v -0.19217714 -0.43681409 0.16063609
v -0.19741882 -0.43353125 0.16083327
v -0.18292151 -0.43533475 0.16093286
v -0.20264543 -0.42992969 0.16087123
v -0.21150940 -0.41738077 0.16523357
v -0.21099771 -0.41617914 0.16841389
v -0.23344925 -0.39300464 0.09233988
v -0.23379164 -0.39064615 0.09516291
v -0.16613467 -0.41826138 0.12110693
v -0.24123923 -0.40382733 0.06378696
v -0.24823874 -0.40825467 0.06335417
v -0.22382993 -0.39917517 0.07487471
v -0.21770221 -0.40153452 0.07484894
v -0.21519012 -0.40272650 0.07118292
v -0.21477983 -0.40330908 0.07872464
v -0.21245689 -0.40396500 0.06747307
v -0.21594147 -0.40369653 0.06291234
v -0.20567258 -0.40741797 0.06741112
v -0.23211230 -0.39067065 0.09934510
v -0.23166583 -0.39306863 0.12965630
v -0.22504112 -0.39516888 0.13458948
v -0.22048596 -0.39583185 0.13455554
v -0.21582138 -0.39656116 0.13380780
v -0.21940681 -0.39611819 0.12869368
v -0.20762254 -0.39848520 0.13814085
v -0.22066776 -0.41782480 0.18278094
v -0.21774452 -0.41471323 0.17991733
v -0.23339520 -0.40098309 0.16581622
v -0.22907796 -0.40240131 0.16568828
v -0.23330862 -0.40266953 0.17105684
v -0.22489217 -0.40380331 0.16541481
v -0.22031046 -0.40709082 0.17080331
v -0.22382214 -0.39652078 0.12377877
v -0.27035223 -0.44243600 0.16007858
v -0.27003281 -0.44369608 0.15312579
v -0.26170242 -0.44359219 0.15515746
v -0.23552556 -0.44339902 0.14792918
v -0.23139140 -0.44322260 0.15349240
v -0.23949205 -0.44333710 0.15393759
v -0.21543047 -0.44256802 0.18098622
v -0.22016908 -0.44268213 0.17964963
v -0.23490738 -0.44301541 0.17184767
v -0.23049651 -0.44284366 0.17867021
v -0.24583121 -0.44333517 0.15983194
v 0.40078073 -0.42544183 0.09964114
v 0.40360538 -0.42253433 0.09805398
v 0.39390302 -0.42994330 0.09642859
v 0.40385162 -0.43023230 0.09119449
v 0.40615167 -0.41944009 0.09620219
v 0.40935400 -0.42221945 0.09255228
v 0.28276337 -0.41237961 0.07253918
v 0.31683157 -0.38625934 0.14669165
v 0.31376855 -0.38857770 0.14827597
v 0.31680273 -0.39078455 0.15056015
v 0.34181012 -0.38848303 0.13949588
v 0.33975211 -0.38746732 0.14177914
v 0.36698657 -0.39219302 0.13211447
v 0.37221732 -0.39542999 0.13423369
v 0.37175870 -0.39907629 0.13671939
v 0.38136014 -0.39137811 0.12463113
v 0.38534412 -0.39266058 0.12243980
v 0.38938260 -0.39397122 0.12017094
v 0.38460590 -0.39318671 0.11588250
v 0.39646799 -0.39734576 0.12240641
v 0.39549619 -0.39799118 0.11566841
v 0.33536853 -0.38705679 0.14435648
v 0.32883209 -0.38606995 0.14417159
v 0.27712552 -0.38869769 0.07890691
v 0.28171204 -0.39607532 0.07307366
v 0.33704819 -0.38450821 0.07313110
v 0.33756311 -0.38430469 0.07520543
v 0.31063513 -0.39906561 0.05467297
v 0.30889944 -0.40227435 0.05333542
v 0.30630838 -0.40697263 0.05210357
v 0.41026459 -0.42524188 0.08808469
v 0.41040787 -0.42218555 0.08519182
v 0.40874088 -0.42994598 0.08508492
v 0.40854633 -0.42762964 0.08008800
v 0.41054410 -0.41911398 0.08205113
v 0.40916324 -0.42216809 0.07752658
v 0.28379672 -0.34905533 0.08521080
v 0.29001904 -0.36760965 0.08365080
v 0.29180502 -0.37472171 0.08623386
v 0.28731543 -0.34145746 0.08077440
v 0.27765723 -0.36384253 0.07397388
v 0.27134470 -0.37675034 0.08263467
v 0.31588959 -0.38812827 0.06168937
v 0.31762387 -0.38528983 0.06456786
v 0.38446268 -0.41912143 0.04428547
v 0.38479538 -0.42209207 0.04688008
v 0.38411407 -0.41328897 0.04640140
v 0.38510629 -0.42509537 0.04930236
v 0.38375250 -0.42975803 0.04866085
v 0.28737570 -0.34522922 0.13169653
v 0.28315283 -0.34931265 0.12510530
v 0.28753925 -0.36860800 0.12234272
v 0.29163974 -0.37478040 0.12353109
v 0.27481567 -0.37583572 0.13287949
v 0.27762952 -0.36750345 0.13713345
v 0.33599078 -0.37962640 0.11951541
v 0.33996802 -0.38034055 0.11662807
v 0.34325888 -0.38147766 0.11504716
v 0.34151535 -0.38111365 0.11028929
v 0.36584467 -0.39738214 0.15628532
v 0.36995630 -0.40203415 0.15998624
v 0.37258182 -0.40470584 0.15836426
v 0.37518680 -0.40739429 0.15610684
v 0.37438885 -0.40593793 0.15131409
v 0.33869028 -0.39645578 0.16253833
v 0.33583673 -0.39993344 0.16473569
v 0.39477866 -0.42395090 0.13760768
v 0.40034637 -0.42540433 0.13448489
v 0.40282596 -0.42242023 0.13336374
v 0.38707724 -0.43070026 0.13202133
v 0.40258057 -0.42986426 0.13080313
v 0.40535068 -0.41938776 0.13208919
v 0.37716458 -0.43007306 0.13855438
v 0.38729181 -0.42546149 0.13964917
v 0.38327896 -0.42243735 0.14086331
v 0.37930643 -0.41923221 0.14146162
v 0.38278018 -0.41385190 0.14111864
v 0.29074185 -0.41146408 0.14405682
v 0.28672705 -0.41552087 0.13791946
v 0.28826840 -0.42007291 0.13701682
v 0.40174011 -0.40768845 0.07332668
v 0.40268274 -0.41344995 0.07109076
v 0.37978085 -0.40722168 0.06602951
v 0.37356259 -0.40520752 0.06689891
v 0.37091241 -0.40219696 0.06866033
v 0.37085687 -0.40540106 0.06574538
v 0.36777121 -0.39969147 0.07016713
v 0.37080264 -0.40334595 0.06385087
v 0.36937582 -0.40433762 0.04045531
v 0.36886618 -0.40758948 0.03744637
v 0.37594766 -0.40556812 0.04329993
v 0.36782980 -0.41008566 0.03474132
v 0.35914438 -0.40968506 0.03355449
v 0.32039590 -0.42271173 0.04040473
v 0.40499332 -0.43157596 0.08030798
v 0.40386389 -0.43003290 0.07545348
v 0.40104001 -0.43156912 0.07970802
v 0.37003162 -0.43184650 0.08983127
v 0.36230994 -0.43206967 0.08351231
v 0.38607904 -0.43166324 0.07795441
v 0.36393207 -0.43201782 0.07729816
v 0.34353137 -0.43226981 0.06982817
v 0.39392130 -0.43158502 0.07587656
v 0.38045145 -0.41871155 0.06094852
v 0.39077316 -0.40051053 0.10948004
v 0.39813562 -0.40416440 0.11085611
v 0.39828061 -0.40756534 0.10860661
v 0.40342892 -0.40532077 0.11482646
v 0.39822812 -0.41006583 0.10662408
v 0.30603940 -0.42297424 0.15392836
v 0.29768851 -0.42446774 0.14750290
v 0.29136017 -0.42433795 0.13976382
v 0.37359760 -0.40725238 0.14795270
v 0.28596747 -0.35818121 0.07414320
v 0.29042636 -0.34100635 0.07722183
v 0.31429633 -0.36577664 0.13324355
v 0.30860880 -0.35975174 0.13577124
v 0.30373868 -0.35397244 0.13728687
v 0.30719977 -0.33776221 0.13223253
v -0.18474240 -0.02221054 -0.01002510
v -0.18970935 -0.01275441 0.00158394
v 0.02985967 -0.09379095 0.01128133
v 0.01622401 -0.08621102 0.00474103
v 0.26152823 -0.11759873 -0.00745809
v 0.26255374 -0.11747147 -0.02032300
v 0.25151868 -0.11621736 -0.00551641
v 0.24628818 -0.11410130 -0.02797157
v 0.32295148 -0.11676621 -0.01121703
v 0.32729993 -0.11582893 -0.00728128
v 0.32735733 -0.11689719 -0.02277139
v 0.33146829 -0.11490793 -0.00042295
v 0.66327448 0.05387698 -0.01243407
v 0.66569781 0.05289439 -0.01050991
v 0.66794788 0.05200401 -0.00855363
v 0.67345258 0.04912093 -0.00669484
v 0.66499359 0.05340590 -0.00554704
v 0.67268170 0.04969902 -0.00172557
v 0.66098114 0.03955016 0.02108270
v 0.65846606 0.04061058 0.01858441
v 0.65529816 0.04204430 0.01489140
v 0.67489960 0.03609502 0.00789560
v 0.69057208 0.03059434 0.02474526
v 0.68904968 0.03067844 0.02095548
v 0.69572577 0.03427114 0.01127082
v 0.69192297 0.03280477 0.01049813
v 0.64255988 0.05015678 -0.00263481
v 0.62889362 0.06459089 -0.03063512
v 0.63274762 0.06493671 -0.03024245
v 0.62560876 0.06743154 -0.03372887
v 0.63657330 0.06527168 -0.02956026
v 0.63973761 0.06117302 -0.02494986
v 0.61839301 0.05539799 -0.00123445
v 0.61975317 0.05746538 -0.00641908
v 0.62042908 0.05973610 -0.01389500
v 0.61775592 0.06115770 -0.01889267
v 0.58922986 0.03815755 0.00836479
v 0.59440302 0.03568409 0.01567307
v 0.59871448 0.03540305 0.01979478
v 0.59654462 0.03301404 0.02644916
v 0.58438214 0.05408428 -0.02812902
v 0.58692065 0.05807327 -0.03326761
v 0.58466010 0.05944930 -0.04275198
v 0.54523859 0.03359270 -0.01584895
v 0.54036108 0.03194995 -0.02006614
v 0.54494403 0.03080352 -0.00665514
v 0.45681107 -0.01601898 0.01230565
v 0.44740561 -0.01681596 0.00542170
v 0.45199918 -0.01846995 0.02473360
v 0.42395007 -0.00725231 -0.00338871
v 0.41663089 -0.02443901 -0.00157396
v 0.40682639 -0.04193107 -0.00475381
v 0.37231381 -0.08332632 -0.03480074
v 0.36867441 -0.08820212 -0.02403111
v 0.63517133 0.08307393 -0.04040939
v 0.63701141 0.08461034 -0.04034139
v 0.64199213 0.08457521 -0.03771443
v 0.63452747 0.08539262 -0.04280208
v 0.64107996 0.08737183 -0.03998782
v 0.65713751 0.06347158 -0.02569399
v 0.65401923 0.06509105 -0.02657239
v 0.65104370 0.06663786 -0.02749648
v 0.64605713 0.06994146 -0.03083941
v 0.65238898 0.06600259 -0.02117391
v 0.64503467 0.07047353 -0.02617097
v 0.71865717 0.05277197 0.01481044
v 0.64705493 0.08323440 -0.03472989
v 0.64864807 0.08413036 -0.03424995
v 0.70196344 0.05299017 -0.00942819
v 0.70604932 0.05151029 -0.00443090
v 0.70484393 0.04973770 -0.00297924
v 0.67121149 0.08860902 -0.02248370
v 0.64768268 0.09667480 -0.03434446
v 0.65371033 0.09552283 -0.03035849
v 0.70336719 0.06713098 -0.01091717
v 0.70469727 0.06377296 -0.01001648
v 0.70860211 0.06942210 -0.00810421
v 0.70557153 0.06101556 -0.00958083
v 0.70085168 0.05909639 -0.01218499
v 0.72628345 0.06218365 0.01476049
v 0.72216858 0.08713264 -0.00297357
v 0.71522632 0.08924022 -0.00627807
v 0.71390552 0.09215047 -0.00669715
v 0.71676031 0.09268107 -0.00531565
v 0.71898669 0.09284895 -0.00434701
v 0.72243213 0.09043699 -0.00329204
v 0.71776813 0.09623729 -0.00439778
v 0.71744501 0.10007824 -0.00325612
v 0.71151892 0.12305960 0.00636535
v 0.71348163 0.12403163 0.01019374
v 0.69515887 0.11619525 -0.00609511
v 0.67389246 0.11687866 -0.01258161
v 0.67105334 0.11769389 -0.01452938
v 0.67120380 0.11323091 -0.01501853
v 0.68904810 0.10350719 -0.01350000
v 0.68852411 0.13751180 0.01482401
v 0.68734283 0.13809233 0.01379568
v 0.68895624 0.13680057 0.01343881
v 0.68722992 0.13732167 0.01140947
v 0.68385217 0.14871252 0.01784584
v 0.68300012 0.14863570 0.02168890
v 0.68281482 0.14589801 0.02242982
v 0.68295422 0.14481796 0.02164631
v 0.68205139 0.14471210 0.02447622
v 0.68294769 0.14398273 0.02118556
v 0.68344031 0.14503464 0.01891176
v -0.22042580 -0.44181711 -0.00469304
v -0.21107356 -0.44291330 -0.00755663
v -0.21041234 -0.44285620 -0.01101971
v -0.23261430 -0.44363370 -0.02529438
v -0.24507767 -0.44330319 -0.02017543
v -0.22052226 -0.44314325 -0.02383694
v -0.21085501 -0.44279849 -0.01928106
v -0.21044266 -0.44286014 -0.02515134
v -0.20066257 -0.44113965 -0.03254086
v -0.20571750 -0.44275314 -0.01676863
v -0.27008289 -0.41983478 -0.02468695
v -0.26068451 -0.39086685 -0.09244038
v -0.25214265 -0.39142532 -0.09217078
v -0.26865375 -0.38723813 -0.08931425
v -0.17976305 -0.40738272 -0.10136520
v -0.18899974 -0.40386035 -0.10127348
v -0.19331873 -0.40242075 -0.09763335
v -0.19766785 -0.40097372 -0.09407201
v -0.19309898 -0.40276981 -0.09099527
v -0.20754944 -0.39852612 -0.09321847
v -0.24705051 -0.39380853 -0.09299718
v -0.24361919 -0.39697537 -0.09675317
v -0.24709956 -0.41027957 -0.13071553
v -0.25098561 -0.41360248 -0.13064345
v -0.25071292 -0.41648184 -0.13176724
v -0.23353549 -0.41378098 -0.00938266
v -0.24092651 -0.41595340 -0.01165750
v -0.22728378 -0.43832266 -0.00366374
v -0.22317465 -0.43562439 -0.00319032
v -0.21851985 -0.43226178 -0.00274368
v -0.22194023 -0.42712918 -0.00296250
v -0.16439453 -0.43048328 -0.09182934
v -0.16625790 -0.43365094 -0.08949782
v -0.16632993 -0.42438245 -0.09096691
v -0.16837372 -0.43673148 -0.08734966
v -0.15919568 -0.42437662 -0.05412819
v -0.16210129 -0.41832327 -0.05467727
v -0.16214500 -0.41518723 -0.05910722
v -0.22967867 -0.39803824 -0.03979505
v -0.22910152 -0.39733612 -0.03699455
v -0.19452600 -0.41805029 -0.02653171
v -0.19856273 -0.41553378 -0.03139091
v -0.19587971 -0.43625458 -0.03421873
v -0.19762370 -0.43302835 -0.03577039
v -0.19926642 -0.42953519 -0.03675803
v -0.21133398 -0.40934549 -0.03657484
v -0.20470705 -0.41371890 -0.03480574
v -0.21785472 -0.40597461 -0.03876852
v -0.25096277 -0.39560095 -0.03049067
v -0.21402084 -0.42377606 -0.13948140
v -0.21204309 -0.43272693 -0.13957806
v -0.21678334 -0.43597839 -0.14143605
v -0.21953430 -0.43290076 -0.14199483
v -0.22255290 -0.43000101 -0.14258173
v -0.22205824 -0.42443063 -0.14168248
v -0.16173053 -0.44311252 -0.07430601
v -0.17242754 -0.44319064 -0.07431646
v -0.19335228 -0.44386566 -0.04771965
v -0.16912807 -0.44191272 -0.05315013
v -0.20896466 -0.44403067 -0.05026420
v -0.22917821 -0.44409506 -0.06005649
v -0.21460823 -0.44374982 -0.07167211
v -0.20053822 -0.44344312 -0.07746120
v -0.19645857 -0.42429489 -0.11781616
v -0.19889740 -0.41991064 -0.11708098
v -0.19260962 -0.41792438 -0.11640157
v -0.20715179 -0.41749307 -0.11534016
v -0.23766461 -0.40017389 -0.10247685
v -0.23490135 -0.40320459 -0.10392296
v -0.21760345 -0.40943726 -0.10927663
v -0.21602820 -0.41188879 -0.11101282
v -0.21483209 -0.41512714 -0.11276909
v -0.21921480 -0.41527133 -0.11252951
v -0.22150056 -0.39947556 -0.04688458
v -0.22745430 -0.39657471 -0.04746625
v -0.16021411 -0.41800949 -0.06908350
v -0.16234229 -0.41506955 -0.06603112
v -0.16462767 -0.41221103 -0.06349406
v -0.21771051 -0.40588919 -0.01422195
v -0.21750346 -0.40304843 -0.01896655
v -0.22836372 -0.39745648 -0.03233220
v -0.22407864 -0.39913721 -0.02897302
v -0.23428642 -0.39121277 -0.06771680
v -0.23239632 -0.39332208 -0.08532092
v -0.23997194 -0.39097003 -0.08536205
v -0.20952055 -0.42341199 -0.13421626
v -0.21289572 -0.41748538 -0.13328516
v -0.21399266 -0.41464203 -0.13009654
v -0.21766045 -0.41513123 -0.13578592
v -0.21492445 -0.41190756 -0.12688118
v -0.24488142 -0.40637103 -0.12841428
v -0.24925789 -0.40408792 -0.12388666
v -0.19124010 -0.40548599 -0.08744428
v -0.19791580 -0.40499115 -0.08376238
v -0.20366171 -0.40465610 -0.08065667
v -0.20011919 -0.40704340 -0.07777966
v -0.26515259 -0.43846735 -0.12426675
v 0.35546277 -0.38983206 -0.08063503
v 0.35110297 -0.39024640 -0.08186278
v 0.34578711 -0.38766544 -0.08048676
v 0.32898489 -0.41411765 0.01104874
v 0.34054648 -0.41390787 0.01437121
v 0.34568234 -0.41157169 0.01493729
v 0.34910812 -0.40877420 0.01508993
v 0.33583679 -0.39993344 -0.11420442
v 0.33202829 -0.40312048 -0.11485796
v 0.32360593 -0.40452429 -0.11172978
v 0.36106445 -0.38948456 -0.07977748
v 0.36823474 -0.39172784 -0.08082365
v 0.40647363 -0.40763751 -0.07358211
v 0.40425888 -0.40483386 -0.07097689
v 0.40202847 -0.40206528 -0.06883292
v 0.40334140 -0.40485620 -0.06418527
v 0.39649094 -0.39735760 -0.07162728
v 0.33304889 -0.38861737 -0.10209100
v 0.33079156 -0.39124417 -0.10516855
v 0.33441211 -0.39366003 -0.10834154
v 0.34164127 -0.38316882 -0.05719952
v 0.33979813 -0.38288651 -0.05445429
v 0.29284363 -0.42851361 -0.07196248
v 0.29573459 -0.42942606 -0.05710909
v 0.29277173 -0.42770511 -0.04818930
v 0.28949109 -0.42604797 -0.04037872
v 0.29355759 -0.42779886 -0.02649405
v 0.34062183 -0.38425848 -0.02727437
v 0.33756308 -0.38430475 -0.02475857
v 0.40914410 -0.42220441 -0.02668030
v 0.40565915 -0.41935126 -0.02236564
v 0.40306924 -0.42250952 -0.02114552
v 0.40049576 -0.42558090 -0.02014191
v 0.39544531 -0.42409686 -0.01718362
v 0.39629156 -0.39721762 -0.03470338
v 0.38911215 -0.39390924 -0.03729829
v 0.38506326 -0.39263849 -0.03521479
v 0.38105344 -0.39139334 -0.03318473
v 0.38370490 -0.39321198 -0.02894843
v 0.37318283 -0.38904407 -0.03591496
v 0.34218222 -0.38715012 -0.02008046
v 0.34627924 -0.38818948 -0.01833371
v 0.35006818 -0.39030786 -0.01813642
v 0.34630099 -0.38738101 -0.01657428
v 0.35420135 -0.38995084 -0.01450153
v 0.34180527 -0.38306851 -0.05172826
v 0.32971442 -0.38275665 -0.08321873
v 0.33483862 -0.38485257 -0.08290183
v 0.33632480 -0.38477957 -0.08069732
v 0.34166653 -0.38246741 -0.07178099
v 0.33932339 -0.38259735 -0.07584582
v 0.37392993 -0.40745978 -0.10974005
v 0.37252060 -0.40466824 -0.10661653
v 0.37114066 -0.40193347 -0.10408276
v 0.36573825 -0.39735959 -0.10541811
v 0.33869028 -0.39645584 -0.11202293
v 0.40522339 -0.42522299 -0.08042364
v 0.40298355 -0.42225089 -0.08245647
v 0.40066483 -0.41939761 -0.08461893
v 0.39487006 -0.42244431 -0.08718319
v 0.38729181 -0.42546149 -0.08903791
v 0.29610901 -0.40097672 -0.09560126
v 0.29285941 -0.39687640 -0.09274987
v 0.29656735 -0.39275391 -0.09280795
v 0.28554211 -0.39726526 -0.08845205
v 0.30023871 -0.38959186 -0.09314037
v 0.29428491 -0.38407547 -0.09070444
v 0.28082822 -0.41239047 -0.07867530
v 0.38858139 -0.39982480 -0.02291879
v 0.39183276 -0.40423291 -0.02033038
v 0.37544342 -0.40871555 -0.01196427
v 0.38039938 -0.41307669 -0.00989342
v 0.36542279 -0.39428781 -0.00698150
v 0.36146985 -0.39292865 -0.00619874
v 0.36358963 -0.39389175 -0.01148704
v 0.35740787 -0.39166299 -0.00573752
v 0.35849976 -0.39359143 -0.00068103
v 0.35175299 -0.38929007 -0.00997573
v 0.37706729 -0.41953058 0.01489466
v 0.37384363 -0.42264478 0.01647783
v 0.37094839 -0.42565582 0.01792188
v 0.33090433 -0.42496625 0.01423808
v 0.32039590 -0.42271173 0.01019946
v 0.31694388 -0.41854984 0.00786327
v 0.38309439 -0.42518018 -0.00738366
v 0.38178406 -0.42207211 -0.00912101
v 0.38045145 -0.41871155 -0.01035569
v 0.37962262 -0.42018466 -0.01265488
v 0.40234369 -0.40785983 -0.06007464
v 0.39793323 -0.40568478 -0.05862576
v 0.39371292 -0.40446088 -0.05689073
v 0.39383325 -0.40785995 -0.05289864
v 0.30603940 -0.42297424 -0.10332349
v 0.30080740 -0.43189645 -0.08847282
v 0.29365643 -0.42932571 -0.08218703
v 0.36476379 -0.40411591 -0.09356958
v 0.29283127 -0.34097400 -0.02761745
v 0.28596747 -0.35818121 -0.02393095
v 0.30858334 -0.33742673 -0.08112744
v 0.30981339 -0.35244635 -0.08168192
v 0.30915820 -0.35968933 -0.08409956
v 0.30848425 -0.36741571 -0.08720806
v 0.31643823 -0.37809134 -0.08590279
v 0.32471686 -0.36213437 -0.04715137
v 0.28624475 -0.37312247 -0.08995427
v 0.31043234 -0.36589297 -0.02423813
v 0.34848538 -0.39450616 -0.08940598
v 0.37103705 -0.43151144 -0.11328384
v 0.36892639 -0.42996869 -0.11763274
v 0.36375555 -0.43165289 -0.10918011
v 0.35725333 -0.43002524 -0.11866243
v 0.35013376 -0.43196286 -0.08971276
v 0.34416214 -0.43208246 -0.09167899
v 0.30921722 -0.43262024 -0.09751764
v 0.31675882 -0.43251553 -0.09941904
v 0.33395190 -0.43223413 -0.10107165
v 0.32917892 -0.43228198 -0.10568405
v 0.34090524 -0.43050555 -0.11698441
v 0.34634943 -0.43201346 -0.09989456
v 0.39823743 -0.41003659 -0.04917493
v 0.39826981 -0.40751639 -0.04748136
v 0.39805551 -0.40408551 -0.04556197
v 0.40336371 -0.40519614 -0.04134818
v 0.38362967 -0.41895212 -0.01372343
v 0.38656763 -0.42241724 -0.01458409
v 0.38948566 -0.42558966 -0.01573511
v 0.29699112 -0.42943515 -0.01703128
v 0.34214407 -0.42718906 0.01685330
v 0.35771890 -0.39634753 0.00447557
v 0.35437198 -0.39535547 -0.01938040
v 0.35366977 -0.39354901 -0.01818234
v 0.35755298 -0.39473593 -0.01668505
v 0.36244308 -0.39562848 -0.01436466
v 0.38386533 -0.39597400 -0.02514198
v 0.28040375 -0.39632843 -0.08283604
v 0.29650204 -0.40618164 -0.09671202
v 0.34825369 -0.42590320 -0.12128880
v 0.35755286 -0.42275885 -0.12180151
v 0.38349310 -0.40966943 -0.08989742
v 0.38847305 -0.40755292 -0.08825521
v 0.39192404 -0.40428067 -0.08542258
v 0.38781967 -0.40041193 -0.08398183
v 0.35875104 -0.39421335 -0.10592651
v 0.35588138 -0.39295633 -0.10294677
v 0.35320679 -0.39173404 -0.10007587
v 0.37028793 -0.42528506 -0.11833548
v 0.36756775 -0.42233081 -0.11936037
v 0.36458759 -0.41955438 -0.12046263
v 0.32290958 -0.38261386 -0.08599031
v 0.33978656 -0.38472791 -0.07906251
v 0.36531149 -0.38716568 -0.03920136
v 0.36131152 -0.38641971 -0.03771725
v 0.35729749 -0.38570798 -0.03610107
v 0.34703363 -0.38764175 -0.01328671
v 0.33575336 -0.39130811 -0.00413964
v 0.40999771 -0.41312491 -0.03499693
v 0.40668280 -0.40741052 -0.03628333
v 0.40429135 -0.40461835 -0.03371771
v 0.40185837 -0.40190955 -0.03170092
v 0.41022690 -0.42520023 -0.03182682
v 0.41043460 -0.42207956 -0.03404138
v 0.41060803 -0.41904993 -0.03651876
v 0.31425684 -0.40291629 -0.00098246
v 0.30721085 -0.40511224 -0.00296474
v 0.30097989 -0.40589288 -0.00486944
v 0.33704819 -0.38450821 -0.02268291
v 0.27936761 -0.40243225 -0.02570501
v 0.28204276 -0.40734351 -0.02198498
v 0.33380670 -0.38706384 -0.09775790
v 0.38930936 -0.39405054 -0.07403788
v 0.38541351 -0.39269888 -0.07181557
v 0.38423959 -0.39328232 -0.07790128
v 0.38150293 -0.39133780 -0.06966512
v 0.38008789 -0.39812265 -0.08376882
v 0.37887253 -0.39587546 -0.08185970
v 0.37721710 -0.39354346 -0.08052821
v 0.31428348 -0.40818893 -0.10732742
v 0.28276340 -0.41237958 -0.02196314
v 0.31892554 -0.41518698 0.00764681
v 0.35621915 -0.39577707 -0.02043995
v -0.22648051 -0.39850360 -0.07519612
v -0.19218642 -0.40750510 -0.07565086
v -0.19367612 -0.40521027 -0.07360013
v -0.19622546 -0.40273480 -0.07156557
v -0.22607666 -0.42003302 -0.14000998
v -0.22489285 -0.41739944 -0.13819629
v -0.23391518 -0.41964392 -0.13917708
v -0.22413318 -0.41388507 -0.13663274
v -0.21665710 -0.39675894 -0.09201389
v -0.22029387 -0.39595984 -0.08851880
v -0.22401405 -0.39510010 -0.08574113
v -0.23379164 -0.39064609 -0.05036097
v -0.23211230 -0.39067065 -0.05454411
v -0.21102678 -0.40420004 -0.02863503
v -0.21476845 -0.40280563 -0.02670655
v -0.21870319 -0.40138098 -0.02482216
v -0.23746426 -0.40108975 -0.02045189
v -0.16934747 -0.41834534 -0.09160041
v -0.16993556 -0.41528177 -0.09581186
v -0.23344925 -0.39300470 -0.04762563
v -0.21965088 -0.41311029 -0.11447043
v -0.19215045 -0.43000742 -0.11767598
v -0.19741966 -0.43280710 -0.11671771
v -0.20272333 -0.43600174 -0.11589313
v -0.20991603 -0.43260333 -0.11668567
v -0.18795862 -0.41459186 -0.11436662
v -0.21053578 -0.42943433 -0.11954509
v -0.25280821 -0.42021490 -0.13186349
v -0.24822662 -0.42072873 -0.13405299
v -0.24224406 -0.42177957 -0.13701894
v -0.28407358 -0.40371432 -0.09814735
v -0.20280783 -0.41522754 -0.04067387
v -0.20356290 -0.41199612 -0.04196751
v -0.19418260 -0.41751492 -0.04125736
v -0.20525613 -0.40934244 -0.04312263
v -0.20019984 -0.40788684 -0.04507838
v -0.18469962 -0.41990649 -0.04261967
v -0.20125224 -0.41830103 -0.01090397
v -0.18540756 -0.40565814 -0.05255287
v -0.19276129 -0.40524661 -0.04981914
v -0.19879758 -0.40499451 -0.04800301
v -0.27749545 -0.43723956 -0.07112325
v -0.29178592 -0.42203470 -0.07460854
v -0.22211530 -0.42223969 -0.00368707
v -0.25389871 -0.44168256 -0.01978379
v -0.24936917 -0.42165817 -0.01510554
v -0.25635443 -0.40324933 -0.11861559
v -0.25743619 -0.40087686 -0.11484483
v -0.25811603 -0.39915671 -0.11199678
v -0.24059200 -0.39822089 -0.10085088
v -0.16870442 -0.41824298 -0.10566928
v -0.17064409 -0.41528564 -0.10265977
v -0.17270120 -0.41236633 -0.10009665
v -0.20775116 -0.43599899 -0.13193597
v -0.20840312 -0.43274219 -0.13390282
v -0.20916002 -0.42956219 -0.13602383
v -0.15726332 -0.43055728 -0.05600469
v -0.15959164 -0.43386322 -0.05425591
v -0.16194638 -0.43706601 -0.05272465
v 0.68245612 0.15468431 0.01574635
v 0.68183215 0.15689453 0.01868610
v 0.68203888 0.15490924 0.02058214
v 0.68218671 0.15279544 0.02197820
v 0.68428912 0.14102870 0.02173337
v 0.68438354 0.14146846 0.01993058
v 0.68884924 0.13610696 0.01051539
v 0.68774719 0.13613724 0.00822239
v 0.69113947 0.13539427 0.01018537
v 0.69642499 0.13400996 0.01045517
v 0.67168652 0.11017947 -0.01608811
v 0.71284015 0.12646542 0.01493853
v 0.71465900 0.12533653 0.01696700
v 0.71643225 0.12380565 0.01922433
v 0.72405219 0.11035176 0.00628499
v 0.72086938 0.08603914 -0.00330865
v 0.71710083 0.08737604 -0.00542904
v 0.71330774 0.07183012 -0.00601410
v 0.69717194 0.08274062 -0.01399407
v 0.69568304 0.08669447 -0.01426296
v 0.69432513 0.09024919 -0.01435830
v 0.64801025 0.08668286 -0.03465292
v 0.65123645 0.08669092 -0.03232594
v 0.64355945 0.09004848 -0.03807102
v 0.65515240 0.08736611 -0.02991891
v 0.68963074 0.05499545 -0.01572054
v 0.69422998 0.05570235 -0.01429126
v 0.69854419 0.05596337 -0.01265426
v 0.64262103 0.07403619 -0.03397482
v 0.64639532 0.07567879 -0.03279270
v 0.70204730 0.04898817 -0.00337168
v 0.69581793 0.04898553 -0.00778776
v 0.69007178 0.04987361 -0.01032365
v 0.68700641 0.05142996 -0.00700737
v 0.64232367 0.07254391 -0.03312461
v 0.64049817 0.07346222 -0.03311257
v 0.63832434 0.07460285 -0.03329611
v 0.63966510 0.07390652 -0.02733113
v 0.63494501 0.08118516 -0.03948370
v 0.35702576 -0.08050636 -0.07832906
v 0.36522986 -0.07535574 -0.07044753
v 0.39918533 -0.03321906 -0.04694888
v 0.36831592 -0.08529592 -0.01068641
v 0.45765332 0.00408210 -0.03296608
v 0.46473703 0.00634047 -0.02675908
v 0.45569250 0.01199876 -0.04372015
v 0.47099533 0.00865539 -0.02128726
v 0.55010199 0.02902509 0.00352897
v 0.54911938 0.02469420 0.00892947
v 0.54765039 0.02085704 0.01426174
v 0.58218018 0.05066336 -0.02217242
v 0.61156165 0.04673904 0.01380444
v 0.61844324 0.04769579 0.01454402
v 0.61701270 0.06556112 -0.03091690
v 0.61528668 0.06303587 -0.02392740
v 0.62764880 0.04765657 0.01267452
v 0.62104657 0.06806987 -0.03457678
v 0.64392242 0.05685081 -0.02013212
v 0.64834277 0.05683072 -0.01912333
v 0.65192676 0.05660117 -0.01815257
v 0.67789252 0.04035910 -0.00237226
v 0.68138910 0.04058316 -0.00195323
v 0.68517542 0.04076183 -0.00120072
v 0.68294788 0.04399030 -0.00354638
v 0.68941351 0.03202217 0.01095430
v 0.70508344 0.03855107 0.02127073
v 0.67972308 0.04637165 -0.00439792
v 0.68255408 0.04569315 -0.00198243
v 0.68519275 0.04509353 0.00044276
v 0.68143823 0.04652147 0.00241402
v 0.62593872 0.07665428 -0.04336628
v 0.62757397 0.07607636 -0.04105350
v 0.62391852 0.07816302 -0.04488007
v 0.62458698 0.07812552 -0.03623359
v 0.62913806 0.07553516 -0.03865656
v 0.62854553 0.07566637 -0.03339918
v 0.23197887 -0.10944489 -0.02176211
v 0.23992877 -0.11311226 -0.00795251
v 0.23668652 -0.11483898 0.00118871
v 0.23235107 -0.11609113 0.00891682
v -0.09500344 -0.04195066 0.00875864
v -0.07723695 -0.04547776 0.00089043
v -0.25739386 0.03275655 0.01689029
v -0.24680862 0.02131218 0.01242665
v -0.27022607 0.02324118 0.00319457
v -0.24485062 0.00911331 0.00435748
v 0.31468063 -0.33570978 0.09331853
v 0.31692291 -0.35017401 0.09605706
v 0.28874890 -0.34182932 0.13731726
v 0.28297198 -0.35903403 0.13881351
v 0.37733481 -0.40703928 0.14015996
v 0.37171555 -0.40334460 0.13882562
v 0.36676996 -0.40359961 0.13891272
v 0.36230539 -0.40359833 0.13906392
v 0.35836356 -0.39409647 0.14811882
v 0.35676706 -0.39633771 0.14489139
v 0.37795642 -0.39359915 0.11187954
v 0.38000601 -0.39605643 0.10983093
v 0.38188486 -0.39838327 0.10778998
v 0.38159949 -0.43140796 0.05258461
v 0.37371231 -0.43157541 0.05214931
v 0.30845886 -0.43186356 0.06445682
v 0.32835962 -0.43241797 0.06378826
v 0.34057260 -0.43213559 0.05854930
v 0.34660037 -0.43039206 0.03335380
v 0.33380316 -0.43209106 0.03890152
v 0.33824197 -0.43205383 0.04065602
v 0.34761395 -0.43193478 0.04619537
v 0.35044357 -0.43187576 0.04061695
v 0.35413367 -0.43187576 0.05228740
v 0.29699112 -0.42943515 0.06765170
v 0.29527896 -0.42867566 0.07738065
v 0.35440784 -0.42586612 0.03098012
v 0.37677774 -0.40236047 0.05378014
v 0.37857446 -0.40503488 0.05067487
v 0.38044092 -0.40774884 0.04699724
v 0.34413419 -0.39634326 0.04629062
v 0.33955832 -0.39349680 0.05103109
v 0.38557620 -0.40937054 0.06564381
v 0.28189417 -0.40145950 0.13368536
v 0.29650204 -0.40618179 0.14726801
v 0.33686627 -0.42735742 0.16919824
v 0.38349310 -0.40966953 0.14046519
v 0.38847311 -0.40755286 0.13881601
v 0.39192410 -0.40428067 0.13597154
v 0.35198627 -0.39179391 0.15467288
v 0.35624265 -0.39300912 0.15364720
v 0.36034024 -0.39420563 0.15251007
v 0.36423621 -0.42565656 0.17122392
v 0.36702094 -0.42262079 0.17016866
v 0.37005252 -0.41947824 0.16899730
v 0.40497247 -0.43135309 0.12505441
v 0.39512695 -0.43148822 0.12006911
v 0.35568042 -0.43195969 0.13532510
v 0.34663113 -0.43218835 0.12771117
v 0.33403241 -0.43244974 0.11219713
v 0.35124280 -0.43218610 0.10729481
v 0.30925134 -0.43198627 0.10107156
v 0.37022086 -0.43190073 0.10712744
v 0.32184903 -0.38537497 0.14420427
v 0.33588065 -0.37910880 0.09372398
v 0.35737119 -0.38562741 0.09080830
v 0.36125223 -0.38648218 0.08790253
v 0.36518024 -0.38730966 0.08512370
v 0.34703363 -0.38764175 0.06375457
v 0.33575336 -0.39130817 0.05462865
v 0.32018567 -0.38269003 0.06894521
v 0.40091266 -0.41938058 0.06990253
v 0.40317416 -0.42225781 0.07217752
v 0.40538251 -0.42529599 0.07426138
v 0.34062183 -0.38425851 0.07772092
v 0.29636591 -0.42954895 0.09211723
v 0.29210641 -0.42781070 0.10096960
v 0.28819855 -0.42603168 0.10871205
v 0.34164127 -0.38316882 0.10763881
v 0.31951419 -0.39305389 0.15362363
v 0.40186185 -0.40209988 0.12484032
v 0.40423767 -0.40482587 0.12244569
v 0.40662088 -0.40759378 0.11956371
v 0.36106445 -0.38948456 0.13025616
v 0.35546277 -0.38983206 0.13111569
v 0.33202829 -0.40312048 0.16540245
v 0.34937491 -0.41166843 0.03429422
v 0.34233353 -0.41058792 0.03642494
v 0.33697867 -0.41000153 0.03816034
v 0.35110297 -0.39024646 0.13234581
v -0.27546307 -0.43910889 0.15840749
v -0.19921527 -0.40292847 0.13022847
v -0.19607208 -0.40530914 0.12924738
v -0.19266353 -0.40283975 0.13572104
v -0.19383778 -0.40755557 0.12768509
v -0.23464081 -0.40551248 0.17483334
v -0.21673373 -0.41189517 0.17539565
v -0.21367076 -0.41479315 0.17421211
v -0.21075098 -0.41765112 0.17300731
v -0.24767917 -0.38270178 0.12183303
v -0.24357024 -0.38739874 0.12628104
v -0.23904276 -0.38843045 0.12468882
v -0.23603589 -0.38990369 0.12452005
v -0.22836372 -0.39745651 0.07689511
v -0.22910152 -0.39733618 0.08156129
v -0.21771048 -0.40588925 0.05854510
v -0.19141336 -0.40065503 0.10925874
v -0.18591928 -0.40215469 0.10781326
v -0.18041528 -0.40364664 0.10631336
v -0.21978659 -0.40519998 0.08735252
v -0.21115955 -0.39869064 0.09514226
v -0.23490135 -0.40320459 0.14831607
v -0.17626823 -0.43687967 0.15926944
v -0.17355429 -0.43376358 0.15879378
v -0.17076288 -0.43059116 0.15817601
v -0.16207736 -0.44319830 0.11782396
v -0.16702092 -0.44320422 0.11389976
v -0.16142737 -0.44309149 0.12666039
v -0.16413470 -0.44300912 0.12893594
v -0.16596925 -0.44134644 0.13252098
v -0.17751909 -0.44315454 0.10543418
v -0.22309253 -0.44337381 0.14957222
v -0.22472771 -0.44350827 0.14127664
v -0.23173581 -0.44381088 0.08317552
v -0.24569156 -0.44398184 0.09641363
v -0.23597806 -0.44362961 0.10895811
v -0.21997031 -0.44341473 0.12487155
v -0.30427560 -0.40015341 0.09875027
v -0.29885831 -0.40714526 0.09274737
v -0.29799893 -0.40945047 0.10155080
v -0.29767676 -0.41198883 0.11252447
v -0.25096283 -0.39560114 0.07511441
v -0.21154614 -0.40914828 0.08083670
v -0.21510112 -0.40560709 0.08110345
v -0.20834370 -0.41329584 0.08103668
v -0.19926642 -0.42953519 0.08062646
v -0.19971487 -0.41230991 0.06535797
v -0.22967867 -0.39803824 0.08433945
v -0.17362770 -0.41459396 0.09367640
v -0.16808202 -0.43043250 0.13177631
v -0.16670518 -0.43340494 0.13371474
v -0.16511589 -0.43653455 0.13545691
v -0.21730405 -0.43688425 0.04687363
v -0.22203949 -0.43423181 0.04701406
v -0.22366261 -0.44162985 0.04959423
v -0.22732671 -0.43229352 0.04714645
v -0.23353549 -0.41378098 0.05353220
v -0.25098561 -0.41360248 0.17479639
v -0.24705051 -0.39380853 0.13768274
v -0.25214261 -0.39142535 0.13694318
v -0.19880087 -0.40101013 0.14291513
v -0.19341658 -0.40238623 0.14219136
v -0.18795966 -0.40378870 0.14139017
v -0.26068451 -0.39086685 0.13723387
v -0.26865375 -0.38723813 0.13425255
v -0.25459677 -0.41633057 0.06398013
v -0.21838324 -0.44344019 0.07763858
v -0.22078134 -0.44352368 0.07396046
v -0.23404622 -0.44362753 0.05655316
v -0.23005685 -0.44373108 0.05947294
v -0.22033881 -0.44358151 0.06569598
v -0.21901459 -0.44349347 0.06003858
v -0.21365623 -0.44333301 0.06925375
v 0.68172144 0.14336081 0.02621135
v 0.68194861 0.14401265 0.02707428
v 0.68219897 0.14448984 0.02830463
v 0.68184680 0.14280801 0.03043886
v 0.68594983 0.13465491 0.03693464
v 0.68468103 0.13495901 0.03816203
v 0.68830334 0.10192266 0.06472792
v 0.67270618 0.11548682 0.06584477
v 0.67011230 0.11674326 0.06773984
v 0.69395251 0.11685561 0.05782702
v 0.70999121 0.12079260 0.04359385
v 0.72195203 0.09967912 0.04940411
v 0.72490173 0.09703570 0.04936569
v 0.71329059 0.09321013 0.05591397
v 0.71474304 0.09107762 0.05536578
v 0.71683820 0.08926051 0.05437015
v 0.72133569 0.08896140 0.05245939
v 0.73062347 0.06707440 0.03507625
v 0.72664917 0.06620052 0.03992456
v 0.70814929 0.06472211 0.05796772
v 0.70378699 0.06491395 0.06071307
v 0.69985651 0.06457841 0.06299538
v 0.65281677 0.09453220 0.08085741
v 0.64813971 0.09766753 0.08400607
v 0.67102179 0.08821301 0.07269283
v 0.70604950 0.05151022 0.05420031
v 0.64707355 0.08329214 0.08449884
v 0.64200946 0.08463002 0.08748327
v 0.71989233 0.05504685 0.02955025
v 0.72277490 0.05520267 0.02907895
v 0.65381757 0.06546571 0.07094563
v 0.65104370 0.06663786 0.07726582
v 0.65401917 0.06509104 0.07634177
v 0.65713751 0.06347158 0.07546339
v 0.63453809 0.08543086 0.09257133
v 0.63702362 0.08465255 0.09011051
v 0.36628967 -0.09055340 0.07195976
v 0.41611456 -0.02528168 0.04419778
v 0.40454279 -0.04308963 0.04862453
v 0.42719907 -0.00913340 0.03812776
v 0.44749338 -0.01723530 0.04506641
v 0.45206747 -0.01471203 0.05045354
v 0.54523859 0.03359265 0.06561832
v 0.54036078 0.03195006 0.06983509
v 0.58466010 0.05944931 0.09252135
v 0.58692065 0.05807327 0.08303703
v 0.59493311 0.04133839 0.04134734
v 0.59277051 0.03903345 0.04042668
v 0.59139844 0.03503259 0.03630965
v 0.62043616 0.05961932 0.06366432
v 0.63508282 0.05162241 0.05005969
v 0.62981641 0.05115581 0.04668932
v 0.63690570 0.06893942 0.08204627
v 0.63224518 0.06763351 0.08230598
v 0.63273395 0.06484594 0.07943314
v 0.63322095 0.06212641 0.07684702
v 0.63616626 0.05307809 0.05637960
v 0.69811163 0.03918347 0.04168013
v 0.69541437 0.03750989 0.04321140
v 0.68847400 0.03113630 0.03218481
v 0.68999609 0.03105153 0.03008069
v 0.69178754 0.03078562 0.02825569
v 0.67489960 0.03609502 0.04187376
v 0.69494635 0.04241450 0.03764974
v 0.69476782 0.04203603 0.04156200
v 0.69707715 0.04105765 0.04010749
v 0.69950928 0.04006586 0.03864908
v 0.63704663 0.07095872 0.07491013
v 0.63593945 0.07176458 0.08182230
v 0.63787250 0.07037656 0.08090166
v 0.63992700 0.06893035 0.07986528
v 0.27380902 -0.12559981 0.03041847
v 0.19367525 -0.10910831 0.05147395
v 0.18303647 -0.11242973 0.04485858
v 0.18687651 -0.10233109 0.06603731
v 0.17145020 -0.11507010 0.03820944
v -0.18933994 -0.00885535 0.03948707
v 0.63933887 0.11037408 0.09465635
v 0.64357483 0.11780942 0.08938894
v 0.64049365 0.12280135 0.09223186
v 0.63734595 0.12214149 0.09523888
v 0.64626245 0.12312985 0.08566768
v 0.64116833 0.12786069 0.09061684
v 0.63584082 0.13490886 0.09549079
v 0.55992255 0.24012088 0.09189653
v 0.53651453 0.25185144 0.08786821
v 0.52743732 0.25133472 0.09212787
v 0.53183081 0.24706628 0.09553195
v 0.52401648 0.25777060 0.08406007
v 0.51586761 0.25549872 0.09040472
v 0.50900330 0.24990726 0.09776580
v 0.53727753 0.24304547 0.09900397
v 0.55386456 0.23609476 0.09948347
v 0.53057104 0.24089319 0.10207886
v 0.54999738 0.23324617 0.10334595
v 0.52367786 0.19188057 0.13972232
v 0.52042419 0.18329433 0.14020619
v 0.52876831 0.17534914 0.13650613
v 0.53444690 0.17550241 0.13498795
v 0.51741644 0.17688278 0.13855074
v 0.52989807 0.16651289 0.13516632
v 0.54597620 0.14863753 0.13487494
v 0.54279230 0.12390408 0.13692769
v 0.52741534 0.14463603 0.13642688
v 0.52017468 0.14593346 0.13696930
v 0.52449921 0.13659277 0.13632822
v 0.51253113 0.16251501 0.13765140
v 0.51038281 0.15453270 0.13786707
v 0.50999921 0.14714709 0.13680411
v 0.59488678 0.19229295 0.10140654
v 0.59767316 0.20350677 0.09523723
v 0.58732239 0.21443243 0.09511218
v 0.57917883 0.21684349 0.09761314
v 0.60055121 0.21287914 0.08911201
v 0.58515582 0.22302164 0.09120257
v 0.56980707 0.22165031 0.10035348
v 0.57108875 0.21356114 0.10434436
v 0.58199756 0.15462801 0.11446094
v 0.58529388 0.16162169 0.11229830
v 0.57354834 0.17404051 0.11568006
v 0.56442487 0.17854378 0.11875001
v 0.58884796 0.16686815 0.11026080
v 0.57142932 0.18355254 0.11487874
v 0.54264294 0.21662866 0.11544744
v 0.52394806 0.25385406 0.07961769
v 0.51643445 0.24885403 0.08671628
v 0.50702582 0.25452124 0.08923042
v 0.51024426 0.25592609 0.08808112
v 0.51064990 0.24341492 0.09382646
v 0.50290997 0.25209445 0.09547618
v 0.51341431 0.25754254 0.08705937
v 0.51916364 0.25954285 0.08142111
v 0.52069354 0.18934457 0.13284750
v 0.51871112 0.17881094 0.13240576
v 0.51434698 0.18289432 0.13603192
v 0.51588165 0.18522453 0.13800984
v 0.51577832 0.17071066 0.13180811
v 0.51303601 0.17794841 0.13655634
v 0.51715253 0.18755678 0.14040097
v 0.51740967 0.19290285 0.14036635
v 0.54894238 0.10885400 0.12216268
v 0.55427325 0.10581458 0.12235873
v 0.54644379 0.10663727 0.12530601
v 0.54095074 0.10905306 0.12554041
v 0.55546753 0.10639896 0.12542868
v 0.54355090 0.10851983 0.12858224
v 0.52769733 0.11914476 0.13076718
v 0.53513251 0.11249962 0.12556654
v 0.53586639 0.11374059 0.12448012
v 0.52532153 0.12058154 0.12800639
v 0.52286115 0.12547701 0.12737414
v 0.57987781 0.15497841 0.10980014
v 0.58119067 0.16134953 0.10875370
v 0.58932318 0.15952725 0.10704508
v 0.58865509 0.15781659 0.10847701
v 0.58222473 0.17057573 0.10524389
v 0.59193060 0.16473430 0.10673100
v 0.58799786 0.15608752 0.10992167
v 0.58545801 0.15160948 0.10996886
v 0.55082123 0.11126427 0.13166495
v 0.54324695 0.11216158 0.13208359
v 0.53512665 0.11979272 0.13449567
v 0.54602356 0.15240337 0.12865698
v 0.55442242 0.13156537 0.12851488
v 0.54259406 0.14062933 0.13120268
v 0.57201770 0.13681493 0.11710904
v 0.56821228 0.12550964 0.11985516
v 0.56309705 0.11533313 0.12158804
v 0.52297443 0.20495052 0.12365325
v 0.51558984 0.21838083 0.11849121
v 0.53356024 0.21067038 0.11163694
v 0.54778259 0.19052254 0.11640289
v 0.50954718 0.23068440 0.11136066
v 0.53759161 0.21365250 0.10495088
v 0.53953369 0.13259639 0.12961407
v 0.54570874 0.11886104 0.12695126
v 0.53452246 0.12960555 0.12848337
v 0.55652374 0.11057619 0.12161387
v 0.52417749 0.14306758 0.12958357
v 0.51202527 0.16485529 0.13270206
v 0.52894342 0.12894147 0.12805069
v 0.50869818 0.15901558 0.13357042
v 0.66017047 0.18624113 0.05145444
v 0.65806378 0.18031258 0.05836993
v 0.66161469 0.17921397 0.05769306
v 0.66604059 0.17921631 0.05378536
v 0.65492810 0.17394232 0.06416553
v 0.66247601 0.17555925 0.05954639
v 0.66913531 0.17393741 0.05525667
v 0.36125870 0.24008423 0.08574500
v 0.38206793 0.24346451 0.08595052
v 0.38026096 0.24807379 0.06543098
v 0.37183939 0.24930969 0.05406932
v 0.40346210 0.24453421 0.08380018
v 0.39286783 0.24963611 0.05603571
v 0.38826443 0.25359937 0.02356151
v 0.36249725 0.25112769 0.04268998
v 0.35039496 0.24758063 0.05187962
v 0.36343060 0.25466440 0.02260068
v 0.34295322 0.25207849 0.02554130
v 0.54661377 0.25556873 0.05312371
v 0.55983881 0.25002954 0.05301381
v 0.56108228 0.24972900 0.04898356
v 0.55738190 0.25180798 0.04650476
v 0.56950952 0.24505957 0.05356288
v 0.56868427 0.24593335 0.04832999
v 0.56888831 0.24705457 0.03991732
v 0.50068207 0.25640881 0.05033447
v 0.50846875 0.24507953 0.06595915
v 0.51897522 0.24287149 0.07046633
v 0.51830786 0.24711865 0.06611206
v 0.51962439 0.23159526 0.08036140
v 0.52891681 0.23532211 0.07887648
v 0.53703156 0.23769456 0.07760732
v 0.52927124 0.24698520 0.07130393
v 0.51915295 0.24998889 0.06547168
v 0.52530261 0.25324231 0.06521407
v 0.51304437 0.25483206 0.05939556
v 0.42769379 0.21074771 0.13060361
v 0.41317456 0.23173941 0.11063727
v 0.39431128 0.23612231 0.10583621
v 0.39406439 0.23014017 0.11565171
v 0.39483380 0.22315253 0.12559474
v 0.41113306 0.20894063 0.13793729
v 0.37939270 0.22352072 0.12220504
v 0.39629684 0.20294719 0.14410730
v 0.47310913 0.21552408 0.09118395
v 0.44898035 0.21253740 0.11266395
v 0.45844427 0.19603526 0.11905665
v 0.47206775 0.18935965 0.11261757
v 0.45171829 0.18531140 0.13031516
v 0.47536090 0.16070624 0.12532163
v 0.48412393 0.18436192 0.10772745
v 0.49209790 0.19293658 0.09830507
v 0.49288293 0.16881378 0.11160558
v 0.50635803 0.17611676 0.10171870
v 0.52517926 0.21485486 0.08683318
v 0.53385767 0.21379231 0.08652303
v 0.53588330 0.22180963 0.08436334
v 0.52920020 0.19365688 0.09238270
v 0.54184674 0.20409578 0.08862602
v 0.55218903 0.21067310 0.08628336
v 0.60342712 0.23363420 0.02660699
v 0.58555615 0.23790288 0.02461073
v 0.58016870 0.24101724 0.02986970
v 0.58505579 0.23819926 0.03263749
v 0.57030725 0.24630688 0.02324385
v 0.57000623 0.24669147 0.03111381
v 0.58922150 0.23572273 0.03595737
v 0.60033026 0.23291905 0.03542860
v 0.58512561 0.23776654 0.04122746
v 0.59746497 0.23141228 0.04385281
v 0.51188434 0.11329929 0.12295768
v 0.49287299 0.13498943 0.12435836
v 0.47566776 0.13809853 0.12999332
v 0.47790302 0.12791791 0.12996718
v 0.45925912 0.15453268 0.13424446
v 0.44405457 0.14990791 0.14035989
v 0.48009238 0.11824347 0.12962305
v 0.49732977 0.10704062 0.12624050
v 0.46187067 0.12309221 0.13476825
v 0.48175586 0.10114051 0.12940497
v 0.53317493 0.05444750 0.09875582
v 0.50702271 0.05508659 0.10251859
v 0.50771637 0.04833810 0.09596532
v 0.52160309 0.04448918 0.09062582
v 0.47648135 0.05870114 0.11117983
v 0.49378421 0.04602954 0.09738634
v 0.50895538 0.03549293 0.08486506
v 0.60855530 0.23068663 0.03752197
v 0.61346521 0.22960651 0.03459380
v 0.60940796 0.22919043 0.04373811
v 0.62067249 0.22488942 0.04234288
v 0.61694684 0.22855739 0.03150259
v 0.61405011 0.23027449 0.02518223
v 0.62213263 0.22554701 0.03313091
v 0.62231543 0.22606570 0.02350199
v 0.54874835 0.13323573 0.10619048
v 0.53065564 0.11790927 0.11540328
v 0.54359808 0.11176463 0.11335447
v 0.55550677 0.11748912 0.10829792
v 0.54039313 0.10509829 0.11562112
v 0.56067297 0.10821707 0.10938593
v 0.63068665 0.21988062 0.02536102
v 0.62766370 0.22174954 0.03157717
v 0.63037024 0.21926468 0.03465819
v 0.63322046 0.21657079 0.03747138
v 0.64080365 0.21277451 0.03455603
v 0.62951459 0.21823824 0.04357067
v 0.63917767 0.21031905 0.04340862
v 0.57842822 0.08673308 0.11608090
v 0.56120929 0.08572318 0.11797943
v 0.55860413 0.08123087 0.11856618
v 0.56843213 0.07984448 0.11767589
v 0.53972717 0.08715675 0.11793729
v 0.54862024 0.07873952 0.11881918
v 0.55830988 0.07238228 0.11739902
v 0.60850360 0.16340498 0.09161813
v 0.60382434 0.15648157 0.09293686
v 0.61000470 0.15067043 0.09477260
v 0.61485376 0.15155922 0.09578488
v 0.59545239 0.14987221 0.09473939
v 0.60781409 0.14470392 0.09684417
v 0.61915656 0.13986789 0.10002077
v 0.64448938 0.17937079 0.06668456
v 0.63815186 0.17382713 0.07513298
v 0.64012012 0.17043063 0.07510503
v 0.64365045 0.17112305 0.07192496
v 0.63288971 0.16951947 0.08209221
v 0.63654034 0.16646893 0.08035588
v 0.64007373 0.16269707 0.07845139
v 0.63554510 0.18687767 0.06920236
v 0.63005389 0.18418381 0.07432880
v 0.63100244 0.18000536 0.07585012
v 0.62701593 0.19430081 0.07112349
v 0.62251019 0.18916367 0.07702275
v 0.61677625 0.18090826 0.08449450
v 0.63599988 0.20637560 0.05111243
v 0.64373926 0.20010980 0.05045192
v 0.64956781 0.19881590 0.04664960
v 0.63275946 0.20189407 0.05827069
v 0.64545551 0.19453104 0.05430195
v 0.65593781 0.19714417 0.04186945
v 0.65312622 0.20357196 0.03711169
v 0.66581708 0.18895963 0.04120234
v 0.66916058 0.15807797 0.05567271
v 0.67377704 0.15875296 0.05134890
v 0.67255109 0.16510353 0.05341682
v 0.66893396 0.16745854 0.05643165
v 0.67788055 0.15764629 0.04617115
v 0.67454871 0.16718314 0.05108612
v 0.64676300 0.14824850 0.08630355
v 0.64838770 0.15268114 0.08227122
v 0.64530145 0.15549477 0.08160352
v 0.64300635 0.15514400 0.08260497
v 0.65079315 0.15616104 0.07806927
v 0.64556250 0.15940688 0.07826080
v 0.63576190 0.14407384 0.09200155
v 0.63260388 0.14694142 0.09463998
v 0.63079126 0.14533867 0.09765702
v 0.63607599 0.15025755 0.08842793
v 0.63207318 0.15235376 0.09269594
v 0.62679065 0.15616176 0.09777471
v 0.62265485 0.11578929 0.09998860
v 0.61473682 0.11870547 0.10586323
v 0.60831195 0.11266577 0.10925422
v 0.60872070 0.10826069 0.10781300
v 0.60665723 0.12104329 0.10920822
v 0.60045587 0.11302600 0.11246051
v 0.59061591 0.10293526 0.11511371
v 0.60996527 0.10366572 0.10648415
v 0.61840582 0.10489185 0.10202219
v 0.60243036 0.09850144 0.11013710
v 0.61336157 0.09456889 0.10433802
v 0.57692395 0.07624120 0.11232245
v 0.57773444 0.07984412 0.11422067
v 0.59486584 0.08035024 0.10562177
v 0.58669037 0.08376604 0.11139477
v 0.63462823 0.10241843 0.09755281
v 0.63865509 0.10063189 0.09408073
v 0.64192065 0.10167206 0.09090857
v 0.63138397 0.09714481 0.09923176
v 0.63724353 0.09619419 0.09441050
v 0.64483636 0.10172246 0.08772042
v 0.64611700 0.10518167 0.08712921
v 0.68205359 0.13990521 0.03270308
v 0.68205157 0.13950781 0.03416801
v 0.68138190 0.14060892 0.03323511
v 0.68002325 0.14050964 0.03774520
v 0.68205585 0.13922968 0.03523172
v 0.68299677 0.13867789 0.03431540
v 0.68103571 0.13938058 0.03738437
v 0.68198688 0.13859273 0.03687009
v 0.65623279 0.14122415 0.07773278
v 0.65710486 0.14021342 0.07659132
v 0.65728870 0.14024802 0.07451854
v 0.65697638 0.14054382 0.07406088
v 0.65874591 0.13897195 0.07485925
v 0.65807672 0.13961220 0.07258516
v 0.65825275 0.13979214 0.06996661
v 0.66809662 0.13603964 0.06373583
v 0.66667285 0.13654657 0.06193716
v 0.66488477 0.13679720 0.06354606
v 0.66472803 0.13685710 0.06540108
v 0.66496606 0.13713573 0.06089236
v 0.66319592 0.13732101 0.06382543
v 0.66175354 0.13780499 0.06710846
v 0.66462738 0.13688741 0.06711090
v 0.66622217 0.13627896 0.06708726
v 0.66292395 0.13736546 0.06877379
v 0.66457629 0.13647772 0.06992580
v 0.67887750 0.13649994 0.04356188
v 0.67745923 0.13692795 0.04577560
v 0.67718793 0.13658246 0.04724821
v 0.67771539 0.13626819 0.04688361
v 0.67617963 0.13751035 0.04800152
v 0.67632404 0.13665254 0.04911961
v 0.67660553 0.13608499 0.05017697
v 0.67842944 0.13577219 0.04655362
v 0.67962018 0.13567039 0.04417989
v 0.67808984 0.13538611 0.04847650
v 0.68014044 0.13460237 0.04615609
v 0.66959351 0.14939487 0.05743844
v 0.66888483 0.15300632 0.05687738
v 0.66521362 0.15684785 0.06053337
v 0.66379633 0.15589227 0.06273765
v 0.66269635 0.16129152 0.06203524
v 0.65809894 0.16117699 0.06763763
v 0.66374255 0.14748618 0.06257141
v 0.66381567 0.14892365 0.06431979
v 0.66321100 0.14903462 0.06658510
v 0.66270990 0.14836026 0.06675318
v 0.66410736 0.15019226 0.06582431
v 0.66294220 0.14965228 0.06850878
v 0.66184125 0.14822578 0.07086218
v 0.66211133 0.14772614 0.06697627
v 0.66259387 0.14692360 0.06437744
v 0.66148627 0.14718643 0.06884782
v 0.66175104 0.14598477 0.06610007
v 0.65939679 0.15155635 0.07400967
v 0.65326740 0.15007016 0.08024940
v 0.65463849 0.14859904 0.07968766
v 0.65803979 0.14873914 0.07639048
v 0.65271667 0.14695808 0.08191496
v 0.65703979 0.14604637 0.07806120
v 0.65661719 0.13725255 0.07999921
v 0.65421307 0.13913351 0.08140971
v 0.65173517 0.13796835 0.08305948
v 0.65165216 0.13615561 0.08342609
v 0.65300006 0.14124103 0.08206375
v 0.64956042 0.13899559 0.08445282
v 0.64644885 0.13551340 0.08656121
v 0.67654633 0.12562943 0.06230632
v 0.67333527 0.12459666 0.06634258
v 0.67215680 0.12225903 0.06794361
v 0.67352319 0.12832144 0.06338472
v 0.67040588 0.12603253 0.06873035
v 0.66661200 0.12374522 0.07353626
v -0.24421007 0.14597165 0.08972340
v -0.24155455 0.14966672 0.08279880
v -0.25511079 0.13185373 0.07606435
v -0.26125446 0.12290271 0.07602406
v -0.23974808 0.15194092 0.07558820
v -0.26169189 0.12321947 0.06934710
v -0.28242795 0.09195553 0.06223414
v -0.48237662 -0.08570672 0.04029972
v -0.43223413 -0.07133658 0.04048219
v -0.42820401 -0.06321803 0.04279670
v -0.44510275 -0.06558975 0.04311541
v -0.39179141 -0.05435955 0.04015901
v -0.40142987 -0.04953310 0.04361485
v -0.40801968 -0.03881993 0.04482807
v -0.46047141 -0.06776535 0.04333178
v -0.48742737 -0.07621869 0.04269321
v -0.45475067 -0.05846866 0.04364197
v -0.49378766 -0.06679021 0.04280490
v -0.29678610 -0.36303006 0.09995120
v -0.31021521 -0.29361981 0.09862056
v -0.30842319 -0.28439078 0.09498106
v -0.30253256 -0.30888947 0.09401798
v -0.31417557 -0.23648543 0.10045513
v -0.31021368 -0.24517247 0.09463414
v -0.30335809 -0.25023792 0.09047570
v 0.21406317 0.03448522 0.17168559
v 0.21800580 0.00671093 0.16184587
v 0.23197041 0.00036926 0.16878456
v 0.23464276 0.00909115 0.17718130
v 0.22340010 -0.01876628 0.15039795
v 0.23871353 -0.01584281 0.16813979
v 0.25103967 -0.01661760 0.18389645
v -0.13613730 0.22451114 0.05952570
v -0.11551311 0.22814456 0.06531331
v -0.10835995 0.23085889 0.05305662
v -0.11361507 0.23037334 0.04492189
v -0.09565736 0.23017174 0.06899686
v -0.09359402 0.23302898 0.04748708
v -0.09138559 0.23379192 0.02535107
v -0.11943829 0.22980898 0.03855340
v -0.13483981 0.22624385 0.04219125
v -0.11264723 0.23099794 0.02605824
v -0.13435057 0.22631519 0.02431477
v -0.01796301 -0.02794009 0.10090537
v -0.06430634 -0.01766559 0.09649027
v -0.05085806 -0.02661886 0.08463226
v -0.01996657 -0.04213056 0.08098416
v -0.06153387 -0.03324120 0.07348730
v -0.02228192 -0.05161903 0.06615110
v -0.03626391 0.23399011 0.07558119
v -0.00075748 0.23321539 0.07843140
v 0.01135921 0.23675111 0.06113988
v -0.00084516 0.23891714 0.05117876
v 0.03116275 0.22626227 0.08325516
v 0.03535995 0.23389919 0.05759970
v 0.03718042 0.23945264 0.02585643
v -0.01267518 0.24007553 0.04220396
v -0.03566295 0.23816876 0.05047461
v -0.00053836 0.24114053 0.02418375
v -0.03483566 0.23913089 0.02440327
v -0.16902473 -0.07208275 0.10988386
v -0.15095604 -0.04820031 0.10087707
v -0.13156625 -0.04590694 0.11799822
v -0.13233601 -0.05380430 0.13088647
v -0.11409051 -0.03106488 0.12267963
v -0.10204410 -0.03213517 0.15109163
v 0.26046429 -0.15433621 0.12824730
v 0.25620563 -0.12484169 0.14156000
v 0.24642108 -0.12004507 0.13696033
v 0.24397836 -0.12766598 0.13010616
v 0.25515271 -0.10297640 0.15308835
v 0.24173907 -0.10428288 0.14229388
v 0.22772513 -0.10172761 0.13107135
v 0.25307614 0.03814595 0.19165611
v 0.27548917 0.03544922 0.19317255
v 0.27778308 0.05758688 0.19972711
v 0.26741861 0.07117882 0.20343907
v 0.29974268 0.03139292 0.19055055
v 0.29444025 0.06089967 0.20036554
v 0.28756049 0.10400163 0.21202417
v 0.25639780 0.08099483 0.20537805
v 0.24320563 0.06772290 0.19821529
v 0.25583945 0.10234991 0.21013390
v 0.23402139 0.09414600 0.20259750
v 0.24896411 -0.15709189 0.09786868
v 0.23620906 -0.12903171 0.10064873
v 0.23730408 -0.12213543 0.09161041
v 0.24494754 -0.13049423 0.08729041
v 0.22409819 -0.10751976 0.10312354
v 0.23169815 -0.11023869 0.08703609
v -0.27315820 0.09786172 0.08089555
v -0.28429633 0.07666346 0.07884090
v -0.28648224 0.07594763 0.09350063
v -0.27918466 0.08763462 0.10280546
v -0.29164832 0.05251593 0.07753580
v -0.29149493 0.06278635 0.09935487
v -0.28506082 0.06974454 0.12388944
v 0.39485309 0.14418002 0.16030544
v 0.36753934 0.17820067 0.15751591
v 0.34803110 0.18511198 0.15357887
v 0.34900098 0.17836934 0.15699089
v 0.34444604 0.20192715 0.13868634
v 0.32415283 0.20226151 0.13754102
v 0.30716653 0.20443300 0.13846967
v -0.31333707 -0.36012277 0.10433674
v -0.30407709 -0.32821744 0.10947166
v -0.30915887 -0.30461301 0.10593214
v -0.30903073 -0.35263748 0.11480775
v -0.30726016 -0.30536508 0.11412775
v -0.31481549 -0.24253625 0.11319338
v -0.24204117 -0.21331421 0.13882060
v -0.25222818 -0.20470280 0.14305273
v -0.27191812 -0.21962308 0.13769559
v -0.27438376 -0.23092503 0.13407097
v -0.26129443 -0.19237654 0.14586391
v -0.28445544 -0.22246948 0.13580823
v -0.29913788 -0.25487703 0.12897209
v -0.27489792 -0.24111766 0.13047638
v -0.26089761 -0.23790866 0.13009703
v -0.28607352 -0.26024744 0.12717860
v -0.27165793 -0.26641180 0.12347375
v -0.55683960 -0.03289762 0.02599256
v -0.58913446 -0.02120790 0.02471771
v -0.60036566 -0.01801102 0.02847252
v -0.59002844 -0.02375697 0.03044031
v -0.61943268 -0.01027882 0.02398482
v -0.62028680 -0.01187352 0.02936318
v -0.62147974 -0.01604996 0.03428159
v -0.57977844 -0.02976499 0.03274797
v -0.55789374 -0.03665475 0.03222141
v -0.59174127 -0.02858332 0.03602203
v -0.55940723 -0.04225937 0.03771089
v -0.28692758 0.10736553 0.04951578
v -0.26459256 0.12827650 0.06138169
v -0.25874066 0.13866092 0.05957603
v -0.26730054 0.13284410 0.05147750
v -0.24366676 0.15447252 0.06375382
v -0.24557190 0.15816980 0.05221149
v -0.28751697 -0.21906427 0.13342299
v -0.29381146 -0.22813190 0.13181329
v -0.30359875 -0.24443126 0.12410453
v -0.30351505 -0.25123132 0.12647116
v 0.29824139 -0.24758658 0.13714407
v 0.28906311 -0.24768813 0.13762613
v 0.28811380 -0.28216101 0.13644916
v 0.29236099 -0.29944812 0.13611395
v 0.28096243 -0.24123656 0.13658220
v 0.28333328 -0.29112869 0.13470975
v 0.29613251 -0.31563425 0.13564175
v 0.30070145 -0.29725583 0.13591995
v 0.32235922 -0.14044632 0.07093073
v 0.31931967 -0.13548796 0.06294120
v 0.30334583 -0.16371608 0.07410881
v 0.30764880 -0.13997095 0.06084510
v 0.19530933 0.00840429 0.16136044
v 0.18364224 -0.00444855 0.15754124
v 0.17912141 0.02100483 0.16703688
v 0.14561057 0.00694126 0.16512393
v -0.17548203 -0.06660800 0.20501740
v -0.19341313 -0.09944718 0.19242339
v -0.18627814 -0.11195391 0.18735524
v -0.17591837 -0.10587264 0.18853120
v -0.20829944 -0.12500886 0.17956848
v -0.19582608 -0.13427556 0.17695262
v -0.18322321 -0.14503659 0.16995724
v -0.16301295 -0.09818042 0.18943713
v -0.15221471 -0.07384966 0.19750009
v -0.15935417 -0.11513426 0.17901682
v -0.13569281 -0.08057971 0.18491673
v -0.03011470 0.14951588 0.15502335
v 0.00658116 0.14467720 0.15565756
v 0.01744394 0.16330005 0.14609354
v 0.00337910 0.17449225 0.13912805
v 0.04824828 0.13726112 0.16019066
v 0.04194156 0.16849457 0.14258688
v 0.03929308 0.19255322 0.12380238
v -0.01029889 0.18404854 0.13339413
v -0.03354181 0.17663986 0.13866086
v 0.00124288 0.19820244 0.12212083
v -0.03564418 0.20010577 0.12036744
v 0.10512421 0.23116934 0.02527464
v 0.10242867 0.22447485 0.05256316
v 0.12176544 0.22404123 0.06261432
v 0.13054716 0.22792520 0.05263477
v 0.10189973 0.21340387 0.08409613
v 0.13282132 0.22041850 0.08310335
v 0.15528802 0.22802924 0.08019943
v 0.13845047 0.23181209 0.04311124
v 0.12792648 0.23351648 0.02154908
v 0.15594550 0.23310017 0.05471847
v 0.15337228 0.23595171 0.02378580
v -0.09333634 -0.00721433 0.19209262
v -0.11555356 -0.00436949 0.20834402
v -0.13563910 -0.02594817 0.21000023
v -0.13548894 -0.03996636 0.20490245
v -0.13666327 0.00559065 0.21824814
v -0.15742793 -0.03218797 0.21375258
v -0.13491330 -0.05285977 0.19977216
v -0.11683627 -0.04503024 0.19150610
v 0.27448129 -0.07008375 0.17327554
v 0.27999304 -0.04724275 0.18118434
v 0.27073987 -0.03680479 0.18402896
v 0.26445551 -0.04384256 0.18022409
v 0.28586090 -0.02042113 0.18700191
v 0.26690649 -0.01872752 0.18774559
v 0.22276169 0.16168286 0.19713644
v 0.24573419 0.17292635 0.19807399
v 0.23907993 0.19423036 0.18363889
v 0.22682765 0.20141643 0.17570229
v 0.26727945 0.17797351 0.19475609
v 0.24790594 0.20485808 0.17485870
v 0.22998460 0.22696748 0.15200699
v 0.21951495 0.20700465 0.16839655
v 0.21388506 0.19280092 0.17565637
v 0.21751953 0.22313530 0.15032292
v 0.20662621 0.21408076 0.15318788
v -0.06363801 0.05300409 0.18243007
v -0.07345422 0.04900459 0.19233220
v -0.07599738 0.03443834 0.19264268
v -0.07550054 0.02828111 0.18855809
v -0.08322182 0.04383794 0.20120488
v -0.08523811 0.02450606 0.19871031
v -0.30416870 -0.35280612 0.08206536
v -0.31083807 -0.36057428 0.08440311
v -0.29851410 -0.33127188 0.09315894
v -0.29996204 -0.30942133 0.09015321
v -0.27668759 -0.09167526 0.12292570
v -0.27012750 -0.08858167 0.11557153
v -0.26851428 -0.12223653 0.11144554
v -0.27327841 -0.13634283 0.11179045
v -0.25994403 -0.09377161 0.10787672
v -0.26595883 -0.14201660 0.10523861
v -0.27473828 -0.18594348 0.10032226
v -0.27728809 -0.15107925 0.11173286
v -0.27971759 -0.14039075 0.11705501
v -0.28025940 -0.18205228 0.10576684
v -0.28700809 -0.18282961 0.10999655
v -0.56446887 -0.07786429 0.03867351
v -0.57146997 -0.08130417 0.03262412
v -0.54409399 -0.08885018 0.03018386
v -0.52874896 -0.08943216 0.03285755
v -0.57250220 -0.08388758 0.02476230
v -0.52990082 -0.09247587 0.02486194
v -0.48418228 -0.09445075 0.02482171
v -0.51420258 -0.09002901 0.03557762
v -0.52834259 -0.08400417 0.03978413
v -0.48429901 -0.09198737 0.03295370
v -0.56427661 -0.05891615 0.04253437
v -0.59697937 -0.04331628 0.04132693
v -0.60946912 -0.04362164 0.04075687
v -0.59994440 -0.05175753 0.04080352
v -0.62825433 -0.02859443 0.03961457
v -0.62944177 -0.03729885 0.03927120
v -0.62725574 -0.04726718 0.03728008
v -0.59060974 -0.06049650 0.04080240
v -0.56727283 -0.06851694 0.04166695
v -0.59781958 -0.06331397 0.03862405
v -0.31846588 0.07048892 0.04512829
v -0.30992642 0.07363396 0.05055965
v -0.28703741 0.09791022 0.05569372
v -0.36010208 0.02359575 0.04313054
v -0.32059549 0.05668470 0.05152175
v 0.27568857 -0.24768149 0.13116190
v 0.27904211 -0.28222879 0.13136404
v 0.27155569 -0.24796465 0.12453359
v 0.27906796 -0.30034503 0.12853551
v -0.24647588 -0.06846394 0.09489606
v -0.24196666 -0.08249224 0.09738570
v -0.24765378 -0.10493467 0.10266223
v -0.23129895 -0.04677456 0.08116483
v -0.23288142 -0.08286577 0.09427715
v -0.23735460 -0.11270438 0.10024475
v 0.20308188 0.23545380 0.08993512
v 0.20262263 0.23410406 0.06059238
v 0.18609958 0.23440245 0.04824009
v 0.17921585 0.23450243 0.05652766
v 0.20104480 0.23325783 0.03201410
v 0.17701942 0.23520586 0.02727161
v 0.17216731 0.23408971 0.06560188
v 0.17822032 0.23244965 0.08521748
v -0.20369727 -0.13756265 0.11052498
v -0.18692607 -0.14498962 0.12686649
v -0.20081770 -0.17040529 0.12506844
v -0.21527106 -0.17976402 0.11542229
v -0.17313655 -0.15007388 0.14541869
v -0.20538161 -0.18591289 0.13067357
v -0.23641602 -0.22063699 0.11821406
v -0.13273358 0.20293486 0.11448321
v -0.11473293 0.20491296 0.11293303
v -0.11944366 0.20962944 0.10376532
v -0.13102051 0.20877626 0.10085921
v -0.09941721 0.20706111 0.10975545
v -0.11548412 0.21193993 0.09857908
v -0.13289360 0.21203712 0.08921013
v 0.18867284 0.14957162 0.17857529
v 0.15207904 0.13998143 0.17294957
v 0.14986551 0.11638280 0.17815508
v 0.16383904 0.10711068 0.18045462
v 0.12149771 0.13667174 0.16883264
v 0.12634660 0.10858556 0.17610963
v 0.13197139 0.06847426 0.17887802
v 0.17845795 0.09994290 0.18269148
v 0.19750688 0.11681232 0.18626222
v 0.17619009 0.07886884 0.18165208
v 0.20532315 0.09203817 0.18772432
v -0.08592038 0.09357520 0.20051857
v -0.08251975 0.06273724 0.20231770
v -0.07513618 0.06187402 0.19473529
v -0.07374150 0.06920485 0.19218307
v -0.07269547 0.07669244 0.18989268
v -0.07658429 0.09419891 0.19004607
v -0.06555824 0.07279543 0.18457785
v -0.06708655 0.09655732 0.18214978
v 0.28817892 -0.05838022 0.17737640
v 0.29527460 -0.05256498 0.17812912
v 0.28800790 -0.07453929 0.17256400
v 0.30197449 -0.07993351 0.16844212
v 0.27754770 0.14485606 0.20841951
v 0.25828741 0.15039957 0.20771175
v 0.25314450 0.13682964 0.20991809
v 0.27394440 -0.15734860 0.14372940
v 0.28474673 -0.15743448 0.14510045
v 0.28942233 -0.13812534 0.15039551
v 0.28586353 -0.13014569 0.15379613
v 0.29470651 -0.16362250 0.14355701
v 0.29732904 -0.13480461 0.15083228
v 0.29990115 -0.11247562 0.15881030
v -0.23769524 0.13422157 0.13415366
v -0.23955266 0.14499338 0.10841552
v -0.25203087 0.12903471 0.10006333
v -0.25785699 0.11685829 0.10600260
v -0.25912994 0.12323647 0.08576234
v -0.24719174 -0.20886159 0.09796591
v -0.24155779 -0.21437447 0.10561362
v -0.25434218 -0.23178015 0.09906190
v -0.26167828 -0.23180901 0.09182923
v -0.25702097 -0.24088972 0.10050420
v -0.27597610 -0.26443494 0.08537347
v -0.66792377 -0.02936047 0.03283272
v -0.67225690 -0.03153337 0.02842450
v -0.66158319 -0.03769561 0.02772032
v -0.65490466 -0.03969655 0.02954651
v -0.67054871 -0.03362531 0.02399330
v -0.65568848 -0.04139235 0.02447802
v -0.63463336 -0.05186890 0.02454926
v -0.64811139 -0.04130573 0.03218707
v -0.65004883 -0.03677995 0.03531725
v -0.63395599 -0.04951896 0.03118578
v -0.26411954 -0.19053505 0.09488717
v -0.27116235 -0.18877295 0.09676230
v -0.26544424 -0.16004192 0.10094578
v -0.26096002 -0.14559590 0.10124188
v 0.25286502 -0.15596725 0.12318710
v 0.25692725 -0.18391556 0.12043880
v 0.26086450 -0.19978810 0.12068506
v 0.24781332 -0.15618875 0.11818736
v 0.25573642 -0.19946667 0.11703715
v 0.26196570 -0.25071657 0.11627402
v 0.26433090 -0.21544186 0.12120833
v 0.26614301 -0.20009171 0.12450066
v 0.26663852 -0.24779846 0.12027836
v -0.27381161 -0.01855226 0.08406073
v -0.27198181 0.00164725 0.06818086
v -0.25937354 -0.01380348 0.07026927
v -0.25496033 -0.03320396 0.08126241
v -0.25089229 -0.00976876 0.06445163
v 0.26472278 -0.08773179 0.16392123
v 0.26760522 -0.09418966 0.16551794
v 0.27502036 -0.08958012 0.16970213
v 0.26414230 -0.10652359 0.15941675
v 0.27370587 -0.10748228 0.16498602
v 0.22454314 -0.10432874 0.11761302
v 0.23075713 -0.11973640 0.11864414
v 0.23684296 -0.12724421 0.12417387
v 0.23465146 -0.12829776 0.11290519
v 0.32731702 -0.10498742 0.14318201
v 0.33739780 -0.07983821 0.13902557
v 0.33417838 -0.06715152 0.15057382
v 0.32731699 -0.07285638 0.15766014
v 0.33830563 -0.04773072 0.15219193
v 0.32647821 -0.04111546 0.16880844
v -0.19697821 -0.05394273 0.20503703
v -0.21091472 -0.06935432 0.19654166
v -0.20727960 -0.08315483 0.19369946
v -0.21791632 -0.04185340 0.19885603
v -0.22630670 -0.07208175 0.18899431
v -0.23654471 -0.10698171 0.17459093
v -0.20574138 -0.09665089 0.19055432
v -0.22018584 -0.11522316 0.17986208
v -0.14491191 -0.08033304 0.13740869
v -0.15514235 -0.10415131 0.13864099
v -0.16864743 -0.11315169 0.12967151
v -0.13218736 -0.08384151 0.15504204
v -0.14882906 -0.11388062 0.15139664
v -0.17935149 -0.12112843 0.12287972
v -0.18679353 -0.10394442 0.11098376
v 0.05794907 0.00138885 0.16161617
v 0.10425908 0.00412437 0.16462206
v 0.10946474 0.02399969 0.17037909
v 0.09393336 0.03335374 0.17138884
v 0.13672862 0.03306066 0.17276508
v 0.07917363 0.04416051 0.17204662
v 0.05285576 0.03420382 0.16849229
v 0.08458519 0.06727313 0.17400723
v 0.04586909 0.06463239 0.17072484
v -0.08619813 0.15903946 0.15572980
v -0.09643317 0.16018402 0.16054431
v -0.09207106 0.13934175 0.17640311
v -0.08686572 0.12766882 0.18018394
v -0.10654800 0.16275969 0.16359459
v -0.09830972 0.13255638 0.18583914
v 0.34208395 0.01152186 0.17240376
v 0.32027463 0.01963072 0.18281331
v 0.30735172 0.00998837 0.18513910
v 0.30925229 0.00099084 0.18254932
v 0.29112860 0.01046440 0.18876135
v 0.31497498 -0.01315540 0.17899268
v 0.32908041 -0.00822777 0.17265121
v 0.30768399 -0.03152723 0.17943848
v 0.20786049 0.15492793 0.18850391
v 0.20783217 0.17806039 0.17942499
v 0.20145763 0.18568263 0.16972551
v -0.22249637 -0.12190405 0.10357433
v -0.22193593 -0.09612900 0.09860907
v -0.21270720 -0.08984119 0.09841955
v -0.19971393 -0.08439857 0.10058133
v -0.20185271 -0.06025120 0.09249195
v -0.28340561 -0.17461121 0.12878107
v -0.26894824 -0.12647602 0.14576422
v -0.27366806 -0.11434340 0.14359654
v -0.27877301 -0.12083858 0.13664374
v -0.26001370 -0.08098887 0.16155142
v -0.27213483 -0.08122533 0.14971866
v -0.27969772 -0.07172510 0.14015906
v 0.54754462 0.25720145 0.02664363
v 0.53486499 0.26073895 0.02537265
v 0.53042920 0.26087531 0.03256770
v 0.53474664 0.25912338 0.03592228
v 0.52164923 0.26321536 0.02521380
v 0.52167877 0.26165714 0.03651391
v 0.52383966 0.25941214 0.04672095
v 0.53891693 0.25786215 0.03830088
v 0.54717047 0.25640079 0.03521624
v 0.53643341 0.25771515 0.04395010
v 0.54667249 0.25567749 0.04174319
v 0.55123950 0.24309964 0.07014944
v 0.54756281 0.24655255 0.06561235
v 0.54510199 0.25065250 0.06157740
v 0.54612115 0.25069724 0.06196944
v 0.54219647 0.24836374 0.06354317
v 0.54216431 0.25379184 0.05856726
v 0.61305762 0.22508409 0.06093514
v 0.60034808 0.23134604 0.05754745
v 0.59370911 0.23516661 0.05936265
v 0.59555511 0.23524130 0.06172740
v 0.58996985 0.23495279 0.05403345
v 0.58487897 0.23876614 0.05797257
v 0.57487781 0.24474701 0.06157199
v 0.54510394 0.25758304 0.05726785
v 0.55356036 0.25481421 0.05788231
v 0.55940118 0.25153589 0.05675187
v 0.54046436 0.25956131 0.06374393
v 0.55641400 0.25315314 0.06275111
v 0.56317358 0.24910403 0.05595545
v 0.57125018 0.24525964 0.05704864
v -0.16448582 0.14218079 0.19094975
v -0.19350685 0.12150117 0.19134686
v -0.19334085 0.09147107 0.20043811
v -0.17989738 0.08783942 0.20684337
v -0.21546564 0.10312565 0.18382228
v -0.20698973 0.06756015 0.19731302
v -0.19615802 0.02668645 0.20735249
v -0.16557481 0.08526349 0.21278674
v -0.14969579 0.10640797 0.21141606
v -0.16287314 0.05463941 0.21720479
v -0.13878963 0.07504716 0.21935909
v -0.19374020 0.19928224 0.06269481
v -0.22051782 0.18015242 0.05750528
v -0.22783504 0.17058838 0.06449364
v -0.21851981 0.17665009 0.06975291
v -0.20926218 0.18270688 0.07570363
v -0.19181651 0.19571800 0.07617030
v -0.21252571 0.17699905 0.08302298
v -0.18624181 0.19441971 0.08876793
v -0.10188688 -0.01869678 0.12839049
v -0.09164727 -0.01217144 0.14605038
v -0.09637707 -0.01449573 0.11782381
v -0.08123670 0.00006300 0.14090695
v 0.44891949 0.04162956 0.11572484
v 0.45729129 0.03198216 0.10440078
v 0.47519388 0.03317674 0.09661140
v 0.47819852 0.03815316 0.09978307
v 0.48935358 0.02961359 0.08623994
v 0.51342590 0.07094171 0.11859667
v 0.49885657 0.08401227 0.12390669
v 0.48167755 0.08418932 0.12910294
v 0.48034821 0.07694064 0.12756165
v 0.46282837 0.09433794 0.13558289
v 0.44754288 0.08619707 0.13835019
v 0.42651981 0.05451919 0.12894026
v 0.41825833 0.04460700 0.13061314
v 0.42825781 0.03399992 0.12319512
v 0.40007480 0.07795149 0.14563272
v 0.40353064 0.04906051 0.13871545
v 0.40543463 0.02365698 0.13306673
v 0.53199475 0.03201574 0.07393987
v 0.52006836 0.02868176 0.07225712
v 0.53193298 0.03707092 0.08159004
v 0.66235089 0.15138651 0.06981909
v 0.66223926 0.15047353 0.07027974
v 0.66116223 0.14997879 0.07224031
v 0.65865436 0.14327376 0.07589314
v 0.65608411 0.14234479 0.07904412
v 0.65595367 0.14191924 0.07892622
v 0.65711639 0.14215981 0.07725995
v 0.65498114 0.14112836 0.07999312
v 0.66938757 0.13470087 0.06444798
v 0.67125232 0.13444238 0.06171093
v 0.67156793 0.13515150 0.06013445
v 0.67054047 0.13315237 0.06473174
v 0.67283649 0.13376077 0.06019529
v 0.67509723 0.13468724 0.05564486
v 0.67170709 0.13590768 0.05894140
v 0.66998218 0.13654512 0.06009734
v 0.67298932 0.13602734 0.05663973
v 0.67100079 0.13712247 0.05674588
v 0.68317480 0.13317973 0.04573802
v 0.68224115 0.13286653 0.04822619
v 0.68272638 0.13409955 0.04304573
v 0.67606989 0.13548239 0.05253121
v 0.67492303 0.13605606 0.05304118
v 0.67407886 0.13614507 0.05412516
v 0.67486407 0.13659377 0.05176373
v 0.67304413 0.13720537 0.05255286
v 0.68372931 0.13806577 0.03427435
v 0.68317200 0.13775354 0.03616790
v 0.67548120 0.14326543 0.04611256
v 0.67695239 0.14055492 0.04440966
v 0.67781360 0.14061478 0.04242871
v 0.67778101 0.14141853 0.04202713
v 0.67842841 0.13875121 0.04276535
v 0.67894263 0.13979770 0.04078320
v 0.67781372 0.14225488 0.04178894
v 0.67705743 0.14405124 0.04352565
v 0.67893506 0.14215565 0.03954084
v 0.67849670 0.14448654 0.04103170
v 0.34113797 -0.00244046 0.16498859
v 0.35898434 0.00488583 0.15900487
v 0.34403149 -0.01578347 0.15911978
v 0.37371606 -0.00161233 0.14368103
v 0.25471600 0.23901236 -0.03772764
v 0.27737064 0.23426843 -0.06215198
v 0.27034006 0.23174739 -0.07460040
v 0.25712344 0.23447028 -0.07242361
v 0.30659915 0.21905341 -0.08945486
v 0.28525824 0.22177715 -0.09281679
v 0.27306805 0.22143230 -0.10127531
v 0.52532233 0.25433997 -0.02830994
v 0.55397852 0.23345227 -0.03083912
v 0.55276440 0.23717351 -0.02517591
v 0.53463068 0.25118204 -0.02096169
v 0.59254651 0.21521680 -0.03456340
v 0.56470850 0.23073064 -0.02292540
v 0.54135272 0.24890515 -0.01388025
v 0.54385522 0.20523155 -0.06973632
v 0.52976556 0.22547949 -0.05766634
v 0.53501453 0.22598840 -0.05868208
v 0.54676270 0.21653900 -0.06404666
v 0.51431720 0.24424603 -0.04661681
v 0.53142462 0.23586870 -0.05183833
v 0.55101721 0.22623187 -0.05729398
v 0.54297552 0.16010974 -0.08450499
v 0.54163800 0.15147939 -0.08451740
v 0.53096051 0.15561098 -0.08679610
v 0.52731940 0.16081903 -0.08711387
v 0.53975836 0.14282368 -0.08429290
v 0.52451776 0.15398289 -0.08809695
v 0.51192450 0.16242821 -0.09041351
v 0.51080426 0.14833722 -0.08858468
v 0.52190045 0.14684636 -0.08764112
v 0.52341486 0.14095227 -0.08572638
v 0.51777319 0.13931306 -0.08525351
v 0.53160297 0.13569035 -0.08316528
v 0.52662439 0.13140688 -0.08144654
v 0.56364026 0.23767645 -0.04096542
v 0.58616449 0.23247217 -0.03175610
v 0.59085693 0.22722641 -0.03573594
v 0.58119580 0.22518855 -0.04241307
v 0.60431415 0.22957144 -0.02324483
v 0.60203387 0.22441539 -0.03197535
v 0.59781561 0.21574458 -0.04074801
v 0.54565106 0.16846457 -0.08375440
v 0.55692395 0.16328853 -0.07886945
v 0.56402612 0.15598691 -0.07498908
v 0.54705249 0.17730122 -0.08151206
v 0.56473517 0.16453934 -0.07516055
v 0.58263660 0.15417747 -0.06471679
v 0.55515857 0.13164337 -0.07800930
v 0.55331189 0.12667491 -0.07715621
v 0.54666095 0.12831601 -0.07865712
v 0.56458026 0.12403149 -0.07315132
v 0.55775592 0.12021959 -0.07372863
v 0.54970245 0.11870590 -0.07368999
v 0.52085571 0.20309914 -0.08408147
v 0.52341779 0.19298705 -0.08867287
v 0.52008655 0.19279355 -0.08929675
v 0.51880237 0.19596683 -0.08653825
v 0.52460187 0.18379674 -0.09201234
v 0.52064001 0.18694641 -0.08941897
v 0.52661676 0.18133748 -0.08181671
v 0.51725385 0.19893172 -0.08495195
v 0.51519165 0.20596329 -0.08397166
v 0.52537451 0.19138812 -0.07854538
v 0.52327307 0.20064128 -0.07532331
v 0.51724127 0.13686830 -0.08304294
v 0.51394507 0.14072694 -0.08371250
v 0.52387830 0.13038904 -0.07952982
v 0.52359570 0.13124544 -0.07744046
v 0.51062909 0.14469067 -0.08445616
v 0.50678210 0.15104137 -0.08786096
v 0.51543701 0.14008727 -0.08069237
v 0.50880096 0.15011754 -0.08494656
v 0.55744391 0.11748720 -0.07116621
v 0.55156787 0.11674675 -0.07040701
v 0.55902844 0.11894641 -0.07044071
v 0.54753778 0.12047473 -0.06945016
v 0.58839832 0.16834882 -0.06128331
v 0.59244739 0.17999507 -0.05641593
v 0.59733075 0.18110242 -0.05207469
v 0.59582263 0.17621982 -0.05262539
v 0.59494617 0.19359567 -0.05146119
v 0.59870905 0.19004262 -0.04783818
v 0.59140106 0.19115736 -0.04590694
v 0.59420349 0.17156871 -0.05320296
v 0.59194495 0.16471884 -0.05696499
v 0.58705927 0.18017621 -0.04969350
v 0.58172113 0.16935275 -0.05589105
v 0.52941827 0.13888538 -0.07664702
v 0.52033374 0.14369415 -0.07970791
v 0.52558008 0.13553635 -0.07667794
v 0.51124396 0.16092638 -0.08545561
v 0.50882788 0.15569150 -0.08556928
v 0.52581934 0.13240125 -0.07593697
v 0.53545520 0.12449229 -0.07255947
v 0.56430371 0.19868164 -0.04665073
v 0.54680322 0.20606415 -0.04902749
v 0.55864484 0.21134799 -0.04304400
v 0.51635889 0.24171860 -0.03967766
v 0.54743390 0.16870393 -0.07498085
v 0.53945190 0.17929124 -0.07445288
v 0.57717609 0.15432840 -0.06109994
v 0.54734650 0.17658963 -0.07222277
v 0.54093127 0.25971567 -0.01213451
v 0.53259064 0.25987875 -0.02246797
v 0.52578131 0.26068759 -0.02500523
v 0.52869189 0.25984808 -0.02054239
v 0.52376105 0.25758893 -0.03495415
v 0.51915765 0.25933545 -0.03103576
v 0.65835181 0.13886195 -0.01670364
v 0.65728070 0.13942311 -0.01895749
v 0.65765930 0.13980544 -0.01841536
v 0.65863922 0.13960493 -0.01670930
v 0.65714380 0.13992023 -0.02055532
v 0.65765442 0.14028058 -0.01949539
v 0.65921686 0.14091226 -0.01693214
v 0.66211127 0.14496039 -0.01295762
v 0.66487195 0.14452773 -0.00785096
v 0.66669629 0.14336876 -0.00516391
v 0.66549377 0.14292680 -0.00676399
v 0.66818188 0.14414037 -0.00399884
v 0.66959314 0.14279672 -0.00195184
v 0.67025146 0.14153493 -0.00093355
v 0.66602631 0.13712675 -0.00733879
v 0.66386267 0.13702124 -0.01034435
v 0.66217102 0.13751653 -0.01151992
v 0.66190015 0.13790228 -0.01162676
v 0.66184143 0.13723949 -0.01388757
v 0.66027747 0.13787440 -0.01453352
v 0.66657501 0.13975757 -0.00472006
v 0.66765662 0.13928302 -0.00323873
v 0.66581012 0.13942116 -0.00589743
v 0.67344714 0.13909219 0.00297221
v 0.67199164 0.13882565 0.00156511
v 0.67086243 0.13876198 0.00003839
v 0.66634784 0.13905299 -0.00531818
v 0.66469952 0.13904079 -0.00803076
v 0.67020380 0.13852119 -0.00082135
v 0.66971637 0.13808162 -0.00218059
v 0.66084332 0.13870699 -0.01339935
v 0.66256396 0.13860321 -0.01131885
v 0.44876010 0.23726001 -0.01146665
v 0.42133179 0.24108536 -0.02236469
v 0.41140799 0.24762784 -0.00663256
v 0.41897028 0.24743073 0.00548587
v 0.39896863 0.24414001 -0.03593128
v 0.39336520 0.25150327 -0.00858932
v 0.42598865 0.24793628 0.01414163
v 0.44218637 0.24547559 0.00928565
v 0.41527811 0.25071280 0.02829319
v 0.43832526 0.24917123 0.02818567
v 0.52133307 0.25965750 0.00304839
v 0.53421973 0.25829166 0.00581975
v 0.53829065 0.25734482 0.00228939
v 0.53402374 0.25760004 -0.00121107
v 0.54678943 0.25575684 0.00943028
v 0.54640198 0.25573248 0.00307889
v 0.54595795 0.25561725 -0.00332438
v 0.52530255 0.25324234 -0.01544469
v 0.53486938 0.25468643 -0.01021913
v 0.54050964 0.25150140 -0.01378155
v 0.53833234 0.24877835 -0.01880811
v 0.54612115 0.25069720 -0.01220005
v 0.54988824 0.24442746 -0.01945321
v 0.43908667 0.20537973 -0.06895466
v 0.41683179 0.22703146 -0.05438159
v 0.42686993 0.23086240 -0.03943814
v 0.44116803 0.22298338 -0.04061628
v 0.45343643 0.21825806 -0.03977052
v 0.45915720 0.20776132 -0.05121745
v 0.46372964 0.22322142 -0.02791986
v 0.47464145 0.21107764 -0.03865769
v 0.47206332 0.15809543 -0.08136234
v 0.45854797 0.15284740 -0.08853238
v 0.44236829 0.17003494 -0.08974794
v 0.43983994 0.18024889 -0.08660534
v 0.44241287 0.14861491 -0.09583868
v 0.42413290 0.17707240 -0.09318052
v 0.40099173 0.20650119 -0.08294804
v 0.43777756 0.18910112 -0.08316318
v 0.45500757 0.18280251 -0.07827562
v 0.42145099 0.20476860 -0.07840721
v 0.56520123 0.21612244 -0.03320486
v 0.55664020 0.21086214 -0.03644842
v 0.54579211 0.21867656 -0.03501532
v 0.54341089 0.22422740 -0.03335093
v 0.55158588 0.20343628 -0.03927202
v 0.53818701 0.21713145 -0.03630325
v 0.52484131 0.22932516 -0.03169397
v 0.54141278 0.22913727 -0.03198658
v 0.55101685 0.22765834 -0.03090283
v 0.53013104 0.23569041 -0.02880610
v 0.53837878 0.23820844 -0.02727814
v 0.56613116 0.16391956 -0.04761382
v 0.54481531 0.17942746 -0.04528776
v 0.54897198 0.18712454 -0.04339398
v 0.55836499 0.18507787 -0.04346361
v 0.52896576 0.19456294 -0.04291212
v 0.54071912 0.19894316 -0.04099191
v 0.56645129 0.18327849 -0.04379667
v 0.57516943 0.17369788 -0.04529947
v 0.56608453 0.19273476 -0.04150674
v 0.58203265 0.18219666 -0.04316856
v 0.46591202 0.12411526 -0.08949310
v 0.46055981 0.11226338 -0.09265318
v 0.44730338 0.11844341 -0.09751328
v 0.48395935 0.10607381 -0.08398389
v 0.46933423 0.09718623 -0.08995223
v 0.44667261 0.09254289 -0.09742859
v 0.43268887 0.12649857 -0.10283854
v 0.42102100 0.14674176 -0.10460204
v 0.42221136 0.12098683 -0.10599542
v 0.39672025 0.15077220 -0.10915834
v 0.61996588 0.22786644 0.00522032
v 0.61952148 0.22794749 -0.00285935
v 0.61096625 0.23084314 -0.00429720
v 0.60792975 0.23164299 -0.00046736
v 0.61623706 0.22778668 -0.01240445
v 0.60325336 0.23203575 -0.00823186
v 0.59309619 0.23331508 -0.00478368
v 0.58920630 0.19077969 -0.04013793
v 0.59765039 0.18689590 -0.03950370
v 0.59891278 0.18089642 -0.04020809
v 0.59708911 0.19997418 -0.03604970
v 0.60520477 0.19070183 -0.03641573
v 0.61522736 0.18108998 -0.03574456
v 0.60174115 0.17471265 -0.04061302
v 0.59451318 0.17126581 -0.04278230
v 0.61066077 0.17108153 -0.04005112
v 0.60704315 0.16189180 -0.04235821
v 0.58511578 0.15415244 -0.04607530
v 0.58176294 0.14625198 -0.04859953
v 0.57295068 0.14479053 -0.05085278
v 0.59873315 0.14697311 -0.04605099
v 0.58893304 0.13849553 -0.04993874
v 0.57802869 0.13016919 -0.05388409
v 0.62691162 0.22337431 0.00013482
v 0.62929474 0.22068839 -0.00241087
v 0.62948053 0.22150453 0.00659210
v 0.63860913 0.21367451 0.00788750
v 0.62613409 0.19600491 -0.02202132
v 0.62065289 0.18934039 -0.02885542
v 0.61230750 0.19332910 -0.03219424
v 0.61097205 0.19986621 -0.03033379
v 0.54237469 0.08864154 -0.06777325
v 0.55064819 0.10104049 -0.06330030
v 0.56430206 0.10043326 -0.06369160
v 0.56617285 0.09497605 -0.06660818
v 0.56239355 0.11364888 -0.05809361
v 0.57654211 0.10684379 -0.06227675
v 0.58941852 0.10057275 -0.06550799
v 0.60611798 0.12087640 -0.06033479
v 0.59143079 0.12500543 -0.05695833
v 0.59557306 0.13222075 -0.05340474
v 0.60335217 0.13480702 -0.05284871
v 0.60980023 0.13682207 -0.05211136
v 0.61440472 0.13090811 -0.05471420
v 0.61016821 0.14418121 -0.04775065
v 0.62014691 0.13994824 -0.04999765
v 0.62607690 0.15540802 -0.04795181
v 0.62093469 0.16748074 -0.04219453
v 0.62490582 0.16854922 -0.03951062
v 0.62901959 0.16260478 -0.04044743
v 0.62594452 0.17448090 -0.03381693
v 0.63276874 0.16830942 -0.03220058
v 0.64051788 0.16208212 -0.02689771
v 0.63746722 0.15590060 -0.03204822
v 0.63574414 0.16009145 -0.03167941
v 0.63686243 0.16566240 -0.02876854
v 0.63528088 0.15040404 -0.03714802
v 0.63383307 0.15890543 -0.03487812
v 0.64046948 0.18613829 -0.01345145
v 0.64270239 0.18216911 -0.01466273
v 0.63661127 0.18434631 -0.01980210
v 0.65862115 0.17993394 -0.00307312
v 0.65121802 0.17808153 -0.01111868
v 0.64563580 0.17570985 -0.01748927
v 0.67793231 0.15950142 0.00383541
v 0.67199921 0.16508806 -0.00184376
v 0.66908771 0.16971451 -0.00192985
v 0.67102112 0.16880328 0.00124877
v 0.66544324 0.16945259 -0.00691638
v 0.66331665 0.17362695 -0.00527132
v 0.67437030 0.16663147 0.00549031
v 0.67931177 0.16044229 0.00879307
v 0.67243408 0.17189685 0.00725559
v 0.64988715 0.15539024 -0.02650974
v 0.64519080 0.15833510 -0.02710951
v 0.64738458 0.16255954 -0.02279580
v 0.65097632 0.16239272 -0.02093171
v 0.64676532 0.16642776 -0.02052951
v 0.65395898 0.16825703 -0.01465720
v 0.64627979 0.14675934 -0.03520482
v 0.64533746 0.13973656 -0.03638025
v 0.64226923 0.13822520 -0.03942508
v 0.64073334 0.14051761 -0.04037998
v 0.64564398 0.13383466 -0.03587119
v 0.64121790 0.13399240 -0.04004798
v 0.63550977 0.13392570 -0.04537146
v 0.62791248 0.13670518 -0.04859248
v 0.62703094 0.12963588 -0.04846431
v 0.62261139 0.12752382 -0.05034086
v 0.63000525 0.12454871 -0.04756898
v 0.62436823 0.11538947 -0.04944463
v 0.59389783 0.08093069 -0.05615803
v 0.58486743 0.08446214 -0.06273090
v 0.58841754 0.08999744 -0.06347362
v 0.59411700 0.09136221 -0.06120684
v 0.57506055 0.08620805 -0.06677100
v 0.58189178 0.09258026 -0.06662804
v 0.60036304 0.09240558 -0.05888003
v 0.60425800 0.08788005 -0.05610017
v 0.60256158 0.09858067 -0.06045531
v 0.61306201 0.09490390 -0.05495404
v 0.64599054 0.12209207 -0.03485340
v 0.64528259 0.12817374 -0.03564336
v 0.64845532 0.12746111 -0.03432201
v 0.65050275 0.12389574 -0.03284357
v 0.64970361 0.13035982 -0.03416728
v 0.65456885 0.12698787 -0.03202122
v 0.64497180 0.10518395 -0.03826513
v 0.64963556 0.10712589 -0.03334543
v 0.63992212 0.11113582 -0.04396027
v 0.64905750 0.11044597 -0.03413158
v 0.65154218 0.11646463 -0.03012057
v 0.65323785 0.11966100 -0.02983733
v 0.65694568 0.11937009 -0.02779274
v 0.65649738 0.13989377 -0.02253631
v 0.65707104 0.14052533 -0.02311042
v 0.65769397 0.14068857 -0.02178413
v 0.65589191 0.13981799 -0.02525008
v 0.65678668 0.14076991 -0.02470176
v 0.65854614 0.14218408 -0.02307895
v 0.66322961 0.13673888 -0.01462669
v 0.66151001 0.13713777 -0.01741451
v 0.66004730 0.13763324 -0.01759649
v 0.66440802 0.13613623 -0.01652890
v 0.66098840 0.13696518 -0.01975611
v 0.65833624 0.13796570 -0.02176250
v 0.66942316 0.13618436 -0.00966216
v 0.66818616 0.13669882 -0.00776429
v 0.66894183 0.13723505 -0.00532297
v 0.67001990 0.13743489 -0.00505286
v 0.66759821 0.13768216 -0.00491889
v 0.67129279 0.13768822 -0.00440490
v 0.67184973 0.13726158 -0.00608200
v 0.67211969 0.13808090 -0.00226986
v 0.67381989 0.13787723 -0.00322683
v 0.67565723 0.13881010 0.00100757
v 0.67360840 0.13868822 0.00154031
v 0.67401965 0.13875529 0.00251536
v 0.67491205 0.13882082 0.00274515
v 0.67573303 0.13887450 0.00303902
v 0.67654926 0.13897607 0.00268752
v 0.67569171 0.13913297 0.00352496
v 0.67680011 0.13933229 0.00325014
v 0.65902380 0.15007367 -0.02152492
v 0.65398688 0.15230188 -0.02507978
v 0.65534296 0.15466092 -0.02221458
v 0.65825873 0.15460318 -0.01945621
v 0.65373224 0.15756577 -0.02184293
v 0.65744330 0.15830350 -0.01691759
v 0.65870074 0.14171976 -0.02058090
v 0.65975824 0.14326399 -0.01983868
v 0.66017822 0.14384193 -0.01826095
v 0.66028931 0.14462910 -0.02033231
v 0.66198370 0.14671201 -0.01764621
v 0.66053583 0.14426262 -0.01684058
v 0.66084967 0.14325319 -0.01487149
v 0.66170758 0.14570393 -0.01593277
v 0.65229523 0.14544849 -0.03013363
v 0.65183569 0.14348737 -0.03084978
v 0.64954462 0.14242722 -0.03295991
v 0.65592554 0.14448178 -0.02654572
v 0.65434888 0.14224551 -0.02838873
v 0.65260187 0.13912688 -0.03035594
v 0.67827924 0.12773254 -0.00801454
v 0.67986523 0.13022447 -0.00471799
v 0.68196686 0.13079472 -0.00275200
v 0.67571893 0.12992079 -0.00839577
v 0.67874298 0.13233035 -0.00384947
v 0.68133105 0.13518373 0.00041572
v 0.68394055 0.13166125 -0.00087403
v 0.68435382 0.13429430 0.00157861
v -0.66386548 -0.01931416 0.01505103
v -0.64518799 -0.02387282 0.01211689
v -0.64374353 -0.02989716 0.01181340
v -0.65115680 -0.03039224 0.01308245
v -0.62339319 -0.03286612 0.00982647
v -0.62965997 -0.03804505 0.01058333
v -0.63660486 -0.04284797 0.01288446
v -0.65833746 -0.02997595 0.01422821
v -0.66920587 -0.02436911 0.01602869
v -0.65645093 -0.03438800 0.01492640
v -0.67045282 -0.02836582 0.01748770
v -0.35175803 0.00716039 -0.00123627
v -0.38277835 -0.02111694 0.00220333
v -0.39114743 -0.01939869 0.00428267
v -0.38380469 -0.00925200 0.00431583
v -0.40864923 -0.03870134 0.00494366
v -0.41278079 -0.03211076 0.00688168
v -0.41583972 -0.02248106 0.01121038
v -0.37652139 0.00085946 0.00465639
v -0.35572552 0.01796182 0.00246965
v -0.38434082 0.00160924 0.00890802
v -0.35939377 0.02442714 0.00727965
v -0.30168585 -0.24518542 -0.04033698
v -0.30173148 -0.25124835 -0.03641611
v -0.29260599 -0.22771727 -0.03763841
v -0.28669992 -0.21886880 -0.04120303
v -0.29867694 -0.25395364 -0.03353567
v -0.28443875 -0.22113223 -0.03813656
v -0.26772256 -0.19112175 -0.04441190
v 0.33736032 0.16109488 -0.13257019
v 0.31001462 0.17016504 -0.14367694
v 0.28510001 0.19236034 -0.13560522
v 0.28591122 0.19974799 -0.12680891
v 0.27767819 0.17756456 -0.15148796
v 0.25695728 0.20480838 -0.12982831
v 0.23788712 0.22581180 -0.10270086
v 0.27929404 0.20937502 -0.11841591
v 0.30264230 0.19684326 -0.12212094
v 0.25463406 0.22528398 -0.10133405
v -0.11903040 0.07870785 -0.12253056
v -0.14275531 0.04963679 -0.13324165
v -0.15309485 0.06374162 -0.13221049
v -0.14567496 0.08401029 -0.12737454
v -0.16160280 0.01007134 -0.14058232
v -0.16883557 0.05353654 -0.13447063
v -0.17029175 0.09730492 -0.12430450
v -0.03242499 0.14930899 -0.09876585
v -0.06578888 0.15475285 -0.08927927
v -0.07682176 0.17213161 -0.07610764
v -0.06730881 0.17849808 -0.07403220
v -0.09358745 0.15709326 -0.08291469
v -0.09441579 0.18116212 -0.06544873
v -0.09724225 0.20195981 -0.05066662
v -0.05735345 0.18541920 -0.07258272
v -0.03404315 0.17525339 -0.08479369
v -0.06875252 0.20079958 -0.05894970
v -0.03537436 0.19864067 -0.06859464
v 0.19429602 0.15742790 -0.14696907
v 0.14960791 0.17659616 -0.12794400
v 0.15971689 0.18552856 -0.12273946
v 0.18302785 0.18569139 -0.12793526
v 0.10785207 0.19675761 -0.09967179
v 0.14738521 0.19680319 -0.10809056
v 0.17385236 0.20148921 -0.10977356
v -0.02127811 -0.02426015 -0.04866983
v -0.06295465 0.01873900 -0.07262587
v -0.04985572 0.02280952 -0.07423712
v -0.02332857 0.00462957 -0.06728426
v -0.10192499 0.03494340 -0.10019563
v -0.05835669 0.04344769 -0.08689424
v -0.02329805 0.02663227 -0.08124714
v 0.28755194 0.23836777 -0.05191484
v 0.30348434 0.23564447 -0.06331232
v 0.28187750 0.24112378 -0.03109869
v 0.31098251 0.24597586 -0.03647692
v 0.31867441 0.22916576 -0.07606290
v 0.33050232 0.21337553 -0.09279292
v 0.33144244 0.23114223 -0.07340152
v 0.35841846 0.20305292 -0.09548376
v 0.31082870 0.20311815 -0.10534247
v 0.31728952 0.19318562 -0.11306541
v 0.33542523 0.18889056 -0.10611598
v 0.36651263 0.15118367 -0.11119273
v 0.32542883 0.18255893 -0.12092465
v 0.35261646 0.15506613 -0.12071922
v 0.23081715 -0.11094602 -0.08173225
v 0.22693739 -0.11171626 -0.06983431
v 0.22673401 -0.09988487 -0.06950075
v 0.22880646 -0.09370998 -0.07617661
v 0.22611566 -0.11349812 -0.05589434
v 0.22589458 -0.09678879 -0.06085088
v 0.22645874 -0.08007571 -0.06933172
v -0.29128854 0.01123618 -0.07318384
v -0.29542377 0.00594278 -0.06050589
v -0.29669153 0.02448594 -0.04835682
v -0.29502863 0.03465600 -0.05047218
v -0.29450659 0.00021938 -0.04673114
v -0.29524408 0.02852924 -0.03450371
v -0.29214456 0.05329518 -0.02490619
v -0.29277032 0.04646171 -0.05532478
v -0.28901859 0.03859481 -0.07089122
v -0.29049121 0.06202363 -0.04518355
v -0.28135812 0.06884238 -0.06800641
v -0.30508499 -0.24920865 -0.07303732
v -0.30195627 -0.30814304 -0.06978008
v -0.30862122 -0.28392227 -0.06749260
v -0.31127145 -0.24463776 -0.06803072
v -0.30932684 -0.35343317 -0.06697183
v -0.30726016 -0.30536508 -0.06435842
v -0.31543640 -0.24207396 -0.06212930
v -0.42139423 -0.01828287 0.01816936
v -0.40231631 -0.00347834 0.02039871
v -0.39225998 0.00255547 0.01767431
v -0.42320175 -0.01539085 0.02517533
v -0.39417145 0.00541317 0.02537337
v -0.36490076 0.03132366 0.02333523
v -0.62215942 -0.01789030 0.01416835
v -0.62466528 -0.02401568 0.01147396
v -0.64020203 -0.02000773 0.01269664
v -0.64605896 -0.01641051 0.01433372
v -0.65212134 -0.01358214 0.01570889
v -0.64421027 -0.01167483 0.01677798
v -0.66497748 -0.01376548 0.01699856
v -0.66088513 -0.00992000 0.01903629
v -0.31334244 -0.23708298 -0.04883059
v -0.30913141 -0.24595981 -0.04392792
v -0.29989905 -0.22251913 -0.04513343
v -0.29650156 -0.21198882 -0.04878531
v -0.28982571 -0.21667731 -0.04447575
v -0.27689468 -0.19029030 -0.04981328
v -0.29265866 -0.20163335 -0.05283305
v -0.30210181 -0.20792502 -0.05447444
v -0.28004022 -0.18224954 -0.05489124
v -0.28569968 -0.17779276 -0.06097261
v 0.47779431 0.06039002 -0.06545133
v 0.46297067 0.05227617 -0.06840217
v 0.44455692 0.06034334 -0.08009298
v 0.44293304 0.06883559 -0.08391763
v 0.45098029 0.04071691 -0.07056377
v 0.43127383 0.05636758 -0.08592741
v 0.40649564 0.07768800 -0.10246236
v 0.21635605 -0.09414740 -0.04521571
v 0.22282826 -0.09847013 -0.04775442
v 0.22184224 -0.10665559 -0.03893423
v 0.32632578 -0.12956586 -0.03659633
v 0.32702158 -0.13540370 -0.04546130
v 0.33600351 -0.12815039 -0.04986396
v 0.30809500 -0.15146931 -0.03665620
v 0.31732385 -0.15403764 -0.04802379
v 0.32483206 -0.15416629 -0.06138898
v 0.20750214 0.21253586 -0.11269269
v 0.19084933 0.20708522 -0.11107704
v 0.18019148 0.21459889 -0.09153542
v 0.18191205 0.21909402 -0.07936031
v 0.16473094 0.21226231 -0.08558416
v 0.15612724 0.22667616 -0.04630523
v -0.22165962 0.09040630 -0.09828659
v -0.23961165 0.06451084 -0.10151897
v -0.25361586 0.06892185 -0.09034768
v -0.25170700 0.08216752 -0.08250082
v -0.25019672 0.03853270 -0.10592036
v -0.26555048 0.05507835 -0.08917928
v -0.24698480 0.09774619 -0.07443906
v -0.22771588 0.11044366 -0.07838922
v -0.25885938 0.10003715 -0.06226870
v -0.23367029 0.12774113 -0.05865080
v -0.26195624 -0.01480277 -0.10700124
v -0.24704436 -0.05701811 -0.11317583
v -0.25150111 -0.06583880 -0.10916353
v -0.25918332 -0.05520050 -0.10499678
v -0.23768037 -0.10220876 -0.11273100
v -0.24957602 -0.09436198 -0.10676485
v -0.26063660 -0.09455439 -0.09934539
v -0.06599145 0.06849113 -0.10135547
v -0.05230965 0.05912497 -0.09505134
v -0.02628003 0.06460011 -0.10677896
v -0.02393966 0.04735331 -0.09355537
v 0.14595026 0.20615837 -0.08938819
v 0.13098511 0.20960268 -0.07682542
v 0.11936526 0.21492726 -0.06569746
v 0.12661578 0.22529549 -0.04549810
v 0.10093342 0.21366211 -0.06846004
v 0.09878424 0.22784265 -0.03809336
v -0.19499181 -0.02969216 -0.01534293
v -0.18466594 -0.04272909 -0.02382093
v -0.22142175 -0.02021935 -0.00897805
v -0.22874773 -0.04345588 -0.02140398
v -0.17850516 -0.05369132 -0.03129313
v -0.15693767 -0.05666385 -0.04078434
v -0.19789407 -0.06120090 -0.03294432
v -0.17523903 -0.07743448 -0.04604379
v -0.13313315 0.20843602 -0.02822011
v -0.16157579 0.20528677 -0.01425277
v -0.15236801 0.21162833 -0.01161256
v -0.13379591 0.21695383 -0.01619259
v -0.19140347 0.19960828 0.00192006
v -0.15855942 0.21392580 -0.00232517
v -0.13573303 0.22196771 -0.00550666
v -0.27642767 -0.08349463 -0.06661782
v -0.28547162 -0.03908796 -0.05809748
v -0.28408289 -0.04943385 -0.06772874
v -0.27892987 -0.07898074 -0.07555048
v -0.28795068 -0.03400109 -0.06791286
v -0.27784122 -0.06920441 -0.08510614
v 0.37353101 0.03774073 -0.13036971
v 0.33903085 0.06955293 -0.14640694
v 0.34821539 0.07958946 -0.14222324
v 0.36845166 0.06950066 -0.13202654
v 0.30136395 0.11014734 -0.16275795
v 0.33395703 0.10482697 -0.14774689
v 0.35901791 0.10163546 -0.13376740
v -0.26784387 0.03495523 -0.09416022
v -0.27451083 0.02980672 -0.08874881
v -0.25837933 0.01647102 -0.10631465
v -0.28119476 0.02407491 -0.08432948
v -0.27883292 -0.00004014 -0.09033538
v -0.31670541 -0.24073721 -0.05466295
v -0.30938861 -0.21579027 -0.05670131
v -0.30314911 -0.20720186 -0.06170900
v -0.29681409 -0.19865094 -0.06701044
v -0.30196127 -0.20814610 -0.06933731
v -0.28667041 -0.17733954 -0.06892968
v -0.28438858 -0.17547578 -0.07778101
v -0.44416968 -0.03019135 0.01599820
v -0.45756735 -0.03323430 0.01828176
v -0.45521469 -0.03858951 0.01220383
v -0.49288278 -0.04856055 0.01242418
v -0.47027646 -0.03616419 0.02050236
v -0.45808807 -0.03021267 0.02491732
v -0.49367316 -0.04348157 0.01832954
v -0.49368494 -0.04028570 0.02491776
v -0.67860406 -0.01842260 0.01941624
v -0.67523669 -0.01517980 0.01929108
v -0.68801099 -0.01902010 0.02488468
v -0.67656097 -0.01341483 0.02125494
v -0.33678534 -0.00794167 0.00520836
v -0.36581900 -0.03472281 0.00669273
v -0.36041049 -0.02179519 0.00288856
v -0.34283755 -0.00009713 0.00045691
v -0.39938196 -0.05729485 0.00824880
v -0.37183942 -0.02637680 0.00264269
v -0.27263358 -0.18690862 -0.08952766
v -0.25417543 -0.14508298 -0.10121407
v -0.25677362 -0.16259930 -0.09944406
v -0.26850974 -0.19021513 -0.09281334
v -0.24750674 -0.14967758 -0.10461891
v -0.26234650 -0.19419540 -0.09457505
v -0.25948837 0.04969174 0.02841279
v -0.26199268 0.04435927 0.02086789
v -0.27003329 0.05853191 0.02866182
v -0.26697211 0.04770461 0.01686290
v 0.26285117 -0.15155141 -0.08221890
v 0.26973087 -0.12849564 -0.09980220
v 0.27149747 -0.13535083 -0.09868329
v 0.26988110 -0.15366473 -0.09063076
v 0.27914462 -0.11136826 -0.11522437
v 0.27662866 -0.13162309 -0.10509760
v 0.27655930 -0.15895799 -0.09599936
v 0.37289130 0.12756467 -0.11578413
v 0.37410532 0.11786595 -0.11888258
v 0.38892664 0.11369139 -0.10861984
v 0.42628394 0.08657982 -0.09894650
v 0.40750079 0.10397823 -0.10486449
v 0.40722653 0.11672250 -0.10675900
v 0.40587213 0.12681224 -0.10845584
v 0.38380170 0.14876186 -0.10992313
v -0.03551702 0.23317786 -0.02627990
v -0.06703586 0.23084377 -0.02189609
v -0.07574538 0.23379474 -0.00597943
v -0.06499205 0.23531482 0.00021938
v -0.09719130 0.22817154 -0.01717679
v -0.09331178 0.23252014 0.00382448
v -0.05499715 0.23685196 0.00800251
v -0.03510004 0.23796184 -0.00146412
v -0.06459262 0.23660507 0.02482319
v 0.05580563 -0.04296611 -0.08484135
v 0.10518981 -0.05457368 -0.08884358
v 0.11306645 -0.06972771 -0.07746780
v 0.09914889 -0.07359694 -0.06965191
v 0.14152199 -0.05622946 -0.09189175
v 0.14231250 -0.07453404 -0.07671072
v 0.14319083 -0.09331599 -0.05422217
v 0.08490664 -0.07630365 -0.06187029
v 0.05626512 -0.06468385 -0.06310370
v 0.09249968 -0.08562701 -0.05015432
v 0.05665540 -0.07709253 -0.04782239
v -0.11834382 0.22649199 -0.00982421
v -0.12020527 0.22174077 -0.01748844
v -0.11407289 0.21922359 -0.02382252
v -0.09702604 0.21602704 -0.03541641
v -0.10945551 0.21525005 -0.03155392
v -0.11455463 0.20911665 -0.03771485
v -0.28395901 0.03969129 -0.01031881
v -0.28911914 0.02827272 -0.02109138
v -0.28568430 0.01487984 -0.02159125
v 0.20735054 0.09215353 -0.14924533
v 0.22782243 0.10116703 -0.15743446
v 0.23827101 0.08170676 -0.15532443
v 0.23572015 0.06984425 -0.14938921
v 0.24482736 0.10492152 -0.16375513
v 0.25357935 0.07043493 -0.15602419
v 0.25718900 0.03908410 -0.14642542
v 0.23194975 0.05730849 -0.14233160
v 0.21502466 0.05698849 -0.13801056
v 0.23857872 0.03674030 -0.13636290
v 0.21822917 0.02956639 -0.12841701
v 0.26259805 -0.15496255 -0.04531869
v 0.26864142 -0.15494087 -0.03840191
v 0.27171335 -0.13916788 -0.03192062
v 0.26939725 -0.13308771 -0.03163145
v 0.27591321 -0.15746776 -0.03195832
v 0.27825757 -0.13407622 -0.02515162
v -0.27426697 0.06729754 0.00350382
v -0.27384845 0.08354465 -0.00843890
v -0.27929590 0.07546361 -0.01217104
v -0.28049744 0.06431314 -0.00856376
v -0.27231732 0.09584906 -0.02139890
v -0.28368613 0.07533193 -0.02209552
v -0.29492795 -0.35893890 -0.07592558
v -0.29712476 -0.30822379 -0.07339339
v -0.30006537 -0.28722852 -0.07544388
v -0.29471365 -0.29990237 -0.07629539
v -0.30313638 -0.25059651 -0.07681919
v -0.29831064 -0.24834775 -0.07989931
v -0.26377704 -0.13919101 -0.09533098
v -0.25455667 -0.12589596 -0.10167327
v -0.67340503 -0.01052766 0.02265413
v -0.66246588 -0.00731038 0.02209822
v -0.67564453 -0.01098463 0.02488468
v -0.65954462 -0.00627601 0.02560023
v -0.28839816 -0.25943597 -0.03331003
v -0.27756638 -0.23931616 -0.03602160
v -0.27634457 -0.22866571 -0.03807093
v -0.27584683 -0.26605075 -0.03642234
v -0.26488705 -0.23602238 -0.04081285
v -0.24722327 -0.20712714 -0.04750189
v -0.27356619 -0.21740544 -0.04021220
v -0.25994104 -0.19924431 -0.04398721
v -0.11417595 -0.02161943 -0.08828973
v -0.11556522 -0.01230322 -0.10803473
v -0.11372083 0.00421700 -0.10772890
v -0.11144387 0.00353011 -0.09798991
v -0.11946078 0.00591467 -0.12553838
v -0.11361443 0.02277926 -0.11359840
v -0.10938406 0.00541466 -0.08997425
v -0.11079736 -0.00650864 -0.07999540
v -0.10071677 0.01745180 -0.08575900
v -0.09561904 0.00534161 -0.06835868
v 0.25783508 -0.06845633 -0.11341612
v 0.24596255 -0.07282111 -0.10475340
v 0.24240625 -0.05902835 -0.10460840
v 0.24750116 -0.05031415 -0.11050299
v 0.23577579 -0.07716840 -0.09634673
v 0.23604478 -0.05642191 -0.09907363
v 0.23063657 -0.03076487 -0.10471860
v 0.31193640 0.03029168 -0.14848141
v 0.34300461 0.03793798 -0.14268146
v 0.35064874 0.02618900 -0.13889301
v 0.34162604 0.01739525 -0.14009021
v 0.36579974 0.02143788 -0.13225269
v 0.35901828 0.00973567 -0.13230336
v 0.00894834 -0.07301120 -0.01361623
v 0.00207550 -0.06247842 -0.02465329
v 0.01564235 -0.06864568 -0.03031787
v -0.03134495 -0.04585577 -0.01739582
v -0.02411055 -0.03847471 -0.03147980
v -0.12723790 0.19791322 -0.04862547
v -0.11275928 0.20137387 -0.04844011
v -0.10612770 0.18891098 -0.05782835
v -0.10803032 0.18119397 -0.06365361
v -0.02809235 0.09364837 -0.11374069
v -0.06170179 0.10295263 -0.10875023
v -0.07550162 0.12086087 -0.10214516
v -0.06613440 0.12711722 -0.10039248
v -0.08947305 0.10589925 -0.10773643
v -0.09241229 0.12836151 -0.09854016
v -0.05535123 0.13422765 -0.09979301
v -0.03129673 0.11914711 -0.10827568
v 0.03473384 0.23540924 -0.03406224
v 0.06769304 0.23186943 -0.03888491
v 0.07980768 0.22020747 -0.05967944
v 0.06981153 0.21647021 -0.06615408
v 0.05952073 0.21255197 -0.07201876
v 0.03636007 0.22021504 -0.05873415
v 0.07272003 0.19917192 -0.09225443
v 0.03860398 0.20096161 -0.08275999
v -0.18506172 0.18683261 -0.03262297
v -0.15761435 0.19521564 -0.03945197
v -0.16719426 0.18821724 -0.04462244
v -0.18756754 0.17942558 -0.04232340
v -0.15402516 0.18557088 -0.05242514
v -0.18386784 0.16911469 -0.05625370
v 0.38524011 -0.00182155 -0.10640247
v 0.37236761 0.00397562 -0.12201384
v 0.37538544 0.01376278 -0.12400203
v 0.38354016 0.01524141 -0.11771928
v 0.33668527 -0.12830807 -0.06416987
v 0.33051080 -0.13513580 -0.07251528
v 0.33287949 -0.12762587 -0.07740079
v 0.32293961 -0.15342239 -0.07378699
v 0.31815128 -0.15344313 -0.08488632
v 0.33487146 -0.11893985 -0.08437849
v 0.34343280 -0.10346877 -0.08384076
v 0.32680920 -0.12517741 -0.09212262
v 0.33638397 -0.10000251 -0.10077197
v -0.30510229 -0.21906145 -0.07060677
v -0.29671390 -0.21206738 -0.07513284
v -0.28823831 -0.20509860 -0.07982864
v -0.29119513 -0.21634485 -0.08041716
v -0.27866641 -0.18278539 -0.08412716
v -0.24515343 0.16208916 0.02725443
v -0.24503435 0.15940535 0.01544376
v -0.25982556 0.14268086 0.01395280
v -0.26718732 0.13550565 0.01770391
v -0.24415953 0.15521625 0.00426836
v -0.26620374 0.13141704 0.00714440
v -0.29227765 0.10123146 0.00756176
v 0.56945685 0.24669098 0.01570206
v 0.56167133 0.25018445 0.01416821
v 0.55838812 0.25159616 0.01647213
v 0.56738116 0.24753778 0.00873215
v 0.55772223 0.25178143 0.00919502
v 0.57344348 0.22893832 -0.02331936
v 0.56110651 0.23632527 -0.02187690
v 0.55611066 0.24013391 -0.01878606
v 0.55761450 0.23876840 -0.01777133
v 0.54756281 0.24655255 -0.01584297
v 0.60950336 0.22899831 -0.01728397
v 0.61129346 0.22612680 -0.01955018
v 0.60884698 0.22509804 -0.02356339
v 0.61275269 0.22390855 -0.01928562
v 0.60459229 0.22297124 -0.02492916
v 0.67189990 0.14024040 0.00119006
v 0.67372699 0.14075198 0.00201890
v 0.67456940 0.14044019 0.00238748
v 0.67305078 0.14171411 0.00070317
v 0.67462543 0.14217601 0.00037289
v 0.67546777 0.13998904 0.00280878
v 0.67620184 0.14037030 0.00239517
v -0.17769566 0.13917496 -0.09040622
v -0.19915657 0.11766396 -0.09554609
v -0.20972401 0.12171582 -0.08313928
v -0.20338374 0.13489442 -0.07544969
v -0.19753619 0.14747835 -0.06876511
v -0.17799559 0.15464175 -0.07401870
v -0.20982950 0.15004140 -0.05729836
v -0.23880144 0.14729271 -0.02445259
v -0.24016093 0.14656180 -0.01667902
v -0.22397136 0.16202261 -0.01855405
v -0.21570386 0.16912947 -0.02192875
v -0.23992410 0.14716829 -0.01133381
v -0.21972438 0.16632300 -0.01503188
v -0.19423598 0.18644031 -0.01945094
v 0.14275238 -0.10406796 -0.03187854
v 0.11495015 -0.10088521 -0.02852236
v 0.10017812 -0.09508775 -0.03418233
v 0.08545337 -0.09017677 -0.03863764
v 0.05679675 -0.08639428 -0.03413583
v 0.48987051 0.02971011 -0.03735782
v 0.50395776 0.02684149 -0.02676292
v 0.50914099 0.03543109 -0.03530498
v 0.52014343 0.02873563 -0.02259446
v 0.55830273 0.07241077 -0.06762364
v 0.53766876 0.07055844 -0.06784382
v 0.53798175 0.07620756 -0.06926629
v 0.54848535 0.07927739 -0.06893693
v 0.51434241 0.07289188 -0.07093049
v 0.52877753 0.08090942 -0.06997274
v 0.53320795 0.05443565 -0.04903072
v 0.54609839 0.06345090 -0.05946558
v 0.55366412 0.06357466 -0.05779810
v 0.55149310 0.05882256 -0.05155764
v 0.56361865 0.06837215 -0.06105050
v 0.56752997 0.06405954 -0.05388620
v 0.66488318 0.14790961 -0.01243031
v 0.66484747 0.14934724 -0.01327166
v 0.66673267 0.14889085 -0.01047346
v 0.66795789 0.14781880 -0.00862107
v 0.66410913 0.15121783 -0.01389701
v 0.66749976 0.14943532 -0.00899757
v 0.67183044 0.14760805 -0.00422792
v 0.66909589 0.14686345 -0.00694829
v 0.66777692 0.14659608 -0.00810015
v 0.67149408 0.14614340 -0.00427768
v 0.67099121 0.14516481 -0.00406587
v 0.65742072 0.13548541 -0.02672499
v 0.65463477 0.13698027 -0.02912409
v 0.65489069 0.13853267 -0.02800726
v 0.65599719 0.13825497 -0.02670445
v 0.65459753 0.13961807 -0.02778244
v 0.67069592 0.13503906 -0.01039922
v 0.66907837 0.13412607 -0.01338263
v 0.66773444 0.13452390 -0.01454353
v 0.67198822 0.13336711 -0.01062714
v 0.66874030 0.13253622 -0.01521332
v 0.66586786 0.13272206 -0.01882705
v 0.66672632 0.13503111 -0.01535684
v 0.66706201 0.13589618 -0.01307775
v 0.66497528 0.13465256 -0.01822966
v 0.67792810 0.13942972 0.00367105
v 0.67752301 0.13911568 0.00315975
v 0.67949475 0.13967021 0.00479633
v 0.67780023 0.13910526 0.00294994
v 0.67987903 0.13825430 0.00265175
v 0.68155414 0.13810406 0.00454819
v 0.68167542 0.13745946 0.00353339
v 0.68078912 0.13722231 0.00194742
v 0.68345062 0.13780800 0.00657001
v 0.68283905 0.13687872 0.00375884
v 0.67257794 0.13849596 0.00066564
v 0.67284320 0.13842755 -0.00010470
v 0.67321204 0.13838034 -0.00095891
v 0.67473755 0.13839578 -0.00097519
v 0.68260773 0.13945674 0.00938300
v 0.68362909 0.14056213 0.01154972
v 0.68485980 0.14009601 0.01296807
v 0.68512372 0.13928940 0.01259574
v 0.68451233 0.14153465 0.01393393
v 0.68576178 0.14038670 0.01480919
v 0.67804608 0.14510614 0.00475311
v 0.67898926 0.14228111 0.00518166
v 0.67848889 0.14268681 0.00396265
v 0.67752625 0.14409673 0.00297730
v 0.67830603 0.14186145 0.00311144
v 0.67680347 0.14363034 0.00110652
v 0.68313794 0.14854823 0.01320528
v 0.68229150 0.15192995 0.01012509
v 0.68242468 0.15381097 0.01086345
v 0.68126251 0.14813889 0.00905201
v 0.68014630 0.15326077 0.00642171
v -0.27837732 -0.13220961 -0.06544549
v -0.28127335 -0.14793777 -0.06949277
v -0.27987265 -0.13069402 -0.07368031
v 0.36265250 -0.01758049 -0.11860660
v 0.35974646 -0.00425725 -0.12478821
v 0.34253122 -0.04210928 -0.12820023
v 0.34868271 -0.00488909 -0.13227374
v 0.68192023 0.14504944 0.01134524
v 0.68133868 0.14402962 0.00990430
v 0.68070203 0.14411722 0.00867915
v 0.68255206 0.14349823 0.01265866
v 0.68196735 0.14291269 0.01054797
v 0.68118744 0.14182326 0.00852463
v 0.68033185 0.14083014 0.00673742
v 0.68092072 0.14017625 0.00741863
v 0.68107739 0.13950188 0.00708483
v 0.68169281 0.14051933 0.00877862
v 0.67800525 0.13858705 0.00180628
v 0.67802783 0.13803874 0.00078054
v 0.67706427 0.13790660 -0.00017353
v 0.67911237 0.13756850 0.00075109
v 0.67794128 0.13646100 -0.00170596
v 0.68555444 0.13749860 0.00891398
v 0.68649109 0.13662576 0.00735673
v 0.68562738 0.13624490 0.00524022
v 0.67606396 0.14284508 0.00071285
v 0.67736603 0.14175389 0.00214811
v 0.67726349 0.14090385 0.00254046
v 0.67724994 0.14021187 0.00292662
v 0.66238098 0.13476585 -0.02127710
v 0.66083942 0.13579697 -0.02193446
v 0.66195782 0.13333865 -0.02279924
v 0.65972296 0.13665666 -0.02229071
v 0.65775366 0.13727003 -0.02447077
v 0.65559155 0.14047238 -0.02658012
v 0.65571991 0.14089577 -0.02670985
v 0.66328058 0.14927765 -0.01616838
v 0.66381488 0.14894261 -0.01506152
v 0.66343018 0.14777177 -0.01523183
v 0.53196912 0.03705798 -0.03186908
v 0.53202411 0.03200524 -0.02420980
v 0.49608115 0.06595129 -0.06783361
v 0.48055215 0.07252341 -0.07736475
v 0.48179965 0.07902515 -0.08235576
v 0.46244156 0.07413219 -0.08218151
v 0.55090521 0.05292628 -0.04542032
v 0.54220953 0.04731810 -0.04090335
v 0.55889276 0.05254299 -0.04489437
v 0.47919876 0.03892669 -0.05248032
v 0.47968451 0.04542513 -0.05608057
v 0.49432550 0.04670451 -0.04939401
v 0.19321362 -0.08662074 -0.06082769
v 0.19643454 -0.09487773 -0.04660683
v 0.18072073 -0.10166925 -0.03675099
v 0.16775528 -0.10596995 -0.02907789
v -0.22130922 0.15047910 -0.04604389
v -0.21402762 0.16001889 -0.04059662
v -0.23736407 0.13862347 -0.04031202
v -0.20631700 0.16935513 -0.03690744
v -0.21157591 0.17017155 -0.02905620
v -0.22423149 -0.03951180 -0.12412669
v -0.24367699 -0.02599942 -0.11684976
v -0.24797473 -0.00210871 -0.11444691
v -0.24032042 0.00290473 -0.11716962
v -0.23084642 0.00814976 -0.12054927
v -0.21857791 -0.01012405 -0.12689687
v -0.23152266 0.03157039 -0.11620287
v -0.21045865 0.02056314 -0.12789838
v 0.56904553 0.24513492 -0.00415661
v 0.55530591 0.25315915 -0.00765118
v 0.55162305 0.25452429 -0.00609561
v 0.55695355 0.25138068 -0.00322201
v 0.54461371 0.25752020 -0.00699421
v 0.59994507 0.23331696 -0.01517109
v 0.59565094 0.23480040 -0.01230702
v 0.59203394 0.23585106 -0.01822522
v 0.57411938 0.24454056 -0.01291460
v 0.54081049 0.25673724 -0.00852282
v 0.54216431 0.25379184 -0.00879786
v 0.53707568 0.25699936 -0.01219648
v 0.53005646 0.26017722 0.01146976
v 0.53449774 0.26003326 0.01579976
v 0.52133899 0.26193716 0.01384815
v 0.53903015 0.25948557 0.01915337
v 0.54732654 0.25672684 0.01771963
v -0.26855939 -0.08272852 -0.09397567
v -0.27325635 -0.11399786 -0.08860298
v -0.27845645 -0.12057591 -0.08287677
v -0.27165479 -0.13379965 -0.08918998
v -0.21207547 -0.07513309 -0.03629298
v -0.20468945 -0.09097183 -0.04348586
v -0.23006709 -0.07726967 -0.03536870
v -0.23402592 -0.11375768 -0.04499600
v -0.20100461 -0.10592847 -0.04849522
v -0.18325749 -0.10405643 -0.05316157
v -0.21549835 -0.12565193 -0.04974110
v -0.19496097 -0.13298596 -0.05839750
v 0.19537346 0.19297281 -0.12611998
v 0.20305789 0.18645766 -0.13379880
v 0.31936258 -0.03228331 -0.13810213
v 0.31842102 -0.01029492 -0.14196291
v 0.32713538 -0.00234392 -0.14004663
v 0.30099268 -0.02572800 -0.14260536
v 0.30589117 0.00132842 -0.14639975
v 0.34010132 0.00281295 -0.13803564
v 0.00231422 -0.01343940 -0.07019847
v 0.01550667 -0.03285787 -0.06493913
v 0.00914415 -0.00495585 -0.08156018
v 0.02890342 -0.05107840 -0.05892528
v 0.02229536 -0.05922375 -0.04651337
v 0.01119505 0.08175970 -0.12142435
v 0.02575576 0.05913107 -0.12197887
v 0.01377325 0.05644717 -0.11755089
v 0.05235262 0.07629977 -0.13172270
v 0.05280882 0.04010799 -0.12397328
v 0.04933533 0.01497981 -0.11557718
v 0.00153506 0.05635490 -0.11401067
v -0.02532903 0.07602728 -0.11232082
v 0.01550340 0.03342762 -0.11091438
v -0.11775391 0.15722395 -0.08763081
v -0.14839711 0.15067349 -0.09097073
v -0.15631476 0.15869867 -0.07922488
v -0.14729048 0.16742053 -0.07171808
v -0.13885709 0.17828537 -0.06315279
v -0.11912468 0.17836304 -0.06674130
v -0.20431314 -0.12232519 -0.11927664
v -0.21155054 -0.08134327 -0.12348817
v -0.20151495 -0.07534191 -0.12635020
v -0.18878659 -0.08833800 -0.12570018
v -0.20300792 -0.05161094 -0.12913342
v -0.18239877 -0.05695033 -0.13209349
v 0.35567053 -0.04799477 -0.11022403
v 0.34956888 -0.06585858 -0.10765894
v 0.34208014 -0.07179318 -0.11367461
v 0.35076266 -0.07638763 -0.09677805
v 0.24954892 -0.15438602 -0.07235799
v 0.24832019 -0.15397585 -0.06327700
v 0.24067575 -0.13672377 -0.06134859
v 0.23648586 -0.13041177 -0.06576142
v 0.24968002 -0.15442824 -0.05350508
v 0.23794617 -0.13024356 -0.05434686
v 0.25869373 -0.10552745 -0.10449625
v 0.25916812 -0.08750819 -0.10924097
v 0.26834262 -0.08500671 -0.11464529
v 0.27224762 -0.09150391 -0.11581390
v 0.27113113 -0.07206516 -0.12035464
v 0.28813467 -0.07437058 -0.12605809
v -0.24074739 -0.00687611 -0.00360277
v -0.25059261 -0.00993724 -0.00767978
v 0.27053830 -0.25006668 -0.07409711
v 0.26467545 -0.24615431 -0.07051742
v 0.26021338 -0.21305315 -0.07153931
v 0.26029861 -0.19701134 -0.07342754
v 0.26040692 -0.23945915 -0.06627178
v 0.25581558 -0.19690700 -0.06928875
v 0.26094708 -0.18102583 -0.07534203
v 0.26615103 -0.19711086 -0.07692140
v 0.25514139 -0.15378629 -0.07680905
v -0.25166850 -0.15228288 -0.04572960
v -0.25348312 -0.13275476 -0.04809521
v -0.26078027 -0.14544760 -0.04920835
v -0.24725746 -0.10453153 -0.04706202
v -0.25900275 -0.09976525 -0.05248539
v -0.63385699 -0.04919448 0.01798051
v -0.64889435 -0.04300338 0.02041866
v -0.65467847 -0.03891667 0.01859791
v -0.66057214 -0.03522192 0.01759189
v -0.67200372 -0.03091592 0.02023173
v -0.25702020 -0.24088899 -0.05072382
v -0.25433772 -0.23177585 -0.04922697
v -0.23396617 -0.21873055 -0.06996719
v -0.23915237 -0.21579190 -0.05836063
v -0.25796655 0.12028113 -0.02263331
v -0.25051456 0.12501108 -0.03340415
v -0.25637918 0.11292366 -0.03975925
v 0.28890854 -0.12756684 -0.10868921
v 0.28348715 -0.13484441 -0.10515201
v 0.29951691 -0.15062122 -0.09847211
v 0.28622842 -0.15328008 -0.09876463
v 0.23030574 0.16673872 -0.15879353
v 0.26313834 0.14358826 -0.16733417
v 0.25655621 0.13129373 -0.16802820
v 0.23551720 0.13969020 -0.16520699
v 0.27164258 0.10838557 -0.16630792
v -0.28516415 -0.02622449 -0.08120474
v -0.27778857 -0.02456200 -0.09101673
v -0.27039517 -0.04192981 -0.09670728
v -0.26543634 -0.05723097 -0.09926392
v -0.07891467 0.21215558 -0.04499162
v -0.06782122 0.21631392 -0.04236895
v -0.05735880 0.22241911 -0.03786864
v -0.03580104 0.21806996 -0.04829247
v 0.00243634 -0.07618989 -0.00129226
v -0.02649567 -0.06282510 0.00162115
v -0.21776239 -0.19611493 -0.06858659
v -0.21018701 -0.18224780 -0.06718827
v -0.20383914 -0.18635965 -0.07987772
v -0.17834848 -0.15596306 -0.08538313
v 0.26577924 -0.02199195 -0.14064169
v 0.26319333 0.00927198 -0.14329199
v 0.27835858 0.01852321 -0.14791313
v 0.28586407 0.00889495 -0.14761261
v 0.28135199 0.03663971 -0.15024768
v 0.29024332 -0.00195150 -0.14702376
v 0.28414230 -0.02299344 -0.14404510
v 0.29229660 -0.15535915 -0.03285961
v 0.29741702 -0.13952841 -0.02833430
v 0.29318628 -0.13426308 -0.02444001
v 0.31011462 -0.13344301 -0.02768980
v 0.28886423 -0.12896396 -0.02127441
v -0.24151463 -0.08202709 -0.04002507
v -0.24603041 -0.06804359 -0.03724637
v -0.28786633 -0.25852612 -0.07788577
v -0.28823322 -0.29323340 -0.07588242
v -0.27252438 -0.26748663 -0.07411801
v -0.27925543 -0.31497540 -0.07452782
v -0.27988467 0.09209328 -0.00572917
v -0.31472354 0.04855906 -0.00322985
v -0.30604642 0.06818652 -0.00119304
v -0.28618842 0.09663982 0.00030922
v -0.31951639 0.05615045 0.00100647
v -0.62071069 -0.01305907 0.01878443
v -0.63645734 -0.00998268 0.01907292
v -0.64285297 -0.00797998 0.02120266
v -0.64939386 -0.00638862 0.02265579
v -0.64224530 -0.00628029 0.02522196
v -0.33342505 -0.01344176 0.01436798
v -0.35215134 -0.03361798 0.01792033
v -0.36235593 -0.03988391 0.01472475
v -0.33159097 -0.01568312 0.02478667
v -0.36043039 -0.04268922 0.02456600
v -0.39197916 -0.06433514 0.02465582
v -0.37253677 -0.04605271 0.01217825
v -0.39355719 -0.06171105 0.01597110
v -0.29679605 -0.36251630 -0.04941871
v -0.31075113 -0.36067444 -0.03704903
v -0.29812253 -0.33168515 -0.04071898
v -0.30073831 -0.31029211 -0.04015392
v -0.30303137 -0.35427383 -0.03455924
v -0.29724225 -0.31117761 -0.03716852
v 0.30367755 -0.24288162 -0.03638496
v 0.31304153 -0.24578499 -0.04735876
v 0.31612677 -0.21345518 -0.05279617
v 0.31411642 -0.19755571 -0.04929198
v 0.31820959 -0.24551872 -0.05923539
v 0.31984799 -0.19731642 -0.06153691
v 0.31148038 -0.18168825 -0.04522130
v 0.30385712 -0.18986057 -0.03769810
v -0.12066629 0.05088242 -0.12543271
v -0.11142165 0.06431532 -0.11899802
v -0.11042319 0.05627161 -0.11676976
v -0.10609368 0.08028400 -0.11527438
v -0.09524307 0.08059411 -0.10920370
v 0.26984271 -0.05701655 -0.12777431
v 0.27601318 -0.04967107 -0.13439864
v 0.26104175 -0.04845439 -0.12623027
v -0.24166922 -0.21282753 -0.08873844
v -0.25168315 -0.20394232 -0.09278631
v -0.23722554 -0.17863472 -0.10146928
v -0.22290002 -0.17017357 -0.10476816
v -0.23484590 -0.15929398 -0.10669411
v -0.20761911 -0.16201266 -0.10775125
v -0.21135547 -0.18017444 -0.10002915
v -0.18979593 -0.13743066 -0.11512546
v -0.17882596 -0.14718341 -0.10861169
v -0.06581378 0.08113557 -0.10618144
v -0.07016090 0.08778303 -0.10715808
v -0.05882167 0.08825378 -0.10818892
v -0.09050478 0.09206190 -0.10874039
v -0.04879363 0.08890443 -0.11040108
v 0.08788145 0.18366885 -0.11307364
v 0.07849726 0.17572015 -0.11801910
v 0.11324852 0.17531079 -0.12604773
v 0.11822266 0.14681815 -0.14609401
v 0.06766077 0.16726781 -0.12136627
v 0.04157652 0.17591899 -0.10532954
v 0.07591514 0.14820660 -0.13504642
v 0.03890785 0.15064972 -0.11973318
v -0.18914748 0.18751474 -0.02627116
v -0.16947479 0.19590869 -0.02732713
v -0.15913725 0.19831131 -0.03091141
v -0.16456004 0.19898813 -0.02367910
v -0.14797412 0.20042380 -0.03565308
v -0.12995796 0.20504893 -0.03818751
v 0.41153003 0.04591052 -0.09602728
v 0.39950519 0.04337191 -0.10702376
v 0.39121359 0.05596021 -0.11521338
v 0.41441989 0.02088693 -0.08809879
v 0.39621408 0.02891248 -0.10925929
v 0.38298166 0.06918378 -0.12173305
v 0.38227307 0.08809158 -0.11977486
v 0.14061206 0.00342565 -0.12194878
v 0.18643024 -0.01725698 -0.11210365
v 0.17165036 -0.03340000 -0.10583017
v 0.14151926 -0.03406519 -0.10519615
v 0.17923705 -0.05026310 -0.09576649
v 0.30743332 -0.10419025 -0.11432915
v 0.31269922 -0.09238723 -0.11746506
v 0.32147394 -0.09566357 -0.11240599
v 0.32130063 -0.10479250 -0.10814134
v 0.31785025 -0.08145512 -0.12014684
v 0.32759399 -0.08836012 -0.11300223
v 0.29629349 -0.23934343 -0.08911828
v 0.28845181 -0.24590936 -0.08878001
v 0.28313483 -0.21314961 -0.09088874
v 0.28577014 -0.19701407 -0.09258542
v 0.27996024 -0.24632973 -0.08682318
v 0.27651703 -0.19706252 -0.09054086
v 0.28946982 -0.18086417 -0.09444390
v 0.29667880 -0.19697020 -0.09243141
v -0.29590140 -0.22660071 -0.08028310
v -0.28884128 -0.21881145 -0.08422585
v -0.55930029 -0.03989427 0.01365853
v -0.59187885 -0.02895802 0.01352655
v -0.60145239 -0.02105708 0.01703665
v -0.59021936 -0.02425992 0.01866017
v -0.57888605 -0.02721180 0.02062069
v -0.55779724 -0.03527229 0.01954514
v -0.28203922 -0.23419379 -0.08256613
v -0.27050238 -0.22877003 -0.08421557
v -0.28381189 -0.22186247 -0.08610615
v -0.26089874 -0.22440674 -0.08586541
v -0.25993384 -0.23733949 -0.08026694
v -0.31021521 -0.29361981 -0.04885120
v -0.31364502 -0.28086618 -0.05304266
v -0.30915887 -0.30461301 -0.05616284
v 0.35875735 0.17419241 -0.10778091
v 0.35497565 0.18484727 -0.10565518
v -0.26565009 0.09956767 -0.04838058
v -0.27823740 0.08535941 -0.04271604
v 0.24679465 -0.12969148 -0.04267107
v 0.25263681 -0.13621271 -0.04333815
v 0.25595865 -0.13021915 -0.03765797
v 0.25546716 -0.15396362 -0.04892288
v 0.28558960 0.08191125 -0.16051501
v 0.27878473 0.06737203 -0.15729616
v 0.30719199 0.07020863 -0.15564731
v 0.27255334 0.05705344 -0.15442969
v 0.24655576 -0.13595016 -0.07865479
v 0.24641360 -0.12925597 -0.08244986
v 0.23891278 -0.12967978 -0.07647999
v -0.13357310 -0.08391831 -0.09139315
v -0.12084947 -0.04832385 -0.08985765
v -0.12496309 -0.04622290 -0.07143901
v -0.13352614 -0.05479205 -0.06368771
v -0.12137047 -0.03125603 -0.06337411
v 0.01135882 0.24118884 0.00517007
v -0.00051205 0.24005432 -0.00390489
v 0.03448364 0.24018448 -0.00555466
v -0.01260999 0.23879361 -0.01194814
v -0.00061995 0.23559705 -0.02989794
v -0.07525542 -0.03177658 -0.02072258
v -0.08476508 -0.01742126 -0.03756927
v -0.06358378 -0.01280449 -0.04062728
v -0.10935307 -0.01582655 -0.05187045
v -0.04861113 -0.01442843 -0.04273307
v -0.06149751 0.00306306 -0.05778269
v 0.39664706 -0.00769062 -0.08573183
v 0.38158597 -0.01832237 -0.08865077
v 0.37241495 -0.02302861 -0.10016755
v 0.25244614 -0.00251140 -0.13249220
v 0.24700244 0.00723586 -0.12817841
v 0.25079510 -0.02365050 -0.12553960
v -0.30842319 -0.28439075 -0.04521175
v -0.30358923 -0.29814703 -0.04327952
v -0.48642468 -0.06848730 0.00667531
v -0.44060080 -0.05346913 0.00602102
v -0.42947394 -0.05669390 0.00611282
v -0.44203680 -0.06523312 0.00685895
v -0.40286487 -0.04638705 0.00534668
v -0.45614059 -0.07389858 0.00750537
v -0.48690875 -0.07942114 0.00756289
v -0.44732120 -0.07678789 0.00941430
v -0.49158786 -0.08732053 0.01063932
v -0.26525302 0.11218257 -0.01575994
v -0.26029169 0.12050793 -0.01451478
v -0.27319742 0.09713109 -0.01178053
v 0.66683185 0.12425768 -0.02066786
v 0.67206049 0.12676338 -0.01394310
v 0.67493073 0.12587550 -0.01211269
v 0.67340784 0.12325307 -0.01406115
v 0.65066614 0.13327625 -0.03321793
v 0.65305688 0.13330560 -0.03187096
v 0.64896655 0.13659473 -0.03343538
v 0.64799347 0.15137569 -0.03093103
v 0.65163245 0.15034111 -0.02860658
v 0.65285272 0.14865565 -0.02841671
v 0.66278723 0.14677148 -0.01500213
v 0.66296771 0.14666328 -0.01363233
v 0.66330389 0.14647189 -0.01222133
v 0.66319623 0.14573000 -0.01115178
v 0.66464563 0.14675317 -0.01086292
v 0.66497406 0.14585362 -0.00902350
v 0.66599231 0.15290820 -0.00918113
v 0.66836365 0.15098450 -0.00727951
v 0.66978821 0.15485268 -0.00382392
v 0.67110614 0.15043390 -0.00389190
v 0.66966803 0.14460147 -0.00381589
v 0.67138629 0.14387131 -0.00240411
v 0.67144421 0.14320959 -0.00160561
v 0.67299774 0.14373820 -0.00172000
v 0.66607166 0.12899832 -0.02022423
v 0.66821802 0.12979724 -0.01718792
v 0.66956671 0.12883754 -0.01567397
v 0.67135175 0.12877597 -0.01357749
v 0.67358435 0.13123849 -0.00995605
v 0.65800079 0.13852068 -0.01951048
v 0.65705994 0.13900017 -0.02167249
v 0.65675555 0.13931470 -0.02120987
v 0.65680414 0.13886075 -0.02392941
v 0.67363171 0.14524539 -0.00218675
v 0.67428680 0.14436905 -0.00133366
v 0.67474866 0.14525011 -0.00096705
v 0.67455371 0.14366609 -0.00076848
v 0.64334650 0.11704991 -0.03905746
v 0.64806055 0.11409940 -0.03425416
v 0.63310718 0.11970122 -0.04690205
v 0.63211768 0.11316472 -0.04746770
v 0.63710590 0.12141522 -0.04521877
v 0.58060553 0.07238552 -0.05555606
v 0.57424036 0.07261777 -0.06035947
v 0.57692395 0.07624122 -0.06255308
v 0.61042456 0.10777089 -0.05827188
v 0.61531958 0.11013142 -0.05507736
v 0.61901978 0.10539467 -0.05223679
v 0.61644598 0.11799017 -0.05499350
v 0.63053058 0.14457506 -0.04770704
v 0.63229584 0.14604706 -0.04456389
v 0.63539020 0.14296254 -0.04172623
v 0.63129547 0.15207722 -0.04297076
v 0.64259424 0.15399709 -0.03164804
v 0.64490448 0.15433844 -0.03047996
v 0.67219525 0.16101340 -0.00229602
v 0.66840424 0.16236093 -0.00521456
v 0.67463318 0.15693089 0.00018086
v 0.66321979 0.18565472 0.00732509
v 0.65441748 0.19350287 0.00213611
v 0.65184943 0.19983777 0.00450515
v 0.64683905 0.19333018 -0.00583560
v 0.63821301 0.20512360 -0.00650305
v 0.64842230 0.20486932 0.00574644
v 0.65170557 0.20558798 0.01234619
v 0.63889972 0.20974969 0.00011307
v 0.63963007 0.16985701 -0.02485202
v 0.64315320 0.16963322 -0.02167205
v 0.63761945 0.17352193 -0.02514870
v 0.60994977 0.15050468 -0.04500369
v 0.61476868 0.15129982 -0.04601437
v 0.60265326 0.15497517 -0.04344652
v 0.59820270 0.11012276 -0.06330342
v 0.58764825 0.11191565 -0.06197552
v 0.58545990 0.11645090 -0.05953020
v 0.58312933 0.12020160 -0.05761876
v 0.57163110 0.12173373 -0.05577572
v 0.61462750 0.21149684 -0.02389381
v 0.61697839 0.21764265 -0.02004198
v 0.62231897 0.21487941 -0.01755220
v 0.62737958 0.21215358 -0.01455273
v 0.63292169 0.20195811 -0.01440796
v 0.62846417 0.21698718 -0.00990266
v 0.53870831 0.11272719 -0.06517471
v 0.54134973 0.12153352 -0.06232723
v 0.55359998 0.12515552 -0.05694849
v 0.51472028 0.11500490 -0.07484250
v 0.53170520 0.12897415 -0.06393372
v 0.54743530 0.13890778 -0.05554446
v 0.58589185 0.16829884 -0.04463599
v 0.58857922 0.16280624 -0.04450771
v 0.59199121 0.15806093 -0.04420944
v 0.60015924 0.21230037 -0.03082011
v 0.58917297 0.21368709 -0.03195340
v 0.58606122 0.21899371 -0.02922826
v 0.58274847 0.20684756 -0.03541305
v 0.58333905 0.22243105 -0.02719343
v 0.58761670 0.22599503 -0.02406072
v 0.57176025 0.22291476 -0.02822600
v 0.50799597 0.04868468 -0.04713142
v 0.52169269 0.04445790 -0.04096992
v 0.50736005 0.05570872 -0.05416401
v 0.50696912 0.17602704 -0.05212828
v 0.52060925 0.18526137 -0.04622280
v 0.53450000 0.17642778 -0.04693841
v 0.53755426 0.16808081 -0.04850357
v 0.54098499 0.15888696 -0.05058338
v 0.53003070 0.15408801 -0.05435194
v 0.55523114 0.15105467 -0.05138071
v 0.56047296 0.22666214 -0.02880260
v 0.55859430 0.23134236 -0.02663083
v 0.55661206 0.23573172 -0.02457145
v 0.54620551 0.24085049 -0.02436239
v 0.51442456 0.20594847 -0.03927961
v 0.51756317 0.21459776 -0.03633136
v 0.52587549 0.21221896 -0.03774163
v 0.49790448 0.22115599 -0.03131829
v 0.51193829 0.22573553 -0.03055591
v 0.40150214 0.16610625 -0.10429587
v 0.40129294 0.17648396 -0.10019669
v 0.37792297 0.17668907 -0.10503113
v 0.40154257 0.18606291 -0.09587446
v 0.37692020 0.20608218 -0.09017860
v 0.46117761 0.24232596 -0.00471470
v 0.47268741 0.23611058 -0.01445983
v 0.47435226 0.22958517 -0.02096557
v 0.46871603 0.24792593 0.00015906
v 0.48194208 0.23751399 -0.01508323
v 0.47509787 0.22375072 -0.02646004
v 0.48582892 0.21524675 -0.03438596
v 0.49821869 0.25559518 -0.00115229
v 0.50900873 0.25886203 0.00156416
v 0.51357257 0.25735162 -0.00524251
v 0.51304437 0.25483209 -0.00962619
v 0.52181531 0.25714331 -0.00696334
v 0.55388416 0.25334039 0.00499004
v 0.55738190 0.25180792 0.00326464
v 0.53005096 0.25683636 -0.00631542
v 0.48214859 0.25118549 -0.00048327
v 0.47496774 0.25497214 0.00839482
v 0.47874255 0.25741638 0.01265656
v 0.46458249 0.25361166 0.01250233
v 0.46203922 0.25639670 0.02604106
v 0.48351443 0.25949417 0.01677972
v 0.49464734 0.26026563 0.01283359
v 0.47776184 0.25925110 0.02495288
v 0.49408319 0.26178824 0.02498062
v 0.65676715 0.17329584 -0.01148363
v 0.65753247 0.17498708 -0.00909681
v 0.53866852 0.20271431 -0.05964698
v 0.53583795 0.19931256 -0.06532890
v 0.54835608 0.18429823 -0.06916573
v 0.51695581 0.22534831 -0.05789052
v 0.51885956 0.21347238 -0.06872881
v 0.55613068 0.12937572 -0.07060693
v 0.56497437 0.13293404 -0.06875027
v 0.55025592 0.14790681 -0.07556232
v 0.53832092 0.15476627 -0.08066050
v 0.57150238 0.13821793 -0.06641001
v 0.54866779 0.15696249 -0.07652504
v 0.56823755 0.21279933 -0.03999400
v 0.55386987 0.22487012 -0.03755550
v 0.59119257 0.20354779 -0.04091650
v 0.54124860 0.23650128 -0.03484483
v 0.51945575 0.25017023 -0.03441814
v 0.59671716 0.20490959 -0.04635732
v 0.60038385 0.20603943 -0.04246363
v 0.59978613 0.20201741 -0.04306776
v 0.60089575 0.21272908 -0.03814998
v 0.59919000 0.19805464 -0.04362556
v 0.57021893 0.13109360 -0.07187381
v 0.57399640 0.13154077 -0.06873286
v 0.57143536 0.12909944 -0.06864200
v 0.57551459 0.13853940 -0.06945013
v 0.57751202 0.13622212 -0.06593367
v 0.56886859 0.12672412 -0.06839355
v 0.56477820 0.12287250 -0.06995356
v 0.50988220 0.15594574 -0.09050820
v 0.50616620 0.15607933 -0.08995705
v 0.50608887 0.15866219 -0.08934947
v 0.50602362 0.16094800 -0.08855229
v 0.50772638 0.16468523 -0.08944601
v 0.51535382 0.22665617 -0.06638155
v 0.51701440 0.21607445 -0.07677126
v 0.51329218 0.21434433 -0.07989385
v 0.51223041 0.21834059 -0.07533250
v 0.51133508 0.22233897 -0.07040710
v 0.51082404 0.23046190 -0.06301990
v 0.55380811 0.14640462 -0.07972543
v 0.55863196 0.13997333 -0.07731593
v 0.56128027 0.14782555 -0.07662627
v 0.56166895 0.13400354 -0.07590941
v 0.56669586 0.17218988 -0.07347820
v 0.57377679 0.16470749 -0.07064282
v 0.58587402 0.16036292 -0.06348447
v 0.54490259 0.25596445 -0.01896418
v 0.54780664 0.25257672 -0.02386356
v 0.55509009 0.25371860 -0.01238162
v 0.55130511 0.24887427 -0.03030076
v 0.54328949 0.24823682 -0.03925603
v 0.56693274 0.24266214 -0.02782484
v 0.53683258 0.18025291 -0.08518742
v 0.53877448 0.17348410 -0.08626591
v 0.53427454 0.17246025 -0.08820647
v 0.52590619 0.21318211 -0.07254879
v 0.53375342 0.20352921 -0.07370487
v 0.52711707 0.21864828 -0.06634592
v 0.53788092 0.10418047 -0.06660931
v 0.52795532 0.09863986 -0.07091013
v -0.29234940 -0.29328381 -0.03500407
v -0.28564807 -0.31554501 -0.03723078
v -0.27926682 -0.11249038 0.13219479
v -0.28010666 -0.13088516 0.12637861
v -0.27939050 -0.07939423 0.13191907
v -0.28142712 -0.14805663 0.12111321
v -0.28672507 -0.17737531 0.11814840
v 0.68024652 0.14993343 0.03866439
v 0.68033020 0.15202951 0.03727459
v 0.67912146 0.15782361 0.04110164
v 0.67422888 0.14285835 0.05128428
v 0.67547241 0.13988220 0.04926583
v 0.67553699 0.14108658 0.04835825
v 0.67453595 0.14332901 0.04910488
v 0.67595337 0.14038060 0.04699105
v 0.67214642 0.13716284 0.05458738
v 0.67120929 0.13740964 0.05362812
v 0.67040088 0.13738689 0.05401482
v 0.67138098 0.13738708 0.05220623
v 0.66929370 0.13766281 0.05246620
v 0.66948938 0.13735161 0.05432542
v 0.66915649 0.13725977 0.05579322
v 0.66776337 0.13785500 0.05489861
v 0.66684418 0.13781491 0.05692539
v 0.67732245 0.13511284 0.05072797
v 0.67762921 0.13462874 0.05094801
v 0.67084723 0.14879611 0.05454344
v 0.67149646 0.14825124 0.05301777
v 0.67211670 0.14600317 0.05409116
v 0.67464697 0.13712386 0.05032807
v 0.67438263 0.13716101 0.05007404
v 0.67333752 0.13721724 0.05086960
v 0.67499780 0.13750540 0.04927216
v 0.67378241 0.13750177 0.04982828
v 0.65526617 0.14004601 0.08023183
v 0.65633838 0.13969545 0.07910205
v 0.65993427 0.14874443 0.07418269
v 0.65978558 0.14720158 0.07452536
v 0.65960156 0.14583566 0.07496181
v 0.66019977 0.14553166 0.07365451
v 0.65819617 0.14456287 0.07694681
v 0.44025174 0.02918425 0.11307045
v 0.43793216 0.02264540 0.10973586
v 0.43798260 0.01499491 0.10483399
v 0.42295523 0.01060047 0.11322011
v 0.68132678 0.14163522 0.03289108
v 0.68081488 0.14202324 0.03480664
v 0.68001868 0.14255952 0.03694514
v 0.68019440 0.14452808 0.03734460
v 0.52631042 0.07922944 0.11899193
v 0.53799561 0.07595874 0.11889743
v 0.53764893 0.07053313 0.11754221
v 0.40655389 0.00706868 0.12354372
v 0.40574808 0.00079974 0.11938969
v 0.39016327 0.01002054 0.13813974
v 0.40431985 -0.00454864 0.11530009
v 0.38744690 -0.00829402 0.12455452
v -0.19410477 0.20239639 0.03254456
v -0.22045406 0.18360481 0.02966658
v -0.22914563 0.17582907 0.03832740
v -0.22080902 0.18198413 0.04310861
v -0.24572763 0.16094507 0.03986202
v -0.21233577 0.18859723 0.04868784
v -0.19442877 0.20161829 0.04749606
v -0.22589272 0.16506749 0.08964012
v -0.21704787 0.17204048 0.08969002
v -0.22166705 0.16783206 0.09788485
v -0.19578287 0.18671370 0.10289526
v -0.16891338 0.00968004 0.21694475
v -0.18584122 -0.01029586 0.21268567
v -0.18168912 -0.02429847 0.21317783
v -0.20705112 -0.01101029 0.20492897
v -0.17916222 -0.03738810 0.21219867
v 0.67315015 0.13941948 0.05096175
v 0.67254736 0.13854909 0.05027187
v 0.67241339 0.13742952 0.04947708
v 0.67202289 0.14186745 0.05280302
v 0.67177307 0.13926962 0.05066236
v 0.67026678 0.13804324 0.05070787
v 0.60616565 0.22119965 0.07319699
v 0.61285382 0.22229385 0.06704340
v 0.61123218 0.22496800 0.06854764
v 0.60931238 0.22414577 0.07244835
v 0.60917151 0.22818413 0.06637970
v 0.60451288 0.22935548 0.07223306
v 0.57604883 0.22747121 0.07333977
v 0.57004236 0.23307277 0.06828442
v 0.55855231 0.23875803 0.06627987
v 0.55761456 0.23876840 0.06754076
v 0.56863342 0.23435698 0.06680215
v 0.55615973 0.24089755 0.06447659
v 0.55448950 0.25389011 0.03559892
v 0.55821686 0.25266272 0.03254501
v 0.55592395 0.25271280 0.04057355
v -0.29448947 0.10938966 0.02885208
v -0.26906653 0.13608215 0.04025274
v -0.26155811 0.14545259 0.03690346
v -0.26878693 0.13796454 0.02863544
v -0.27516351 -0.19113150 0.13810811
v -0.27775900 -0.18322957 0.13497595
v -0.29238687 -0.20202338 0.12636342
v -0.29656268 -0.21217516 0.12536364
v -0.30188614 -0.20821198 0.11944160
v -0.30080481 -0.22224113 0.12420928
v -0.29082996 -0.21643851 0.13021307
v -0.31019281 -0.24542851 0.11874744
v 0.31947858 -0.13184526 0.13682516
v 0.32142551 -0.14095639 0.12620995
v 0.32585406 -0.13398312 0.12244728
v 0.31225256 -0.16036130 0.13244217
v 0.31821503 -0.16118585 0.12034269
v 0.32247894 -0.16089151 0.10452297
v 0.33096399 -0.12828946 0.11632330
v 0.33527054 -0.11125081 0.12232234
v 0.33272885 -0.13485356 0.10298151
v 0.37412070 0.01155178 0.15072784
v 0.37338882 0.01770379 0.15395145
v -0.18907146 0.17337585 0.14114680
v -0.16145171 0.19061813 0.12802432
v -0.16911754 0.19402049 0.11686428
v -0.18917348 0.18449263 0.11994753
v -0.16436398 0.19865826 0.10810419
v 0.07466846 0.18647667 0.12638790
v 0.08465604 0.19526385 0.11260060
v 0.07242894 0.20253549 0.10427173
v 0.11043465 0.18179718 0.13382581
v 0.10750658 0.19647630 0.11114754
v 0.06036282 0.21109621 0.09658318
v 0.03747398 0.21091231 0.10305607
v 0.06488014 0.22010385 0.08114551
v -0.06080908 0.15454924 0.15504659
v -0.06539749 0.13442212 0.16628737
v -0.05330624 0.12053188 0.16980605
v -0.07765532 0.12566614 0.17389449
v -0.04282062 0.10797130 0.17203853
v -0.02602172 0.11618686 0.16665482
v -0.04757427 0.08992102 0.17759911
v -0.02160151 0.08471461 0.17266658
v -0.09922593 0.17755481 0.14312730
v -0.10396218 0.18529350 0.13637575
v -0.09288911 0.18473146 0.13328107
v 0.00551218 -0.06387185 0.07581415
v 0.01813476 -0.06994940 0.08109542
v 0.01101367 -0.07337527 0.06421734
v 0.35218961 0.02452310 0.17232570
v 0.33382431 0.02631007 0.18044467
v 0.35403516 0.03996255 0.17580405
v 0.32697589 0.03688511 0.18549767
v 0.22963345 -0.04267508 0.14514896
v 0.23534489 -0.04667661 0.15080872
v 0.23940129 -0.03904997 0.15618243
v 0.22940256 -0.06149321 0.14208237
v 0.23672119 -0.06178156 0.14980493
v 0.24864893 -0.06254653 0.15860608
v -0.07504234 0.00777340 0.15395267
v -0.08368827 0.00382305 0.16944316
v -0.08572308 -0.00094490 0.16734880
v -0.06812523 0.01840093 0.16598265
v -0.08231646 0.00806005 0.17971111
v -0.08836781 -0.00849339 0.16276738
v -0.09455326 -0.01944129 0.17235350
v -0.25449692 -0.20265088 0.09517053
v -0.26472061 -0.22245009 0.09072301
v -0.27327634 -0.22752786 0.08807327
v -0.28336380 -0.23316145 0.08535419
v -0.28401202 -0.22065738 0.08776889
v -0.28985443 -0.25790616 0.08297549
v -0.29787140 -0.24764975 0.08373074
v -0.67340503 -0.01052766 0.02711523
v -0.66269189 -0.00793980 0.02856625
v -0.67656097 -0.01341483 0.02851442
v -0.66139294 -0.01132384 0.03177971
v -0.24804823 -0.09668969 0.16833270
v -0.25932202 -0.12307498 0.15383049
v -0.26038470 -0.14093085 0.14995319
v -0.30452493 -0.35995435 0.11937106
v -0.29503064 -0.33129977 0.12333168
v -0.29992786 -0.31047336 0.12332920
v -0.29415714 -0.36088657 0.12275241
v -0.29337872 -0.31097873 0.12561764
v -0.27528552 0.06895792 0.05368214
v -0.27222946 0.05187550 0.05127129
v -0.27909848 0.05203613 0.05945610
v -0.28094943 0.06523402 0.06444785
v -0.28223914 0.03790042 0.06350936
v 0.26133090 -0.15548363 0.08699850
v 0.25393723 -0.13272803 0.08075217
v 0.26066757 -0.12893924 0.07220428
v 0.26723260 -0.13787175 0.07232851
v 0.23446553 0.03690199 0.18287253
v 0.23297435 0.05635262 0.18896342
v 0.22514055 0.06527911 0.18793867
v 0.21909843 0.07278235 0.18758508
v 0.20739574 0.06389761 0.18058739
v 0.22017487 0.09363866 0.19529269
v -0.28570532 -0.01011919 0.09314002
v -0.29030536 0.01330685 0.08711072
v -0.28566101 0.01662281 0.07920901
v -0.29531613 0.00014041 0.10449570
v -0.29525998 0.03025078 0.09127778
v -0.11020084 0.21740735 0.08999036
v -0.11473909 0.22105937 0.08133879
v -0.09761765 0.22079663 0.08837123
v -0.12081808 0.22337405 0.07457963
v -0.13453540 0.21892911 0.07499163
v 0.06189367 -0.04840533 0.13208887
v 0.05687841 -0.06230164 0.11563895
v 0.08480575 -0.07246238 0.11127182
v 0.09899835 -0.06770901 0.11887767
v 0.05695522 -0.07720159 0.09685685
v 0.09969842 -0.08271089 0.09965450
v 0.13715074 -0.08085867 0.10574517
v 0.05850553 0.22810297 0.06304413
v 0.06956886 0.22821597 0.05328873
v 0.08076870 0.22894652 0.04291647
v 0.07460392 0.23423883 0.02246664
v -0.27799661 -0.05650977 0.11350651
v -0.27852734 -0.04558296 0.10685451
v -0.28451575 -0.04529096 0.11651395
v -0.27776196 -0.03714782 0.09957397
v -0.26647565 -0.05205266 0.09701885
v 0.37634653 0.11496565 0.15869687
v 0.36314816 0.12355487 0.16797607
v 0.36415335 0.11404280 0.17054237
v 0.35776080 0.14568446 0.16452203
v 0.34594440 0.14868167 0.17278880
v 0.32874286 0.15298680 0.18660167
v 0.36227014 0.10658735 0.17444070
v 0.37629468 0.08348851 0.16322835
v 0.34368945 0.11772798 0.18750746
v 0.35640280 0.08688527 0.17932010
v 0.22041441 -0.06564656 0.11567412
v 0.18420695 -0.05336759 0.12859726
v 0.17039485 -0.06479033 0.12048613
v 0.17834711 -0.07456845 0.10862862
v 0.14045766 -0.04337937 0.14075653
v 0.14165919 -0.06488498 0.12297800
v 0.27340714 -0.12946024 0.15459349
v 0.26837894 -0.13716080 0.14640823
v 0.26733630 -0.15684760 0.13651941
v 0.26612604 -0.12940213 0.14768219
v 0.26794604 -0.18451332 0.13004855
v 0.27103598 -0.20011209 0.13213162
v 0.27381018 -0.21557565 0.13379758
v 0.27666504 -0.20009145 0.13854041
v -0.24792001 -0.14996265 0.15882866
v -0.25702582 -0.16276910 0.15189795
v -0.26878265 -0.18994446 0.14285599
v -0.25662964 -0.15327199 0.15248163
v -0.34412155 0.01273953 0.05150017
v -0.37360812 -0.01354628 0.04835720
v -0.36475641 -0.01557467 0.04799231
v -0.34299182 -0.00002322 0.04908947
v -0.37171509 -0.02620893 0.04583686
v -0.33699374 -0.00784411 0.04435278
v -0.61585132 -0.06108543 0.02936778
v -0.60500861 -0.06571825 0.03181263
v -0.60600873 -0.06821065 0.02468773
v -0.59407324 -0.07009775 0.03465564
v -0.33363974 -0.01333783 0.03525962
v -0.31135226 0.01102875 0.03260474
v -0.30100558 0.02711918 0.03682980
v -0.29904449 0.02425103 0.02578236
v -0.29028922 0.04321902 0.04174641
v -0.30370081 0.03192963 0.04706076
v -0.27321887 0.06061491 0.04164995
v 0.25501129 -0.15752769 0.09288687
v 0.26002640 -0.18496138 0.09410098
v 0.25977484 -0.20024722 0.09544559
v 0.26485822 -0.19315154 0.09110863
v 0.27056381 -0.24781549 0.09286531
v 0.25993732 -0.21552539 0.09687845
v 0.25538162 -0.19977769 0.09985593
v 0.26462189 -0.24738591 0.09696282
v 0.26035114 -0.24081236 0.10147757
v 0.23375308 -0.07573192 0.14477522
v 0.23766531 -0.08274496 0.14563812
v 0.22762622 -0.07892149 0.13762695
v 0.24280359 -0.09001456 0.14787561
v 0.25207050 -0.08439561 0.15586267
v 0.31551892 0.05472579 0.19427464
v 0.32509341 0.06586820 0.19431319
v -0.17197365 0.20319704 0.08061634
v -0.16257957 0.20796684 0.07660244
v -0.16038026 0.20397020 0.08994677
v -0.20685094 -0.03943572 0.08166643
v -0.19268822 -0.03878065 0.08364757
v -0.22462596 -0.02255264 0.06968081
v -0.17366386 -0.03890036 0.08608157
v 0.13148128 0.19920125 0.11903909
v 0.14098061 0.20748746 0.11227176
v 0.14553076 0.19355817 0.13630289
v 0.17539093 0.20901315 0.13831616
v 0.14759433 0.21549792 0.10350309
v 0.16659106 0.22007463 0.10938488
v -0.01345245 0.04105819 0.16552133
v -0.03993462 0.05155728 0.17271143
v -0.04970797 0.04407425 0.17274039
v -0.04130889 0.03927032 0.16677505
v -0.06645409 0.03559108 0.17787950
v -0.23831744 -0.07634988 0.18009848
v -0.24108049 -0.06285235 0.18030168
v -0.26324197 0.10042741 0.13037338
v -0.25973285 0.08691106 0.14646893
v -0.24673895 0.09263680 0.15721927
v -0.27003143 0.06315905 0.14806638
v -0.25189722 0.04971391 0.17155411
v -0.23654547 0.09575402 0.16730859
v -0.22733273 0.11903127 0.16253369
v -0.23252849 0.07480859 0.18013850
v 0.17998582 0.22623428 0.10473571
v 0.18930826 0.22472044 0.11549938
v 0.31589722 -0.16396558 0.08800185
v 0.32305600 -0.14655002 0.08108461
v 0.33125061 -0.13953641 0.08551314
v 0.22585680 -0.10516360 0.08025903
v 0.22013333 -0.10068567 0.08588620
v 0.43924954 0.06653838 0.12717455
v 0.44108688 0.05832000 0.12366582
v 0.46095303 0.05061539 0.11348338
v -0.28751099 -0.20524861 0.09983615
v -0.29565149 -0.21242014 0.09943029
v -0.28995422 -0.21659625 0.09427619
v -0.32921451 0.07005204 0.02529185
v -0.34070282 0.05451648 0.03154858
v -0.32726999 0.06739166 0.03520748
v -0.36366650 0.02904836 0.03289064
v -0.31411911 0.08058043 0.03925415
v -0.29264001 0.10713691 0.03934496
v -0.53632092 -0.04192771 0.03354810
v -0.52520312 -0.04187047 0.03143633
v -0.52583844 -0.04744290 0.03728371
v -0.49170389 -0.04845379 0.03743386
v -0.51487622 -0.04185897 0.02927064
v -0.52571277 -0.03888667 0.02491151
v -0.49293118 -0.04341000 0.03149937
v -0.42103592 -0.01819795 0.03212336
v -0.40035535 -0.00618797 0.03582088
v -0.39221008 0.00270292 0.03405074
v -0.42303329 -0.02449968 0.03741468
v -0.39346503 -0.00589679 0.04024026
v 0.31602133 -0.18750093 0.12069168
v 0.31728647 -0.20254910 0.11647522
v 0.31239941 -0.20182890 0.12763632
v 0.31229959 -0.24731955 0.12700673
v 0.31816513 -0.21736998 0.11313792
v 0.31886548 -0.20311147 0.10460859
v 0.31651114 -0.24724417 0.11749076
v 0.31797943 -0.24730518 0.10660250
v 0.22308467 -0.08708884 0.10808649
v 0.22379431 -0.09008381 0.11705205
v 0.22527818 -0.08263728 0.12369514
v 0.21932716 0.23674951 0.07279999
v 0.22754524 0.23652217 0.06553545
v 0.22708076 0.24039703 0.09070720
v 0.25958481 0.23517511 0.09255350
v 0.23540176 0.23686967 0.05734788
v 0.22648721 0.23466008 0.03679893
v 0.25561908 0.23323152 0.06317914
v 0.25455597 0.23353206 0.03252636
v 0.31553339 0.18477394 0.16310086
v 0.29793323 0.19863394 0.15816768
v 0.29476666 0.19229218 0.17015096
v 0.28232907 0.21533678 0.13994244
v 0.26026511 0.22352043 0.14570551
v 0.32590643 0.22124147 0.10641461
v 0.30516086 0.22368555 0.10195631
v 0.30180881 0.21925377 0.11174764
v 0.31610660 0.23448677 0.07675059
v 0.29230090 0.23099232 0.08569775
v 0.30058096 0.21599135 0.11948955
v 0.28182770 0.22274910 0.11571925
v -0.01203349 -0.01089025 0.11931493
v -0.03201371 0.00837026 0.13331371
v -0.04364403 0.00656073 0.13266898
v -0.00486860 0.00341602 0.13595029
v -0.03632578 0.02211821 0.14856018
v 0.11612631 0.16028566 0.15464937
v 0.14154503 0.15889775 0.16044353
v 0.15118010 0.17041487 0.15483411
v -0.06898562 0.20361023 0.11517586
v -0.07729829 0.19024896 0.12750723
v -0.06503996 0.18063046 0.13570195
v -0.05381879 0.17092316 0.14337305
v -0.10485359 0.05479573 0.21560352
v -0.09583676 0.05081782 0.21098918
v -0.10158009 0.03028063 0.21086411
v 0.24266403 0.22834416 0.14751151
v 0.25272839 0.21332693 0.16563214
v 0.26672687 0.20188869 0.17352728
v 0.28714844 0.18684488 0.18046315
v 0.29592001 0.16595648 0.19423201
v -0.28108475 -0.21003711 0.09149390
v -0.28805975 -0.21810851 0.09015279
v -0.39484839 -0.01428575 0.04259159
v -0.38390793 -0.00938595 0.04483765
v -0.41402591 -0.02905712 0.04169811
v -0.37292203 -0.00439732 0.04739743
v -0.35415414 0.01545731 0.04904933
v -0.64519073 -0.03345695 0.03742462
v -0.65069177 -0.02858121 0.03693326
v -0.65642169 -0.02461385 0.03631979
v -0.66872601 -0.02303088 0.03393573
v -0.65174573 -0.02207210 0.03690384
v -0.66668469 -0.01903106 0.03398747
v 0.68046320 0.13142686 0.05271957
v 0.67850409 0.13023711 0.05603201
v 0.67883447 0.12879593 0.05726922
v 0.67753583 0.13252823 0.05443573
v 0.67585236 0.13055719 0.05844970
v 0.67928168 0.12700055 0.05849799
v 0.64583826 0.14131351 0.08740839
v 0.64832379 0.14162447 0.08549387
v 0.64998236 0.14402174 0.08444524
v 0.66046857 0.14578198 0.07003368
v 0.66062488 0.14465771 0.06823064
v 0.66019965 0.14522380 0.07137278
v 0.65913379 0.14204338 0.07018225
v 0.65986938 0.14459007 0.07285042
v 0.65886041 0.14300156 0.07353854
v 0.66658441 0.14589342 0.05775673
v 0.66791357 0.14587991 0.05712229
v 0.66669244 0.14757120 0.05991634
v 0.66543512 0.14796194 0.06115857
v 0.66914862 0.14650865 0.05734906
v 0.66649738 0.14877548 0.06161444
v 0.66462830 0.14804494 0.06183123
v 0.66524255 0.14656984 0.05949408
v 0.67644415 0.13365492 0.05474240
v 0.67450952 0.13332985 0.05813821
v 0.67411328 0.13252271 0.05940969
v 0.67382037 0.13120493 0.06075415
v 0.67185583 0.13090141 0.06419418
v 0.65990045 0.13873587 0.06807032
v 0.65906012 0.13899529 0.07063741
v 0.65990393 0.13852533 0.07095848
v 0.65732855 0.14113264 0.07346583
v 0.65777209 0.14145232 0.07250423
v 0.65814581 0.14204715 0.07360980
v 0.65793115 0.14198192 0.07462244
v 0.68002319 0.13928323 0.03941192
v 0.68048633 0.13856871 0.03953261
v 0.65538947 0.12790353 0.08332468
v 0.65073541 0.12502379 0.08412013
v 0.65327979 0.12040517 0.08126911
v 0.65692828 0.11995963 0.07957870
v 0.65157208 0.11703923 0.08124063
v 0.63076483 0.11323897 0.09753769
v 0.62586389 0.10664338 0.09932785
v 0.62691870 0.10299946 0.09974502
v 0.62837482 0.10074245 0.10001614
v 0.62427997 0.09643345 0.10183350
v 0.65043225 0.13156061 0.08530447
v 0.64879822 0.12880249 0.08550082
v 0.64565527 0.12950232 0.08656412
v 0.59532941 0.09053926 0.11085544
v 0.59565765 0.08727718 0.10882320
v 0.60367371 0.08730120 0.10580798
v 0.62272455 0.12787988 0.10011086
v 0.61802545 0.12564732 0.10360239
v 0.61276294 0.12909126 0.10539405
v 0.64118939 0.14189069 0.09094371
v 0.64273926 0.13967014 0.09010643
v 0.64164655 0.13533340 0.09061166
v 0.65559595 0.16668668 0.06666071
v 0.65344891 0.16397472 0.07094629
v 0.65452173 0.15965144 0.07310352
v 0.65123950 0.16445955 0.07213547
v 0.67374860 0.17535406 0.04341685
v 0.67232764 0.17457964 0.04797953
v 0.67555554 0.16841824 0.04645196
v 0.67696649 0.16476027 0.04620766
v 0.65239319 0.18421588 0.05890427
v 0.64688275 0.18979982 0.05810651
v 0.64062061 0.19046269 0.06144151
v 0.63647845 0.19153905 0.06490945
v 0.63008417 0.19816043 0.06523730
v 0.62962579 0.16410519 0.08965131
v 0.63315869 0.16283095 0.08675567
v 0.63324133 0.15952693 0.08840924
v 0.61232043 0.17171797 0.08909037
v 0.61716034 0.16574271 0.09231096
v 0.62121393 0.16724243 0.09191133
v 0.61797717 0.15915340 0.09528722
v 0.57440741 0.10564632 0.11173012
v 0.56496088 0.09780095 0.11400823
v 0.56659253 0.09330226 0.11672681
v 0.55165466 0.09700871 0.11390755
v 0.61690497 0.19872803 0.07672169
v 0.61166827 0.20043320 0.07928447
v 0.61868817 0.20511079 0.07219582
v 0.60677838 0.20005684 0.08188064
v 0.60675793 0.18914259 0.08553666
v 0.60133130 0.20948439 0.08002303
v 0.59487073 0.19745462 0.08638226
v 0.62689246 0.21696600 0.05220234
v 0.62924280 0.21279622 0.05405097
v 0.62341681 0.21375598 0.05937399
v 0.58031903 0.15666034 0.09620155
v 0.57198340 0.14988254 0.09868517
v 0.57424713 0.14335167 0.09944050
v 0.56605176 0.16379097 0.09725626
v 0.55935193 0.15233351 0.10036078
v 0.60740729 0.17941489 0.08778315
v 0.60262457 0.17900612 0.08913375
v 0.59614404 0.17903537 0.09081052
v 0.59582788 0.17109741 0.09226622
v 0.58810852 0.18696269 0.09058511
v 0.57979370 0.17923436 0.09373825
v 0.57818042 0.20845999 0.08435689
v 0.57118445 0.20677592 0.08579777
v 0.57442804 0.20059547 0.08765369
v 0.56399640 0.21942732 0.08152392
v 0.55935828 0.21444414 0.08432254
v 0.57696753 0.19381265 0.08984190
v 0.56582806 0.19449680 0.09050737
v 0.52344769 0.15835374 0.10314924
v 0.50927820 0.15588837 0.10956265
v 0.51077521 0.14399472 0.11377194
v 0.51189685 0.13207962 0.11771584
v 0.57674915 0.24128354 0.04981470
v 0.58108069 0.23927689 0.04763484
v 0.57927716 0.23987424 0.05406727
v 0.58604193 0.23691577 0.04597585
v 0.59412823 0.23294452 0.04940314
v 0.51093231 0.21015579 0.08851247
v 0.50048047 0.20959590 0.08912717
v 0.50185205 0.20251553 0.09137462
v 0.49817761 0.22260052 0.08293330
v 0.48825424 0.21945001 0.08504244
v 0.50334155 0.19446333 0.09438383
v 0.51669678 0.18288503 0.09683080
v 0.37300095 0.20216060 0.14499544
v 0.36746268 0.21733510 0.12793518
v 0.35279849 0.22162602 0.11619415
v 0.33903470 0.22621060 0.10269745
v 0.33685028 0.23726497 0.08085754
v 0.49590005 0.24706732 0.06158597
v 0.49571426 0.24148361 0.06781059
v 0.48698837 0.25314456 0.05113479
v 0.47224878 0.24898068 0.05441329
v 0.54050964 0.25150140 0.06355095
v 0.53833234 0.24877832 0.06857750
v 0.53486938 0.25468643 0.05998853
v 0.54640198 0.25573248 0.04669051
v 0.53829065 0.25734482 0.04748001
v 0.53402374 0.25760004 0.05098046
v 0.40773660 0.25003372 0.04641397
v 0.41795648 0.24789694 0.05453572
v 0.42850998 0.24560696 0.05907366
v 0.44184256 0.24617029 0.04693876
v 0.42861481 0.24267975 0.07347084
v 0.44902719 0.24217166 0.06098473
v 0.65770947 0.14089566 0.07150552
v 0.65854120 0.14060628 0.06997330
v 0.65736871 0.14052872 0.07199603
v 0.66863531 0.14155482 0.05351822
v 0.66406677 0.14427672 0.06073869
v 0.66256592 0.14369463 0.06357862
v 0.66381720 0.14226540 0.06098369
v 0.66938165 0.13952248 0.05204869
v 0.66584338 0.14057512 0.05713762
v 0.66496814 0.14004936 0.05850061
v 0.66608710 0.13743898 0.05843331
v 0.66362781 0.13874918 0.06210234
v 0.66180591 0.13927362 0.06513740
v 0.66349939 0.13940709 0.06199289
v 0.32390506 0.24860410 0.02249581
v 0.31953354 0.24328128 0.04234256
v 0.32868106 0.24380936 0.05121572
v 0.30326410 0.24017810 0.02710018
v 0.30704532 0.23712346 0.05447054
v 0.33809326 0.24371820 0.06098957
v 0.52578131 0.26068756 0.07477464
v 0.52869189 0.25984808 0.07031177
v 0.53123358 0.25957785 0.07504573
v 0.54498138 0.16747029 0.12404115
v 0.53590442 0.17846552 0.12479469
v 0.52038849 0.19831519 0.12960483
v 0.54658630 0.21376706 0.09503024
v 0.53007373 0.22344839 0.09908352
v 0.50837164 0.23794376 0.10278197
v 0.60688666 0.22158234 0.07788768
v 0.60494110 0.21816139 0.08096294
v 0.60254242 0.22333647 0.08086501
v 0.58781683 0.18203412 0.09860395
v 0.59683160 0.18005374 0.09964557
v 0.59589069 0.17596947 0.10237558
v 0.59055481 0.19520461 0.09344600
v 0.59912457 0.18894814 0.09735852
v 0.59487268 0.17210797 0.10510810
v 0.59181610 0.17778304 0.10700544
v 0.56730286 0.11419727 0.12243277
v 0.56369495 0.11007788 0.12320129
v 0.56141425 0.10862404 0.12196394
v 0.56540546 0.11545520 0.12680983
v 0.56151349 0.10955644 0.12590583
v 0.50800256 0.14600002 0.13303474
v 0.51323163 0.13747720 0.13020868
v 0.51720660 0.13064107 0.12998792
v 0.51438684 0.13503700 0.13210486
v 0.51162811 0.13944008 0.13412717
v 0.50649811 0.14838954 0.13527679
v 0.51727167 0.13400629 0.13457913
v 0.51641492 0.19884789 0.13985590
v 0.51501324 0.20201453 0.13722740
v 0.51972968 0.20206798 0.13767282
v 0.51467377 0.21172188 0.13417331
v 0.50046234 0.24385059 0.10780950
v 0.50093317 0.24622879 0.10540588
v 0.50270471 0.23802240 0.11429468
v 0.50695306 0.23727280 0.11403661
v 0.50151013 0.24857065 0.10289738
v 0.50625665 0.24365756 0.10687692
v 0.57572675 0.13432597 0.12080846
v 0.57943732 0.14466728 0.11767825
v 0.57017023 0.15122441 0.12394610
v 0.56294794 0.14922897 0.12899606
v 0.56423785 0.16315263 0.12510892
v 0.54869135 0.17573825 0.12980640
v 0.56377344 0.21341187 0.10835349
v 0.57110889 0.19975824 0.11041693
v 0.54598981 0.22911511 0.10804403
v 0.59190607 0.23638466 0.06764488
v 0.58197711 0.23745937 0.07513982
v 0.58611139 0.23277472 0.08120744
v 0.56843414 0.24315497 0.07555683
v 0.52583191 0.12942552 0.13521983
v 0.52983582 0.15457372 0.13484996
v 0.53469342 0.14428020 0.13564880
v 0.54546185 0.13345979 0.13650864
v 0.53167914 0.23589024 0.10571409
v 0.52410968 0.23453125 0.10653280
v 0.56935736 0.23436971 0.06614699
v 0.57500409 0.23073215 0.06853249
v 0.58025360 0.23024997 0.06818921
v 0.58253741 0.22532561 0.07304956
v 0.56887860 0.22879279 0.07347891
v 0.59815472 0.21922417 0.07824951
v 0.59130774 0.21534286 0.08266454
v 0.27137048 0.22573018 0.12313348
v 0.25509442 0.23390955 0.11767465
v 0.33932764 -0.09260980 0.12689329
v 0.55276440 0.23717351 0.07494530
v 0.53463068 0.25118204 0.07073106
v 0.56203430 0.22876910 0.08065439
v 0.51759332 0.23481749 0.10885994
v 0.52223853 0.22771210 0.11423570
v 0.53704999 0.18875212 0.13113185
v 0.53846619 0.19897699 0.12601659
v 0.53401929 0.20470345 0.12592086
v 0.54571277 0.19549568 0.12358044
v 0.52830859 0.20722423 0.12831142
v 0.52785675 0.21460690 0.12343317
v 0.52513599 0.16333240 0.13553360
v 0.51521484 0.16968608 0.13790524
v 0.59099982 0.22704526 0.08499980
v 0.57841461 0.18663098 0.11135454
v 0.55730969 0.14829451 0.13179724
v 0.56265137 0.13609242 0.13012003
v 0.54705896 0.16395065 0.13290324
v 0.55709503 0.11147180 0.13010809
v 0.55645245 0.11598244 0.13286981
v 0.51353210 0.20474567 0.13557312
v 0.51163660 0.21119618 0.13346486
v 0.50822461 0.16930452 0.13550902
v 0.50984802 0.17135062 0.13619324
v 0.50719287 0.16447900 0.13665762
v 0.51159851 0.17326132 0.13741522
v 0.55911963 0.10756939 0.12084485
v 0.57537640 0.14700543 0.11307722
v 0.58279773 0.14605186 0.11085268
v 0.58203711 0.14314870 0.11306377
v 0.58126941 0.14012157 0.11511520
v 0.57823505 0.13343579 0.11629949
v 0.60328613 0.21539285 0.08252879
v 0.60155353 0.21054597 0.08661431
v 0.51014246 0.14604349 0.13153336
v 0.51646637 0.13917503 0.12984326
v 0.50581140 0.15429070 0.13385764
v 0.52862231 0.12420572 0.12683510
v 0.55138342 0.22097852 0.08994745
v 0.56420996 0.20188326 0.09486664
v 0.55238446 0.17252403 0.11984480
v 0.55689362 0.15815395 0.12104464
v 0.53707568 0.25699936 0.06196584
v 0.53134412 0.25752707 0.06711427
v 0.66036548 0.13959067 0.06700807
v 0.66118805 0.13854607 0.06541042
v 0.66478778 0.13917789 0.05923346
v 0.66436603 0.13969183 0.05977921
v 0.66947070 0.13772896 0.05158421
v 0.66579773 0.13929041 0.05700446
v 0.66142010 0.13810643 0.06533932
v 0.66781854 0.14369482 0.05507552
v 0.66645581 0.14465775 0.05693863
v 0.66586493 0.14458627 0.05789760
v 0.66431543 0.14522244 0.06050402
v 0.45096750 0.25225903 0.02721334
v 0.44948273 0.24933319 0.03846597
v 0.45437421 0.24949445 0.04312947
v 0.45905472 0.25003610 0.04672733
v 0.46507895 0.25421997 0.03967333
v 0.46031439 0.24459320 0.05768190
v 0.50813684 0.26310962 0.02498918
v 0.50427777 0.26192111 0.03298675
v 0.50911548 0.26129724 0.03693341
v 0.49544672 0.26000122 0.03710866
v 0.51335498 0.26084277 0.04067098
v 0.51131696 0.25898605 0.04820453
v 0.53765369 0.24548550 0.07252103
v 0.54492792 0.24021051 0.07493619
v 0.49620694 0.23540631 0.07375027
v 0.50814386 0.22645544 0.08213591
v 0.48565469 0.23496944 0.07218669
v 0.45705386 0.23255443 0.07648898
v 0.44006781 0.23594264 0.08243494
v 0.43593268 0.23245721 0.09356542
v 0.43328735 0.22655870 0.10673791
v 0.42307224 0.19029597 0.14241214
v 0.43570160 0.18140219 0.13965280
v 0.41851526 0.17920352 0.14672736
v 0.44772171 0.17344478 0.13622488
v 0.53687634 0.22785663 0.08260136
v 0.54414221 0.22515059 0.08261263
v 0.55096741 0.22271307 0.08256765
v 0.55113568 0.22829691 0.08032553
v 0.55380579 0.19526489 0.09070790
v 0.55588287 0.18710272 0.09286166
v 0.55914862 0.17888806 0.09476905
v 0.57254822 0.17131049 0.09567016
v 0.55075360 0.17504970 0.09586385
v 0.42307883 0.10867957 0.14876274
v 0.44090280 0.10873209 0.14342850
v 0.43985181 0.12024280 0.14406259
v 0.44022507 0.13006671 0.14361368
v 0.42193958 0.14787245 0.15068509
v 0.60115259 0.23025471 0.05349147
v 0.60534186 0.22830635 0.05220667
v 0.61060675 0.22750696 0.04991993
v 0.61745087 0.22428801 0.05155466
v 0.58148517 0.12631741 0.10462153
v 0.58860046 0.13796315 0.09929154
v 0.57591870 0.13728407 0.10085576
v 0.56724243 0.12904259 0.10436451
v 0.52562323 0.09825656 0.12012251
v 0.51192719 0.09867632 0.12295194
v 0.51192200 0.09202656 0.12184935
v 0.51299359 0.08452996 0.12070497
v 0.62474817 0.22011752 0.04976215
v 0.56972614 0.09059517 0.11765966
v 0.58344568 0.09344953 0.11635691
v 0.60010101 0.13849921 0.09917585
v 0.60095203 0.13346837 0.10225646
v 0.60299927 0.12917224 0.10552225
v 0.59574231 0.12333057 0.10825987
v 0.62526025 0.16829071 0.08930787
v 0.62646313 0.17372986 0.08358646
v 0.63377643 0.15634595 0.08846278
v 0.63726086 0.15575528 0.08426405
v 0.64925684 0.20807533 0.03293400
v 0.66471686 0.17047948 0.05907067
v 0.66273920 0.16808649 0.06040044
v 0.64700159 0.16849748 0.07113440
v 0.64782983 0.16420615 0.07384933
v 0.64047003 0.14919508 0.08707726
v 0.63932208 0.14446884 0.09015558
v 0.63019324 0.12512718 0.09741029
v 0.62721075 0.13019368 0.09827342
v 0.62812616 0.13735275 0.09844922
v 0.59438239 0.09424581 0.11294571
v 0.64242578 0.13105989 0.08926009
v 0.64914191 0.11087033 0.08463043
v 0.64967773 0.10740798 0.08374517
v 0.66368829 0.11839134 0.07416349
v 0.66027454 0.12071492 0.07792239
v 0.66102240 0.12506824 0.07881021
v 0.65737604 0.14186264 0.07581194
v 0.65679449 0.14120645 0.07525935
v 0.66127679 0.13795351 0.07089517
v 0.66165851 0.13760954 0.07248384
v 0.66809436 0.13706593 0.05713309
v 0.66831030 0.13690936 0.05849278
v 0.66839801 0.13671507 0.06028350
v 0.67163806 0.13716133 0.04972330
v 0.67184509 0.13720406 0.05040321
v 0.67211609 0.13727348 0.05116609
v 0.66334735 0.15375591 0.06715105
v 0.66034076 0.15724193 0.06820359
v 0.65709399 0.15721281 0.07218211
v 0.65736401 0.15510046 0.07332318
v 0.65810577 0.15379733 0.07367312
v 0.66133118 0.15314958 0.07089173
v 0.65497168 0.15309001 0.07690935
v 0.65475092 0.14376295 0.08048848
v 0.65226038 0.14504840 0.08259911
v 0.66506012 0.13299144 0.07334695
v 0.66047620 0.13503525 0.07723286
v 0.65912494 0.13291014 0.07944851
v 0.66042963 0.13057004 0.07889894
v 0.65589215 0.13309972 0.08207605
v 0.66231396 0.12818076 0.07767941
v 0.66573865 0.12823900 0.07401793
v 0.66861072 0.11873489 0.06992473
v -0.56179425 -0.05033323 0.04080727
v -0.53811566 -0.05755315 0.04157936
v -0.52535278 -0.05657941 0.04068784
v -0.52668353 -0.06552727 0.04283031
v -0.51418884 -0.05491644 0.03980967
v -0.49008707 -0.05798749 0.04096354
v -0.29434708 -0.22653401 0.08927592
v -0.30187387 -0.25083731 0.08603056
v -0.26876160 0.05581023 0.04348132
v -0.26712756 0.04799129 0.03901487
v -0.12831334 0.10824638 0.21050211
v -0.12383021 0.12169519 0.20277113
v -0.11442977 0.08630590 0.21524167
v -0.11738279 0.13518854 0.19232771
v -0.13039734 0.15485768 0.17915607
v -0.11486723 0.06162807 0.21870432
v -0.13475427 0.04451680 0.22109784
v 0.16111836 0.18280692 0.15151776
v 0.18290991 0.18460634 0.16038605
v -0.05598938 0.00627965 0.13428308
v -0.05475895 -0.00143846 0.11980210
v -0.10024191 0.01572214 0.20640881
v 0.23544182 0.24180536 0.10824905
v 0.22884702 0.23967722 0.11652851
v 0.22775821 0.23754161 0.12694211
v 0.21834564 0.23477007 0.12293215
v 0.33064600 0.17147624 0.16550438
v 0.33565033 0.17469215 0.15803784
v 0.22612393 -0.07561553 0.13055878
v 0.22719591 -0.06166170 0.13203644
v -0.29479831 0.04526306 0.10118877
v -0.29437726 0.03879734 0.11237185
v -0.29452664 0.03059312 0.12046923
v -0.28932516 0.04022338 0.13124756
v -0.29520374 0.00757568 0.12053584
v -0.28923163 0.00678559 0.13745935
v -0.30862122 -0.28392227 0.11726193
v -0.30399231 -0.29762689 0.12001190
v -0.38409793 0.01154926 0.03131045
v -0.66538660 -0.01488984 0.03318368
v -0.65375464 -0.01808849 0.03571451
v -0.64647467 -0.01794630 0.03595547
v -0.63898730 -0.01702898 0.03593642
v -0.64438751 -0.01226551 0.03345905
v -0.62386548 -0.02188961 0.03754266
v -0.30421292 -0.21935442 0.09864117
v -0.30185092 -0.20807062 0.10466504
v 0.30575488 -0.24732910 0.13308812
v 0.30474127 -0.27996802 0.13411217
v 0.30784970 -0.29628970 0.13206750
v 0.46003903 0.07180486 0.12626781
v 0.44001761 0.07334153 0.13187328
v 0.42410046 0.08351416 0.14192401
v 0.22059964 -0.09014998 0.09484679
v 0.21439200 -0.08639842 0.08932146
v 0.33594604 -0.13239417 0.09070312
v 0.19454308 0.21232910 0.14705569
v 0.19608115 0.22339543 0.12762875
v 0.20434666 0.22829617 0.12353169
v -0.24670209 -0.04683004 0.17974347
v -0.25965659 -0.04372166 0.16954620
v -0.23832458 -0.02793077 0.18792313
v -0.25542120 -0.01144294 0.17589326
v -0.01106389 0.02699109 0.15341605
v -0.03107230 0.03263085 0.15723677
v 0.05617458 -0.02519746 0.14709723
v 0.08315303 -0.03268307 0.14648282
v 0.09734859 -0.02340405 0.15218947
v 0.09774175 -0.04783543 0.13718726
v 0.11187662 -0.01359607 0.15745844
v 0.14073227 -0.01805342 0.15476691
v 0.01268402 0.07549548 0.16983211
v 0.02354474 0.09609753 0.16755878
v 0.00993819 0.11031731 0.16504207
v 0.04898307 0.09879244 0.16814384
v -0.00400131 0.12412180 0.16251064
v -0.16451175 0.21359442 0.06195343
v -0.15319568 0.21381094 0.07200345
v -0.28559290 -0.03259846 0.13873207
v -0.29112271 -0.01868397 0.12692542
v -0.28840152 -0.03421214 0.12453896
v -0.28454001 -0.04975185 0.12439915
v 0.35721683 0.06147428 0.17659932
v 0.33512262 0.07554314 0.19151022
v 0.32567099 0.09774857 0.19799525
v -0.27436456 -0.00318043 0.15677399
v -0.26962878 0.01567717 0.16090837
v -0.27421533 0.02978111 0.15315736
v -0.25493369 0.01721568 0.17457556
v -0.27894153 0.04438534 0.14461197
v -0.29681619 -0.19863466 0.11204164
v -0.30298724 -0.20734535 0.11217032
v -0.30923196 -0.21595685 0.11201350
v -0.31666589 -0.24077844 0.10581456
v -0.46837244 -0.03899429 0.03378517
v -0.45618301 -0.03304733 0.03161804
v -0.45428897 -0.03807792 0.03770476
v -0.44469250 -0.02716168 0.02939046
v -0.67523669 -0.01517980 0.03047828
v -0.67860406 -0.01842260 0.03035312
v -0.37874460 -0.03689400 0.04435158
v -0.36577490 -0.03464771 0.04246677
v -0.22973491 -0.15367903 0.16377332
v -0.23477791 -0.14007935 0.16669533
v -0.26209738 0.04455322 0.03542298
v 0.26261246 -0.12130740 0.14953943
v 0.22063095 -0.04126802 0.13445816
v 0.19868530 -0.04105643 0.13554355
v 0.18417867 -0.03024993 0.14428409
v 0.37205017 0.14447278 0.16228419
v 0.38424222 0.11966985 0.15723941
v 0.39796704 0.10836909 0.15301723
v 0.41287106 0.09987968 0.14903229
v -0.07542036 0.23526875 0.04032459
v -0.06662135 0.23565396 0.04809353
v -0.05706409 0.23599284 0.05742040
v -0.06796540 0.23242552 0.07241049
v 0.11280443 -0.06132553 0.12643989
v -0.05467936 -0.04631340 0.05758736
v -0.02347378 -0.06296188 0.04963420
v -0.28119513 0.01924239 0.06964474
v 0.29589676 0.14590230 0.20369878
v 0.30996603 0.13108911 0.20228416
v 0.32487308 0.11782265 0.19795949
v 0.27545135 -0.14256664 0.06608545
v 0.26971072 -0.14449490 0.07245810
v 0.27323251 -0.16612439 0.07427499
v 0.26718732 -0.16013135 0.08056997
v -0.27984482 0.07665370 0.06888209
v -0.27443561 0.08486809 0.06608076
v -0.30366382 -0.28822769 0.12301881
v -0.26335388 -0.15799112 0.14622861
v -0.45255371 -0.08632881 0.03027462
v -0.43692450 -0.07930106 0.03305045
v -0.43646368 -0.08235620 0.02479426
v -0.42200330 -0.07230022 0.03600011
v -0.39319208 -0.06163735 0.03338640
v -0.68207471 -0.02658487 0.02488468
v -0.68015277 -0.02691361 0.02771371
v -0.68092444 -0.02401049 0.02926053
v 0.26753604 -0.18586613 0.08572273
v 0.27073886 -0.20126801 0.08345476
v 0.22774382 -0.04658284 0.13662668
v 0.25117114 -0.04027368 0.17200441
v 0.24338235 -0.03156364 0.16575821
v 0.28091595 0.23304700 0.03446067
v 0.27330869 0.23092404 0.05639644
v 0.28240820 0.23156816 0.06332591
v 0.29229913 0.23303799 0.06859865
v 0.05690420 -0.08742628 0.08074309
v 0.03078026 -0.07401762 0.08612601
v 0.01913777 -0.05819312 0.09716389
v -0.11072480 0.19303944 0.12833020
v -0.11824413 0.18416597 0.14067105
v 0.07623106 0.09146264 0.17127197
v 0.08868127 0.10335931 0.17095322
v 0.10025518 0.11465016 0.17155954
v 0.09011739 0.13659889 0.16495950
v 0.01290275 0.20973257 0.10918352
v -0.00038358 0.21748283 0.10132166
v -0.01294947 0.22454230 0.09343197
v -0.03658445 0.21942241 0.09865322
v 0.37038992 0.02351288 0.15989871
v 0.37873929 0.03160516 0.15645892
v 0.18577963 0.06236436 0.17853017
v 0.17465218 0.04950203 0.17501366
v 0.16349826 0.03550774 0.17213452
v 0.28397766 -0.08642848 0.17042035
v 0.28789316 -0.09302006 0.16853792
v 0.29209647 -0.09816226 0.16643991
v 0.30184299 -0.09620506 0.16378297
v 0.28662787 -0.10826188 0.16402228
v -0.31884119 0.02250599 0.04974522
v -0.30940173 0.04015497 0.05205804
v -0.29970285 0.05788938 0.05509113
v -0.31526807 0.04890877 0.05493286
v -0.28074847 0.07910423 0.05877139
v -0.27573669 0.12662065 0.04318483
v 0.56201221 0.25093213 0.02986679
v 0.55873212 0.25233899 0.02469681
v 0.55611066 0.24013391 0.06855543
v 0.56324188 0.23468814 0.07195514
v 0.57863550 0.24119769 0.05680463
v 0.67083521 0.14128450 0.05237848
v 0.67104407 0.13980960 0.05102103
v -0.21226625 0.15797766 0.13985205
v -0.21554956 0.14081660 0.15672560
v -0.20422134 0.14235493 0.16713403
v -0.19262120 0.14401500 0.17599347
v -0.17824445 0.16311188 0.16338979
v -0.19028223 0.19146104 0.09492305
v -0.20827432 0.17949570 0.08937672
v 0.08570874 -0.09464559 0.07572153
v 0.10017942 -0.09369300 0.08137379
v 0.11460754 -0.09169704 0.08825606
v 0.14357703 -0.09307507 0.08791838
v 0.50373853 0.02688879 0.07628625
v 0.52401807 0.06213467 0.10914050
v 0.53670386 0.06492750 0.11210666
v 0.54609845 0.06345084 0.10923498
v 0.56752997 0.06405955 0.10365559
v 0.56361871 0.06837216 0.11081990
v 0.55366406 0.06357461 0.10756748
v 0.55149310 0.05882258 0.10132700
v 0.66973254 0.14772577 0.05742076
v 0.66794824 0.14992326 0.06029883
v 0.66678528 0.15019560 0.06192410
v 0.66643890 0.15215070 0.06217874
v 0.66580768 0.15036142 0.06342265
v 0.66414587 0.15182861 0.06647008
v 0.65705475 0.13955429 0.07793348
v 0.65812299 0.13831522 0.07740873
v 0.66490887 0.13519742 0.07160145
v 0.66683105 0.13434767 0.06963862
v 0.66737714 0.13486945 0.06796129
v 0.66813684 0.13300491 0.06887260
v 0.66769708 0.13529623 0.06661404
v 0.67520752 0.13684761 0.05049939
v 0.67260052 0.14671059 0.05087169
v 0.67285791 0.14946230 0.05042222
v 0.67785791 0.13412579 0.05165029
v 0.67929663 0.13371144 0.05030043
v 0.68176831 0.13777440 0.03843252
v 0.68140833 0.13731689 0.03932318
v 0.68065051 0.13698410 0.04048210
v 0.68148138 0.13628275 0.03995318
v 0.67874329 0.13745425 0.04293599
v 0.67710657 0.13840193 0.04547219
v 0.67655878 0.13980724 0.04576115
v 0.67836450 0.14928294 0.04315262
v 0.67973914 0.14790932 0.03970829
v -0.15563591 0.03312348 0.21951419
v 0.64081573 0.12674501 -0.04019323
v 0.64021118 0.12192055 -0.04200256
v 0.52736328 0.24477094 -0.04606432
v 0.53539044 0.24342813 -0.04688126
v 0.51664709 0.25209964 -0.04137077
v 0.54297607 0.24265155 -0.04672171
v 0.55563495 0.23363321 -0.05015352
v 0.52868713 0.16754648 -0.08802403
v 0.52900525 0.17243983 -0.08929840
v 0.51759900 0.17255420 -0.09047087
v 0.52190302 0.17752052 -0.09133821
v 0.51834821 0.15265958 -0.08906100
v 0.57106665 0.22452634 -0.04856830
v 0.57740967 0.21657224 -0.05010210
v 0.58457446 0.20853909 -0.05075659
v 0.57496503 0.20717050 -0.05598288
v 0.54731012 0.18929681 -0.07555949
v 0.55880273 0.18225215 -0.07398825
v 0.56771045 0.18420795 -0.06791119
v 0.51072809 0.25336462 -0.03974380
v 0.51218365 0.25499982 -0.03719403
v 0.50780719 0.24890094 -0.04272335
v 0.51386182 0.25646832 -0.03457526
v 0.51781549 0.17838632 -0.08986571
v 0.51848724 0.18048792 -0.08868645
v 0.51469519 0.17499330 -0.08820231
v 0.51694293 0.17254582 -0.08425752
v 0.51907098 0.18256267 -0.08759505
v 0.52106403 0.17624773 -0.08384764
v 0.53314624 0.12448698 -0.07664687
v 0.53782831 0.12216286 -0.07411740
v 0.53765302 0.12401239 -0.07748243
v 0.54255762 0.11993019 -0.07164509
v 0.59007062 0.15997534 -0.05942815
v 0.58868842 0.15776250 -0.05873159
v 0.58727612 0.15559608 -0.05802268
v 0.58545844 0.15156660 -0.06011606
v 0.58067145 0.16037520 -0.05917101
v 0.53931830 0.12888120 -0.07975930
v 0.53152271 0.15308569 -0.07983488
v 0.52934399 0.16149236 -0.08215112
v 0.56002008 0.17237064 -0.06762772
v 0.54027863 0.13315710 -0.07333749
v 0.53362823 0.14279164 -0.07689594
v 0.55417017 0.12254938 -0.06918938
v 0.52599335 0.15365445 -0.08039933
v 0.51396387 0.16653964 -0.08463937
v 0.66032690 0.16946519 -0.01048675
v 0.65594556 0.17217439 -0.01270481
v 0.65052917 0.17181940 -0.01563028
v 0.36157672 0.25530063 0.00174880
v 0.34781445 0.25457199 -0.00398092
v 0.37080118 0.25440466 -0.00786698
v 0.35482654 0.25310150 -0.03396693
v 0.37930753 0.25314621 -0.01715677
v 0.37843933 0.24923853 -0.03704893
v 0.56108228 0.24972900 0.00078582
v 0.56898444 0.24592435 0.00241869
v 0.51915295 0.24998889 -0.01570226
v 0.51830780 0.24711865 -0.01634267
v 0.52927124 0.24698520 -0.02153455
v 0.51897522 0.24287143 -0.02069693
v 0.51090735 0.24264850 -0.01870404
v 0.37366397 0.23623978 -0.06065392
v 0.38399890 0.23806033 -0.05483754
v 0.39798325 0.22902579 -0.06115607
v 0.41066223 0.22065953 -0.06647472
v 0.48827420 0.16539410 -0.06801070
v 0.47249649 0.17874315 -0.06938130
v 0.47207227 0.18819289 -0.06211650
v 0.47287576 0.19664980 -0.05382289
v 0.48756137 0.19727876 -0.04567164
v 0.53396027 0.21037555 -0.03841833
v 0.59717841 0.23445065 0.00776694
v 0.58040594 0.24027151 0.00856677
v 0.57832611 0.24173590 0.01381937
v 0.58372534 0.23859927 0.01603614
v 0.59004218 0.23567462 0.01881433
v 0.60177399 0.23417957 0.01740863
v 0.46941794 0.13576761 -0.08706403
v 0.48037085 0.12991031 -0.08365103
v 0.49130667 0.12417677 -0.08101679
v 0.49898871 0.10843420 -0.07980956
v 0.49440710 0.13596280 -0.07750931
v 0.50945398 0.06115030 -0.06012620
v 0.52415027 0.06240443 -0.05998038
v 0.62225543 0.22655109 0.01410539
v 0.61517963 0.23003828 0.01253813
v 0.61200348 0.23115663 0.01584387
v 0.61062714 0.23156821 0.00678310
v 0.60984308 0.23198509 0.01898637
v 0.56352930 0.13396837 -0.05422863
v 0.56286914 0.12658939 -0.05512215
v 0.62843225 0.22227019 0.01286797
v 0.63129120 0.21981390 0.01628018
v 0.63392944 0.21756783 0.01941119
v 0.64146692 0.21368094 0.01740609
v 0.55843024 0.08192278 -0.06865168
v 0.56836932 0.08009417 -0.06785413
v 0.56093433 0.08681904 -0.06798067
v 0.62362537 0.14774062 -0.04951819
v 0.61891937 0.15249640 -0.04749092
v 0.61788123 0.15886378 -0.04551514
v 0.64676331 0.16975404 -0.01895135
v 0.63125641 0.17696747 -0.02792135
v 0.63034094 0.18073927 -0.02624477
v 0.62932660 0.18507333 -0.02494422
v 0.67133691 0.17848732 0.01059839
v 0.66223962 0.16281903 -0.00924383
v 0.66012085 0.16138956 -0.01153973
v 0.65545099 0.16286798 -0.01556881
v 0.66213837 0.15756161 -0.01100552
v 0.64001556 0.14790149 -0.03638473
v 0.64008557 0.15262428 -0.03316560
v 0.62778046 0.14310997 -0.04919193
v 0.60459845 0.10572099 -0.06135450
v 0.57773444 0.07984414 -0.06445126
v 0.64217419 0.09710645 -0.03947757
v 0.64118268 0.09942204 -0.04106360
v 0.63945770 0.09517591 -0.04214404
v 0.63186731 0.09733543 -0.04970298
v 0.64051276 0.10274413 -0.04264805
v 0.63589099 0.10454508 -0.04691695
v 0.68345496 0.14257137 0.01335874
v 0.68363428 0.14264394 0.01557498
v 0.68412115 0.14210991 0.01691891
v 0.68302649 0.14337770 0.01562440
v 0.68458179 0.14162051 0.01791259
v 0.68526300 0.14111234 0.01690917
v 0.65669604 0.13946230 -0.02084740
v 0.66455420 0.13666522 -0.01158877
v 0.66585626 0.13648558 -0.01099112
v 0.66711401 0.13635490 -0.01055954
v 0.68104327 0.13858859 0.00488623
v 0.68148907 0.13869670 0.00594380
v 0.67975000 0.13886632 0.00384492
v 0.68172632 0.13892140 0.00697887
v 0.68291138 0.13861345 0.00807919
v 0.67162628 0.14254231 -0.00066391
v 0.66096808 0.15467917 -0.01521691
v 0.66281323 0.15483815 -0.01170123
v 0.65423285 0.14716296 -0.02768473
v 0.65745105 0.14682166 -0.02438785
v 0.65457220 0.13401730 -0.03044001
v 0.65631909 0.13130775 -0.02965278
v 0.68439624 0.13816817 0.00931506
v 0.68496710 0.13834056 0.01065110
v 0.68578363 0.13856583 0.01234060
v -0.25735196 0.12535107 -0.00869400
v -0.25407599 0.12924266 -0.01348694
v -0.56413165 -0.05568060 0.00749932
v -0.59717126 -0.04385844 0.00841237
v -0.60594904 -0.03367944 0.00990358
v -0.59448352 -0.03627871 0.01033298
v -0.58283435 -0.03837825 0.01086981
v -0.56169873 -0.04745972 0.00984469
v -0.68092444 -0.02401049 0.02050883
v -0.67791187 -0.02168262 0.01869331
v 0.22421373 0.00404422 -0.11853474
v 0.23952632 0.01549759 -0.12674600
v 0.36361441 -0.02954904 -0.11058502
v -0.10728053 0.23120399 0.01213817
v -0.11451350 0.22963132 0.00587713
v -0.12119096 0.22816353 0.00130500
v -0.13504552 0.22506261 0.00748804
v 0.02893626 0.00794018 -0.10366968
v 0.01610144 0.01261450 -0.09737968
v 0.05555681 -0.01378459 -0.10321819
v 0.00299103 0.01826153 -0.09131030
v -0.14487672 -0.06229599 -0.05701544
v -0.15249002 -0.08011762 -0.06513175
v -0.19379836 0.20143507 0.01755457
v -0.17378058 0.21124960 0.01956565
v -0.16334206 0.21469482 0.01403492
v -0.16360249 0.21615843 0.02940117
v -0.15338492 0.21820222 0.00752840
v 0.24343640 -0.10998049 -0.09281499
v 0.24947989 -0.12246140 -0.08903436
v 0.25955969 -0.12541691 -0.09375189
v 0.21794122 0.11999165 -0.15674619
v 0.21984355 0.13201759 -0.15899799
v 0.20162173 0.12695430 -0.15256325
v 0.22163176 0.14403574 -0.16049554
v 0.21366034 0.16190604 -0.15388765
v 0.23365164 -0.11355458 -0.04106441
v 0.23920058 -0.12349494 -0.04596642
v -0.28577246 0.07437230 -0.03601382
v 0.35301181 0.19225623 -0.10301755
v -0.30407709 -0.32821744 -0.05970234
v -0.31333707 -0.36012277 -0.05782079
v -0.43739914 -0.04531934 0.00734117
v -0.45257260 -0.04765520 0.00864362
v -0.46658890 -0.04904789 0.00973369
v -0.49146759 -0.05810630 0.00890607
v -0.24171100 0.15039426 -0.00459635
v -0.25530916 0.13232124 -0.00382992
v -0.26299902 0.12526801 -0.00038411
v -0.27115955 0.11891098 0.00217029
v -0.28110464 -0.21111696 -0.08781520
v 0.28981622 -0.31564572 -0.08551579
v 0.29161179 -0.29715323 -0.08658437
v 0.28376859 -0.29938010 -0.08479517
v 0.29367776 -0.27960168 -0.08748626
v 0.30007147 -0.28805811 -0.08670653
v 0.32308740 -0.12537291 -0.02927955
v 0.18835110 0.01734232 -0.12414572
v 0.19918117 -0.00105042 -0.11712984
v -0.14402631 -0.07726559 -0.12186745
v -0.15791739 -0.11549029 -0.11421568
v -0.17205971 -0.11923341 -0.11778635
v -0.17127533 -0.10566281 -0.12055643
v -0.17306030 -0.09109904 -0.12434279
v -0.16254506 -0.06948997 -0.12863283
v 0.00138199 0.20026022 -0.07505836
v 0.01548634 0.18387177 -0.09146529
v 0.00370531 0.17388867 -0.09493425
v -0.00848680 0.16540991 -0.09708263
v 0.00580867 0.14653111 -0.11004993
v 0.15288527 0.23339822 -0.00933012
v 0.13505861 0.23116812 -0.02284769
v 0.12590198 0.23222209 -0.01199193
v 0.11783058 0.23277655 -0.00083839
v 0.09974428 0.23205626 -0.00583685
v -0.15929338 -0.04450980 -0.13478003
v -0.14938681 -0.03320251 -0.13522501
v -0.17179922 -0.02878070 -0.13840001
v -0.13913565 -0.02164907 -0.13421098
v -0.12983714 -0.03972741 -0.12626726
v -0.13890897 0.00810486 -0.13570717
v 0.28364902 -0.04172887 -0.13892775
v 0.29600720 -0.04795869 -0.13640773
v 0.22113477 0.22150674 -0.10637189
v 0.23540746 0.21342729 -0.12267661
v 0.23541013 0.20510558 -0.13172081
v 0.23216696 0.19446330 -0.14173045
v 0.21884047 0.19015154 -0.14027518
v 0.24952963 0.17686874 -0.15564069
v -0.09972172 0.06476772 -0.10691730
v -0.11047820 0.04809577 -0.11309415
v -0.30282187 -0.28835822 -0.03957381
v -0.27133441 -0.15554485 -0.05527198
v -0.27154517 -0.13754846 -0.05816060
v -0.26654004 -0.15023643 -0.05239725
v -0.27250372 -0.11878242 -0.06169669
v -0.26868652 -0.08978584 -0.05920006
v -0.48504956 -0.09203334 0.01670227
v -0.51535193 -0.09308049 0.01948983
v -0.53034937 -0.08947192 0.01682087
v -0.54453882 -0.08585262 0.01420120
v -0.52961987 -0.08407561 0.00996568
v -0.57182770 -0.08118381 0.01692530
v -0.57253406 -0.07462369 0.00998845
v -0.60826318 -0.05773193 0.01138235
v -0.61177698 -0.05019260 0.00988474
v -0.60035229 -0.05293067 0.00906063
v -0.58871948 -0.05508076 0.00818821
v -0.56710797 -0.06556714 0.00769185
v -0.33349783 0.04433884 0.00266983
v -0.33058704 0.05599293 0.00645614
v 0.27906427 -0.30020560 -0.07891335
v 0.27903516 -0.28189560 -0.08188531
v 0.27486182 -0.24653023 -0.08081222
v -0.25458539 -0.03310591 -0.02425928
v -0.25430969 -0.05319436 -0.03445197
v -0.27207462 -0.02768708 -0.03165205
v -0.26402460 -0.05896899 -0.04232481
v 0.16891704 0.23438383 0.00439106
v 0.17654022 0.23295940 -0.00545942
v 0.18433148 0.23238277 -0.01433455
v 0.18097415 0.22960742 -0.03890064
v 0.20062056 0.23253064 0.00084332
v 0.20397887 0.23205640 -0.03285959
v -0.20506921 -0.16698129 -0.06406165
v -0.21972331 -0.16699348 -0.05365601
v -0.18403722 -0.14559094 -0.07248183
v -0.11839939 0.20638547 -0.04138049
v 0.16501700 0.08335596 -0.14635541
v 0.15470792 0.10742733 -0.14981178
v 0.16586967 0.12243861 -0.15028020
v 0.13135237 0.07723955 -0.14440706
v 0.12695604 0.10875160 -0.14923320
v 0.17657240 0.13413725 -0.15030295
v 0.15806282 0.15155794 -0.14609381
v -0.10177074 0.09039838 -0.11249989
v -0.10429671 0.09501215 -0.11448302
v -0.10603332 0.10036947 -0.11583305
v -0.10230862 0.11222353 -0.11083997
v -0.11660120 0.09739697 -0.12011388
v -0.11285211 0.11648285 -0.11401846
v 0.32795959 -0.06713861 -0.12366402
v 0.31647266 -0.06682254 -0.12610161
v 0.31547101 -0.05850063 -0.12926781
v 0.30600601 -0.07765547 -0.12388708
v 0.31165216 -0.04836438 -0.13427380
v 0.26807709 0.15601822 -0.16424623
v 0.29209634 0.14532436 -0.16207748
v 0.29363910 -0.10691834 -0.11651256
v 0.29527600 -0.12012580 -0.11106970
v 0.30446313 -0.12298689 -0.10726839
v 0.26044559 -0.24604945 -0.05934399
v 0.25677109 -0.21300514 -0.05714964
v 0.25490643 -0.19691768 -0.06058446
v 0.26194113 -0.24978175 -0.05134224
v 0.25592639 -0.19698332 -0.05286855
v 0.25313177 -0.18090237 -0.06469001
v -0.25059708 -0.17236377 -0.04519456
v -0.24087251 -0.16193976 -0.04631099
v -0.22752567 -0.15258562 -0.04900010
v -0.27920392 0.07669160 -0.00216624
v -0.27394342 0.08782501 -0.00688682
v -0.26532281 -0.15994833 -0.04971805
v -0.27121814 -0.18863600 -0.04719552
v -0.25904810 -0.01391676 -0.01408024
v -0.27196249 -0.00278075 -0.01523209
v 0.26964679 -0.10849871 -0.11082510
v 0.27471762 -0.09698160 -0.11708482
v 0.28292126 -0.09380762 -0.12091527
v 0.23282932 -0.12383658 -0.07099022
v 0.21216776 0.22550410 -0.08455005
v 0.21679004 0.23082520 -0.06964936
v 0.20093990 0.22403752 -0.07446564
v 0.33368301 -0.07568451 -0.11721533
v -0.22278564 -0.11237399 -0.11681725
v -0.21966135 -0.08747593 -0.12060452
v -0.22897470 -0.06947897 -0.11940019
v -0.16483263 -0.12788261 -0.07905322
v -0.16387245 -0.11505145 -0.07235384
v -0.15496710 -0.12679553 -0.08961873
v -0.16513553 -0.10073592 -0.06398609
v 0.09728145 0.07485217 -0.14077025
v 0.10750854 0.05101015 -0.13516393
v 0.09486364 0.03918295 -0.12948465
v 0.13568565 0.04574259 -0.13578873
v 0.08159297 0.02595960 -0.12440315
v 0.09014732 0.00253020 -0.11773119
v -0.10042642 0.12629840 -0.10228397
v -0.10284886 0.13502748 -0.09924579
v -0.10452059 0.14370602 -0.09562717
v -0.10380963 0.15923402 -0.08387183
v -0.11383065 0.13586366 -0.10330324
v 0.21036989 0.18030281 -0.14270276
v 0.31770807 -0.13260503 -0.09573220
v 0.31746716 -0.12499726 -0.09994897
v 0.31012073 -0.15262843 -0.09255356
v 0.31535870 -0.11809303 -0.10469322
v 0.31175546 -0.24881488 -0.07930432
v 0.30432129 -0.24584453 -0.08549072
v 0.30234018 -0.21309583 -0.08868340
v 0.30493634 -0.19697588 -0.08848470
v 0.30832239 -0.18083218 -0.08818584
v 0.31266208 -0.19701843 -0.08237917
v -0.51590344 -0.08060002 0.00794156
v -0.53000739 -0.07524907 0.00755921
v -0.54234644 -0.06978943 0.00717160
v -0.52835944 -0.06525164 0.00693586
v 0.54510199 0.25065253 -0.01180801
v 0.56921136 0.23320287 -0.01776534
v 0.58501306 0.22819069 -0.02068432
v 0.58228522 0.22896652 -0.02054304
v 0.57007300 0.23296300 -0.01856008
v 0.58498157 0.23841968 -0.00831096
v 0.59379504 0.23478439 -0.00987887
v 0.57073639 0.24566913 -0.00794905
v 0.56101190 0.25102328 -0.00887255
v -0.19284549 0.05504797 -0.12795259
v -0.20233800 0.06955976 -0.11878430
v -0.19641345 0.09268118 -0.11293401
v -0.21688319 0.05965745 -0.11435103
v -0.18979585 0.11198714 -0.10647308
v -0.17315811 0.12446581 -0.10740250
v -0.22521472 0.16506860 -0.00890403
v -0.21759512 0.17398709 -0.00718456
v -0.20991785 0.18283101 -0.00471936
v -0.19113802 0.19352533 -0.01047308
v -0.21976788 0.17860789 0.00370802
v -0.11639941 -0.01790078 -0.06474422
v 0.47625024 0.03375068 -0.04907597
v 0.46198425 0.03054311 -0.05471889
v 0.48316742 0.08634180 -0.08398402
v 0.49764789 0.08795367 -0.07855441
v 0.42401355 0.04597746 -0.08779610
v 0.43121820 0.03241540 -0.07979827
v 0.53251825 0.04246491 -0.03765965
v 0.66118176 0.14830171 -0.01925545
v 0.66231622 0.14964729 -0.01764551
v 0.66191339 0.15137866 -0.01756998
v 0.65611847 0.14188655 -0.02647401
v 0.65770764 0.14342711 -0.02463004
v 0.67595691 0.13735164 -0.00244127
v 0.67496082 0.13633870 -0.00476483
v 0.67335089 0.13624663 -0.00638714
v 0.67519763 0.13495694 -0.00581877
v 0.67200885 0.13621088 -0.00766436
v 0.68433447 0.13597101 0.00358009
v 0.67607031 0.13796243 -0.00105746
v 0.68595691 0.14050749 0.01644753
v 0.67996478 0.14436281 0.00757563
v 0.67932751 0.14660512 0.00647655
v 0.67973584 0.14310538 0.00690770
v -0.22952457 0.05315552 -0.11090829
v -0.18356418 0.04034875 -0.13430249
v -0.18713666 0.01231512 -0.13700061
v -0.27893198 -0.11220101 -0.07805650
v 0.68206219 0.15567094 0.01191255
v 0.67965503 0.14197757 0.00626372
v 0.68270142 0.14090614 0.01037895
v 0.68290979 0.14160149 0.01099981
v 0.68000159 0.13701283 0.00073634
v 0.67952789 0.13583777 -0.00069404
v 0.67607031 0.14534583 0.00100213
v 0.67530640 0.14678392 0.00052059
v 0.67380273 0.14888554 -0.00060474
v 0.67498743 0.14917529 0.00139200
v 0.67840363 0.13894151 0.00284201
v 0.65674170 0.13816135 -0.02537932
v 0.65864209 0.14550700 -0.02324218
v 0.65944611 0.14600165 -0.02198154
v 0.66032837 0.14637494 -0.02061640
v 0.42911774 0.01013850 -0.06734149
v 0.43613440 0.02025840 -0.06929432
v 0.44604776 0.02015196 -0.06062267
v 0.45393896 0.02131130 -0.05388792
v 0.68331989 0.14609201 0.01580284
v 0.68283148 0.14525719 0.01477485
v 0.68254510 0.14463933 0.01396301
v 0.53672382 0.06492033 -0.06236401
v 0.40412146 0.00076087 -0.08559697
v 0.41280356 0.00149651 -0.07561504
v 0.40011606 0.00905795 -0.09703098
v 0.42229153 0.00130215 -0.06570814
v -0.22871043 0.17389807 0.01228485
v -0.22017580 0.18206152 0.01584204
v -0.21178450 0.18971065 0.02021543
v -0.20732684 0.17556020 -0.02513031
v -0.20618080 -0.02798906 -0.13058119
v -0.19676138 -0.02189898 -0.13368971
v -0.18613719 -0.01334883 -0.13747546
v 0.57871820 0.24094470 -0.00706706
v 0.58166516 0.23846202 -0.00463895
v 0.55539526 0.24028293 -0.01562685
v 0.55855231 0.23875806 -0.01651047
v 0.55500696 0.25356274 0.01915168
v -0.27537601 0.12832581 0.02096946
v -0.29296219 0.10805878 0.01825677
v -0.29501010 0.05143123 0.00035521
v -0.30861575 0.03982752 -0.00105805
v -0.30319922 0.03165889 0.00454101
v -0.32257697 0.02835859 -0.00195507
v 0.29167908 -0.09575013 -0.12039188
v 0.29822272 -0.09080708 -0.12072125
v 0.30423447 -0.08724174 -0.12104465
v 0.16156876 0.05656662 -0.13906534
v 0.17646516 0.04857108 -0.13540936
v 0.19173811 0.04211712 -0.13227357
v 0.39339035 0.01726033 -0.10885036
v 0.01223715 0.22680095 -0.04692999
v 0.00057587 0.22014024 -0.05284911
v -0.01174819 0.21339288 -0.05872287
v 0.10058315 0.10014368 -0.14538118
v 0.08541369 0.11253943 -0.14275252
v 0.07136964 0.12470700 -0.13832449
v 0.04636336 0.11767725 -0.13001129
v -0.10824689 0.17378365 -0.07115543
v 0.02915300 -0.07308415 -0.03571672
v 0.27426685 0.23738422 -0.00778301
v 0.28301483 0.23685149 0.00304877
v 0.25468930 0.23580754 -0.00111415
v 0.28998288 0.23746898 0.01167008
v 0.30575705 0.24423297 -0.00335144
v 0.25253333 -0.04123725 -0.12050865
v 0.23353125 -0.06083348 -0.09040115
v 0.22587604 -0.06025733 -0.08468694
v 0.23211403 -0.07516539 -0.08515171
v 0.27077194 -0.24020364 -0.04373721
v 0.27116895 -0.19754620 -0.03847320
v 0.26824393 -0.18145091 -0.04156871
v 0.26631528 -0.19734584 -0.04569121
v -0.68015277 -0.02691361 0.02205568
v -0.42154156 -0.07536543 0.01914318
v -0.43832535 -0.07944930 0.01635720
v -0.45441412 -0.08342996 0.01374865
v -0.27115051 -0.15313721 -0.08938821
v -0.30466754 -0.35965262 -0.07209150
v -0.29544641 -0.33023849 -0.07127056
v -0.27873080 0.05134752 -0.00407067
v -0.27192264 0.05129062 0.00457741
v 0.26288409 -0.12557816 -0.03065525
v 0.31780472 0.13035129 -0.15334328
v 0.32537439 0.13866283 -0.14739812
v 0.33142154 0.14611693 -0.14271767
v 0.35389389 0.12807321 -0.13285167
v -0.28479233 -0.01179460 -0.03699166
v -0.28205164 0.00213086 -0.02354947
v -0.05978580 -0.04668273 -0.00462812
v 0.07930009 0.23457381 0.00104761
v 0.06773477 0.23605841 -0.00856437
v 0.05658467 0.23739821 -0.01765396
v -0.28309641 -0.03241811 -0.04842612
v -0.27553848 -0.05033512 -0.04947684
v -0.26923611 -0.06576303 -0.05105730
v 0.37257211 0.11031739 -0.12293428
v 0.17205872 -0.06751521 -0.08249922
v 0.18759247 -0.06993879 -0.07788976
v 0.20257253 -0.07215719 -0.07474185
v 0.26666266 -0.12167179 -0.10141280
v 0.27065701 -0.21320822 -0.08000128
v 0.27085654 -0.19708864 -0.08349872
v 0.27149387 -0.18101506 -0.08764218
v -0.23414189 -0.13963446 -0.11009520
v -0.38321060 -0.03085270 0.00305139
v -0.59507117 -0.07259401 0.01960266
v -0.60483862 -0.06520044 0.01717015
v -0.61467828 -0.05807877 0.01513771
v -0.27254657 0.05954481 0.01585054
v -0.28825375 0.04022539 0.01863651
v -0.30007339 0.02674473 0.01438063
v -0.31237115 0.01352091 0.01068106
v 0.26661057 -0.24675076 -0.04757928
v 0.26440027 -0.21327924 -0.04801768
v 0.26104712 -0.19714638 -0.04933932
v 0.25728949 -0.18105867 -0.05063544
v 0.23922377 -0.09845639 -0.09486357
v 0.24536133 -0.09191978 -0.10057320
v 0.23194620 -0.09344173 -0.08928448
v 0.25023590 -0.08513179 -0.10491258
v 0.33025656 0.05798593 -0.14860420
v -0.29066412 -0.01861762 -0.07018343
v -0.17081526 0.20008687 -0.01666866
v 0.02022415 0.12398241 -0.12003506
v 0.00810979 0.11246837 -0.11763083
v -0.00403758 0.10383447 -0.11626689
v 0.11233804 -0.03810814 -0.09984927
v 0.09808242 -0.02733482 -0.10348723
v 0.08356665 -0.01763078 -0.10767389
v -0.07691458 0.07454646 -0.10454808
v -0.23991759 -0.05051150 -0.11702916
v 0.18648254 0.22391641 -0.06460159
v 0.34150830 -0.12120081 -0.05461009
v 0.22754419 -0.10934451 -0.03393841
v 0.44375232 0.07585553 -0.08870687
v 0.30473865 -0.27951431 -0.08475265
v 0.30784818 -0.29606708 -0.08252798
v -0.33917795 0.05217778 0.01195838
v -0.32769202 0.06772452 0.01532965
v -0.36281174 0.02775693 0.01408556
v -0.31601910 0.08313546 0.01898384
v -0.51594714 -0.04495131 0.01621488
v -0.52678564 -0.04197310 0.01844035
v -0.52703247 -0.04713075 0.01250574
v -0.53682849 -0.03894966 0.02060924
v -0.38218533 0.00868826 0.01397922
v 0.31633521 -0.24523553 -0.06978192
v 0.31543729 -0.21316612 -0.07517295
v 0.31733392 -0.19711848 -0.07287032
v 0.31974551 -0.18107329 -0.07020380
v 0.23022021 -0.08777354 -0.08307619
v 0.23373282 0.23848164 -0.00620182
v 0.22607385 0.23505406 0.00501100
v 0.22707405 0.23875067 -0.03025601
v 0.21771187 0.23351257 0.01497573
v 0.22565344 0.23696259 -0.05569939
v 0.23873064 0.23665033 -0.06855219
v 0.24751096 0.23377495 -0.08028320
v -0.13403635 0.03660925 -0.13237495
v -0.07691972 0.01711994 -0.07299936
v 0.13990680 0.16802086 -0.13491133
v -0.13488466 0.09767448 -0.12381914
v -0.13894147 0.11217787 -0.12073836
v -0.13248245 0.12779175 -0.11168546
v -0.14250714 0.13396205 -0.10744324
v -0.15309749 0.13784056 -0.10283157
v -0.26853534 0.05536945 0.01265803
v -0.28145831 -0.20960558 -0.04433368
v -0.51613672 -0.06053556 0.00807034
v -0.52854785 -0.05522530 0.00905552
v -0.53935291 -0.05060575 0.01005178
v 0.66396381 0.11842633 -0.02161974
v 0.66934766 0.11930428 -0.01670457
v 0.66027948 0.12459761 -0.02697062
v 0.65937317 0.12847595 -0.02737400
v 0.66152344 0.12935400 -0.02468387
v 0.66314691 0.13039157 -0.02276023
v 0.64785223 0.14000836 -0.03417376
v 0.66050543 0.15368726 -0.01749021
v 0.66656781 0.14636659 -0.00870809
v 0.66742523 0.14559946 -0.00681019
v 0.66781494 0.14510358 -0.00552108
v 0.66602802 0.14513647 -0.00679756
v 0.67534589 0.13323203 -0.00682059
v 0.67690308 0.13334657 -0.00490305
v 0.67838013 0.13394533 -0.00299335
v 0.65917249 0.13808075 -0.01733062
v 0.65797034 0.14079721 -0.02067551
v 0.68283527 0.14233234 0.01152039
v 0.66035138 0.12027295 -0.02572230
v 0.62249500 0.09654885 -0.05258839
v 0.62311176 0.10222546 -0.05112806
v 0.62767938 0.10559393 -0.04968436
v 0.63177472 0.10762894 -0.04838471
v 0.64202838 0.12977771 -0.03864801
v 0.61796777 0.12546889 -0.05383495
v 0.63887994 0.14317039 -0.03964500
v 0.65341437 0.16164806 -0.01957679
v 0.66398596 0.16485701 -0.00812799
v 0.64972223 0.20858098 0.01728308
v 0.63962378 0.19301973 -0.01189836
v 0.63149725 0.15774847 -0.03972189
v 0.61694495 0.16592990 -0.04258513
v 0.56946564 0.09163249 -0.06767350
v 0.60947198 0.20795569 -0.02844756
v 0.63181134 0.21678659 -0.00444844
v 0.50526477 0.09472940 -0.07711661
v 0.51446790 0.09187444 -0.07434060
v 0.52264325 0.09006299 -0.07203023
v 0.56458221 0.14310612 -0.05245461
v 0.60495801 0.23252917 0.00226574
v 0.59513403 0.23350128 0.00051324
v 0.56550140 0.20119325 -0.03887554
v 0.57288300 0.19927495 -0.03888299
v 0.58074866 0.19850475 -0.03860844
v 0.49857971 0.14897162 -0.07025739
v 0.51086163 0.14517923 -0.06537484
v 0.52330267 0.14261858 -0.06134787
v 0.58611493 0.23622934 -0.00125998
v 0.58244537 0.23829628 0.00106280
v 0.57800555 0.24107535 0.00387926
v 0.49393445 0.20353981 -0.04077926
v 0.50293457 0.19947211 -0.04234805
v 0.51160968 0.19658824 -0.04316418
v 0.33438641 0.25116101 -0.03810389
v 0.35394431 0.24258340 -0.05726624
v 0.35327991 0.23551648 -0.06666583
v 0.35231699 0.22647905 -0.07724868
v 0.48800522 0.24277637 -0.01100853
v 0.49728278 0.23960217 -0.01621239
v 0.50597101 0.23694572 -0.02156402
v 0.53765369 0.24548550 -0.02275163
v 0.50411279 0.26036447 0.00909659
v 0.50797955 0.26154556 0.01325403
v 0.51237744 0.26265271 0.01720149
v 0.45284348 0.24577005 0.00545147
v 0.45419330 0.24920233 0.01192509
v 0.45573828 0.25225928 0.01723884
v 0.66485828 0.13846732 -0.00807346
v 0.66500024 0.14142346 -0.00731095
v 0.66761230 0.14032219 -0.00349066
v 0.66339435 0.14261928 -0.00999213
v 0.66427808 0.14520647 -0.00892153
v 0.32132410 0.25018356 -0.01680188
v 0.32674548 0.25112366 -0.00779204
v 0.33225180 0.25225296 0.00186182
v 0.53134412 0.25752707 -0.01734489
v 0.55725653 0.15756088 -0.07178483
v 0.57472046 0.14627853 -0.06365829
v 0.51656659 0.23250395 -0.04802170
v 0.53205890 0.21441714 -0.05249833
v 0.60625653 0.22298886 -0.02906703
v 0.60417023 0.21998468 -0.03213983
v 0.60243591 0.21746523 -0.03367655
v 0.59914026 0.22059238 -0.02954680
v 0.57974176 0.14621286 -0.06676568
v 0.58343445 0.14676187 -0.06279670
v 0.58178687 0.14390483 -0.06275656
v 0.58013538 0.14113606 -0.06289559
v 0.56059070 0.12009799 -0.06958355
v 0.51490082 0.16791821 -0.09059673
v 0.51021478 0.16799658 -0.09047868
v 0.51086328 0.16980138 -0.08943793
v 0.51148395 0.17177277 -0.08769613
v 0.51596130 0.23508174 -0.05507075
v 0.51095270 0.23687610 -0.05583018
v 0.50974957 0.23974915 -0.05145023
v 0.50796277 0.24297330 -0.04734803
v 0.56957275 0.14926727 -0.07245815
v 0.56396661 0.20660138 -0.06192079
v 0.57120856 0.19638548 -0.06228717
v 0.57844165 0.18575410 -0.06200883
v 0.58209839 0.23702899 -0.02554204
v 0.52390387 0.16534413 -0.08823886
v 0.54021582 0.19379041 -0.07491351
v 0.53705591 0.18978954 -0.07866066
v 0.53271313 0.18781290 -0.08386412
v 0.52536652 0.22610089 -0.05844913
v 0.58898901 0.22494661 -0.02445004
v 0.57913129 0.22609874 -0.02325117
v 0.56642969 0.23158920 -0.02007659
v 0.35056723 -0.08680959 -0.08591897
v -0.22676578 0.03598092 0.19087576
v -0.22210091 0.05641689 0.19085690
v 0.67764740 0.13754805 0.04481326
v 0.67321899 0.13644751 0.05508487
v 0.68094543 0.13271552 0.05017873
v 0.67513684 0.13883597 0.04954909
v 0.67449274 0.13971402 0.05035196
v 0.67374377 0.14046973 0.05120061
v 0.67331897 0.14232651 0.05226880
v 0.66023956 0.13667639 0.07625011
v 0.66166614 0.13640584 0.07454071
v 0.66273419 0.13642416 0.07307981
v 0.65648090 0.14332120 0.07882494
v 0.66278766 0.15225739 0.06903477
v 0.54220465 0.04731982 0.09066615
v 0.53248187 0.04247794 0.08738034
v 0.47913913 0.07054746 0.12269635
v 0.49537982 0.06446441 0.11450030
v 0.55889276 0.05254295 0.09466374
v 0.55090521 0.05292624 0.09518970
v 0.47865009 0.04430573 0.10284501
v 0.19536343 -0.09067014 0.08194594
v 0.18482236 -0.08656585 0.08934855
v 0.17184222 -0.08551727 0.09470565
v -0.22468503 0.16124844 0.10963960
v -0.21537935 0.16613051 0.11897739
v -0.20642345 0.17090445 0.12572630
v -0.23656221 0.01852137 0.18688063
v -0.22985121 0.00368777 0.19184596
v -0.22574258 -0.01135100 0.19537482
v 0.59989648 0.23368880 0.06444585
v 0.59041895 0.22441109 0.07364865
v 0.58235358 0.22890643 0.07001404
v 0.54081049 0.25673724 0.05829226
v -0.54111218 -0.07618006 0.04173439
v -0.52649951 -0.07499890 0.04222293
v -0.51364185 -0.07393020 0.04270495
v 0.30366907 -0.15896309 0.13977399
v 0.30240479 -0.18585303 0.13735236
v 0.30545929 -0.20128362 0.13437157
v 0.29681598 -0.20076430 0.13934485
v 0.30791364 -0.21648070 0.13199327
v 0.30327777 -0.13933395 0.14607568
v 0.30791849 -0.13171634 0.14630981
v 0.31433557 -0.12336565 0.14586984
v 0.31379202 -0.10851117 0.15272482
v 0.19466121 0.19382547 0.16134389
v -0.08169458 0.11512338 0.18299197
v 0.03204928 -0.04436246 0.12096691
v 0.02034270 -0.04137110 0.11462348
v 0.02642152 -0.02732360 0.13316556
v 0.00861963 -0.03742218 0.10932874
v 0.01886657 0.02001836 0.16147279
v 0.02874492 0.03137817 0.16613530
v 0.01564454 0.04587914 0.16776419
v 0.00265807 0.05969147 0.16956908
v -0.01771776 0.05984403 0.17091687
v -0.16160901 0.17918512 0.14667752
v -0.14754898 0.17730930 0.15171567
v -0.13276936 0.17308832 0.15758661
v 0.31962280 -0.07646124 0.16207890
v 0.31577335 -0.09034354 0.15842470
v 0.31356442 -0.06227345 0.16996980
v 0.21301988 0.23076230 0.12931830
v 0.23902711 -0.13635077 0.10792284
v 0.24709540 -0.15605716 0.10809827
v 0.26175229 -0.06616570 0.16747745
v 0.26047910 -0.07986420 0.16237999
v -0.24103101 -0.00665213 0.06130532
v -0.25373526 -0.13297659 0.10118694
v -0.24753949 -0.14592004 0.09901685
v -0.27388593 0.09874079 0.07016823
v -0.27452130 0.08913366 0.06450453
v -0.22790898 -0.17999792 0.10311998
v -0.23766847 -0.18095653 0.09968445
v -0.23376746 -0.16433273 0.10123832
v -0.23351724 -0.14650067 0.10159688
v 0.25252252 -0.18390460 0.10558430
v 0.25461221 -0.19955191 0.10895242
v 0.25665747 -0.21509657 0.11176643
v 0.26044339 -0.24714093 0.10825685
v 0.28152621 -0.12201404 0.15850523
v 0.24681580 0.12373535 0.20972421
v 0.22957866 0.12721004 0.20441623
v 0.30481647 -0.04859764 0.17688156
v -0.27181882 -0.02883315 0.15806697
v -0.27604715 -0.03816018 0.15120432
v -0.27762170 -0.04955481 0.14795834
v -0.07931421 0.22550916 0.08475969
v -0.06944032 0.22134212 0.09251240
v -0.05892287 0.21514174 0.10221584
v 0.00415155 -0.07597720 0.05175213
v -0.22734630 -0.19039655 0.10803167
v 0.27702811 0.01670618 0.19022723
v 0.26823489 0.00933284 0.18966473
v 0.26119888 0.00070679 0.18912247
v 0.25027652 0.01083876 0.18752982
v 0.29725153 -0.13695932 0.05838200
v 0.29047464 -0.14183859 0.06270908
v 0.28381357 -0.14646400 0.06630399
v 0.28552750 -0.16246594 0.07177728
v -0.25472777 -0.05350653 0.09174323
v -0.27925543 -0.31497540 0.12429716
v -0.28823322 -0.29323340 0.12565178
v -0.33082825 0.03965870 0.05207144
v -0.65029633 -0.00891167 0.03069468
v -0.64314673 -0.00880645 0.02991718
v -0.63585028 -0.00828125 0.02846442
v -0.37061160 -0.04885299 0.03059954
v -0.36229663 -0.03974414 0.03378710
v -0.35402100 -0.03067290 0.03764440
v -0.30165143 -0.28789893 0.08687047
v -0.29810718 -0.30022073 0.08601222
v 0.31514755 -0.18895447 0.09453079
v 0.31197800 -0.20336467 0.09080957
v 0.30944046 -0.21777112 0.08796553
v 0.30353091 -0.21040471 0.08079651
v 0.31244376 -0.24726579 0.09451910
v 0.30572000 -0.25360358 0.08560044
v -0.07636845 0.02284401 0.18339671
v 0.25943723 -0.05029899 0.17409109
v -0.21530034 -0.15529117 0.16520399
v -0.22127797 -0.17109302 0.15725380
v -0.22835504 -0.18649590 0.15060483
v -0.21126227 -0.18059953 0.15222321
v -0.05318520 0.07507659 0.18024266
v -0.04399262 0.06713416 0.17730132
v -0.03408918 0.05929779 0.17354453
v 0.09212630 0.15572842 0.15473349
v 0.07770626 0.16504384 0.14605341
v 0.06477015 0.17408368 0.13852278
v -0.14891971 0.20528564 0.09769202
v -0.15896739 0.20203465 0.10024699
v -0.16980244 0.19888422 0.10109398
v 0.37537445 0.04720440 0.16089619
v 0.38183905 0.05368977 0.15529570
v 0.38789999 0.06057079 0.15125656
v 0.16981528 -0.01830085 0.15241890
v 0.31106030 -0.09799375 0.15836261
v 0.28216190 -0.18472826 0.14120276
v 0.28700565 -0.20040811 0.14005818
v 0.29097363 -0.21585052 0.13918854
v -0.28188058 -0.20984186 0.13540738
v -0.26995340 0.11706703 0.06219738
v -0.46300180 -0.05423925 0.04232453
v -0.45025403 -0.04579752 0.04155167
v -0.43867377 -0.03824066 0.04056815
v -0.31364502 -0.28086618 0.10281199
v 0.35158240 0.16850037 0.15998482
v -0.26697882 0.10304553 0.11291105
v 0.25084384 -0.13849106 0.08734486
v 0.20801965 0.13233334 0.19104361
v 0.21438472 0.12456123 0.19526239
v 0.22058904 0.11612288 0.19918141
v 0.24451993 -0.13546249 0.12606712
v -0.15379466 0.22002257 0.04026882
v -0.16464256 0.21570076 0.04632874
v -0.17500208 0.21124567 0.05136507
v -0.11677280 -0.05873943 0.15486255
v -0.13029095 -0.06223313 0.14118173
v 0.03187978 -0.01708097 0.14383083
v 0.02035854 -0.00085837 0.14879520
v 0.00909779 0.01488517 0.15415535
v -0.07222789 -0.00972545 0.11012789
v 0.34554883 -0.02833940 0.15153867
v 0.35576526 -0.02210314 0.14094534
v 0.36716650 -0.01771881 0.12974524
v 0.23901678 0.01870811 0.18259544
v -0.67791187 -0.02168262 0.03107605
v -0.60396832 -0.02814445 0.03798885
v -0.59412402 -0.03528349 0.03922253
v -0.58444861 -0.04293494 0.04056700
v -0.26615518 0.11439360 0.07636993
v 0.68132538 0.13572464 0.04126672
v 0.68244519 0.13536183 0.04058477
v 0.68321985 0.13489384 0.04035862
v 0.65245557 0.13372063 0.08391084
v 0.65204620 0.15171336 0.08030874
v 0.66364648 0.15526094 0.06438516
v 0.67049200 0.14285716 0.05383999
v 0.66962231 0.14341238 0.05436496
v 0.67077557 0.14411847 0.05480959
v 0.66865039 0.14407909 0.05506411
v 0.66977289 0.13138664 0.06732088
v 0.66926465 0.13014018 0.06862839
v 0.66847278 0.12818646 0.07045791
v 0.65690381 0.14067317 0.07371598
v 0.67247638 0.14431944 0.05369968
v 0.67146960 0.14509593 0.05478339
v 0.67078210 0.14562001 0.05558189
v 0.64819470 0.11470082 0.08486978
v 0.63329163 0.12026518 0.09676797
v 0.57424036 0.07261777 0.11012888
v 0.58060553 0.07238552 0.10532548
v 0.62378632 0.14823322 0.09930326
v 0.62799402 0.14375044 0.09905140
v 0.64050519 0.15377248 0.08394802
v 0.66034869 0.16605887 0.06287818
v 0.67387067 0.17979320 0.03935158
v 0.63185474 0.17638274 0.07773161
v 0.65060162 0.17689897 0.06469060
v 0.64672009 0.17214882 0.06906535
v 0.61903339 0.15284488 0.09726287
v 0.57091547 0.11732518 0.10654712
v 0.57780359 0.11265363 0.10930777
v 0.58527240 0.11449330 0.11042613
v 0.59296844 0.11653659 0.11116984
v 0.61821277 0.21649135 0.06416412
v 0.62032178 0.21155843 0.06540968
v 0.62273566 0.20579308 0.06727950
v 0.56408899 0.12168939 0.10589941
v 0.59665271 0.16376102 0.09286856
v 0.59005554 0.16422549 0.09393673
v 0.58264514 0.16411038 0.09517410
v 0.57191144 0.22185706 0.07829903
v 0.57980267 0.21424763 0.08118991
v 0.58713629 0.21459940 0.07991997
v 0.59400970 0.21693013 0.07792460
v 0.50911505 0.06039794 0.10829282
v 0.54835400 0.16348006 0.09884010
v 0.53859436 0.16476640 0.09894299
v 0.52805719 0.16845726 0.09924492
v 0.55154816 0.23340356 0.07739552
v 0.55840143 0.23087276 0.07655617
v 0.56518518 0.22911072 0.07557761
v 0.51629639 0.21650710 0.08666659
v 0.37983041 0.18409346 0.15507138
v 0.39576132 0.17654822 0.15518202
v 0.41131738 0.16782143 0.15219420
v 0.48017706 0.23007344 0.07615913
v 0.47171146 0.23349756 0.07200320
v 0.46409958 0.23631374 0.06882904
v 0.52181531 0.25714331 0.05673276
v 0.51357257 0.25735162 0.05501189
v 0.55388422 0.25334042 0.04477938
v 0.53005096 0.25683636 0.05608482
v 0.47393979 0.25719873 0.03387020
v 0.48079001 0.25684283 0.03780093
v 0.48654166 0.25699521 0.04160301
v 0.65439832 0.18054732 0.06032887
v 0.56038654 0.17222438 0.11701105
v 0.53181946 0.15474646 0.13032523
v 0.57330127 0.21716205 0.08548363
v 0.55792566 0.22452823 0.08567414
v 0.59307294 0.20516315 0.08840121
v 0.53985474 0.23355754 0.08676717
v 0.60043445 0.20371788 0.08952560
v 0.60051044 0.20029541 0.09223956
v 0.60054016 0.19690291 0.09500410
v 0.57444891 0.12660524 0.11736597
v 0.57293207 0.12331049 0.11931023
v 0.57137915 0.12001051 0.12141425
v 0.57128510 0.12352647 0.12368153
v 0.50487518 0.15471532 0.13549864
v 0.50574866 0.15669592 0.13643462
v 0.50667896 0.15906567 0.13741077
v 0.50927533 0.21938142 0.12654839
v 0.50829468 0.22429231 0.12356011
v 0.50684766 0.22935532 0.12103486
v 0.51253571 0.22464134 0.12304953
v 0.56561047 0.12712143 0.12845920
v 0.55926709 0.12396931 0.13260565
v 0.55408960 0.12293127 0.13518243
v 0.55715649 0.18043607 0.12283898
v 0.55774738 0.24974844 0.07189822
v 0.54901257 0.25192883 0.07670264
v 0.53955908 0.25462173 0.07997058
v 0.53895795 0.17722792 0.13317484
v 0.52229297 0.22140799 0.12029141
v 0.53893768 0.09915049 0.11658903
v -0.29234940 -0.29328381 0.08477339
v -0.28564807 -0.31554498 0.08700012
v 0.73250519 0.08580863 0.04119928
v 0.73316943 0.08342000 0.03842530
v 0.73409558 0.08425665 0.03771849
v 0.73413800 0.08565000 0.03846819
v 0.73467780 0.08095707 0.03704147
v 0.73541437 0.08304435 0.03656059
v 0.73650104 0.08476076 0.03679532
v 0.72500378 0.08557388 0.05113695
v 0.72661993 0.08640928 0.05178804
v 0.72601038 0.08736134 0.05199489
v 0.72736591 0.08509995 0.05049169
v 0.72878723 0.08628100 0.05143728
v 0.73097772 0.08828969 0.05137856
v 0.73653430 0.07591225 0.04175395
v 0.73406573 0.07748266 0.04599253
v 0.73313019 0.07682881 0.04762941
v 0.73315265 0.07551525 0.04659689
v 0.73199359 0.07881511 0.04865166
v 0.73129077 0.07761877 0.05000368
v 0.72945020 0.07556227 0.05037259
v 0.73317078 0.07391148 0.04508185
v 0.73528009 0.07338895 0.04161644
v 0.73150323 0.07292546 0.04590894
v 0.73375769 0.07121081 0.04081454
v 0.73608636 0.09519192 0.04569478
v 0.73178534 0.09777657 0.04662794
v 0.72853864 0.09615870 0.04855939
v 0.72919629 0.09406777 0.04908743
v 0.73484497 0.08642050 0.04861274
v 0.73675641 0.08704266 0.04728357
v 0.73635278 0.08853664 0.04761256
v 0.73628265 0.08507476 0.04599456
v 0.73829730 0.08645564 0.04511642
v 0.74062506 0.08788142 0.04327142
v 0.74799725 0.08998377 0.03367323
v 0.74443524 0.08901715 0.03920428
v 0.74458813 0.08722511 0.03848859
v 0.74577130 0.08665753 0.03615335
v 0.74226898 0.08639465 0.04017867
v 0.74259631 0.08439084 0.03789575
v 0.74627307 0.08549854 0.03416303
v 0.74736652 0.08572584 0.03195989
v 0.74481592 0.08342876 0.03467585
v 0.74583447 0.08231943 0.03134712
v 0.73652722 0.06889242 0.03058729
v 0.73506488 0.06981780 0.03597601
v 0.73303027 0.06925181 0.03798697
v 0.73301685 0.06853574 0.03575886
v 0.73149402 0.07008218 0.04171579
v 0.73311920 0.06760922 0.03266182
v 0.73471594 0.06720383 0.02883481
v 0.74856659 0.08991976 0.02803970
v 0.74762701 0.09268784 0.02718224
v 0.74662329 0.09408363 0.02909742
v 0.74856396 0.08941231 0.02358231
v 0.74727539 0.09344420 0.02394043
v 0.74410571 0.09796157 0.02429957
v 0.72301270 0.08374964 0.04806785
v 0.72347333 0.08315495 0.04768451
v 0.72388190 0.08344232 0.04694707
v 0.72373193 0.08388078 0.04692282
v 0.72455908 0.08251759 0.04739421
v 0.72452905 0.08341803 0.04651181
v 0.72470465 0.08430999 0.04660425
v 0.72878552 0.08327319 0.04439840
v 0.73082538 0.08435356 0.04277773
v 0.73265942 0.08477895 0.04391988
v 0.73301373 0.08409946 0.04510690
v 0.73482324 0.08548732 0.04374817
v 0.73308936 0.08359430 0.04616000
v 0.73074988 0.08328942 0.04620245
v 0.73446320 0.08411002 0.04728352
v 0.73190350 0.08354599 0.04807785
v 0.73322028 0.08015826 0.03800031
v 0.73436841 0.07848351 0.03880568
v 0.73577820 0.07828712 0.03884847
v 0.73176318 0.07980235 0.03962357
v 0.73389618 0.07782690 0.04025346
v 0.73730310 0.07825146 0.03877720
v 0.73725970 0.07975568 0.03750195
v 0.73873120 0.07708903 0.03902290
v 0.74031488 0.07893456 0.03767455
v 0.72269727 0.08329032 0.04904212
v 0.72296393 0.08305550 0.04985479
v 0.72209161 0.08380866 0.04991434
v 0.72326385 0.08452111 0.04806131
v 0.72368665 0.08446912 0.04727478
v 0.72318634 0.08492141 0.04849536
v 0.72279504 0.08495604 0.04922161
v 0.72340082 0.08509426 0.04905855
v 0.72882300 0.08046472 0.04502050
v 0.73042932 0.07975190 0.04191728
v 0.72942523 0.08101404 0.04256651
v 0.72824365 0.08178415 0.04427035
v 0.73001025 0.08158736 0.04173814
v 0.72944861 0.07582031 -0.00115854
v 0.73150269 0.07343080 0.00267670
v 0.73082819 0.07186115 0.00406139
v 0.72923804 0.07267153 0.00233022
v 0.73344806 0.07105095 0.00796239
v 0.73148505 0.06996772 0.00788754
v 0.72854474 0.07881289 -0.00291804
v 0.73030078 0.07916129 -0.00221155
v 0.73138800 0.07749763 -0.00083112
v 0.72733984 0.08129945 -0.00306606
v 0.73011542 0.08053790 -0.00177798
v 0.73266211 0.07908710 0.00050438
v 0.73274634 0.08397893 0.00099084
v 0.73265289 0.08606668 -0.00114766
v 0.73450916 0.08587788 -0.00007808
v 0.73531097 0.08484637 0.00165270
v 0.73154749 0.08933239 -0.00270112
v 0.73546814 0.08697916 0.00008172
v 0.73695361 0.08589813 0.00245261
v 0.74196411 0.07512218 0.01764445
v 0.74142188 0.07720203 0.01317802
v 0.74221936 0.07914008 0.01275631
v 0.74307440 0.07963782 0.01405723
v 0.73988721 0.07867065 0.01056575
v 0.74152582 0.08078841 0.01094120
v 0.74261615 0.08360399 0.01076773
v 0.74422156 0.08051613 0.01528926
v 0.74431360 0.07876833 0.01778260
v 0.74463312 0.08311237 0.01347755
v 0.74637415 0.08281488 0.01754974
v 0.73698846 0.06794424 0.02430402
v 0.73707446 0.06837067 0.02151018
v 0.73874341 0.07027664 0.02047396
v 0.73969324 0.07123331 0.02136171
v 0.73676978 0.06917500 0.01789106
v 0.73920599 0.07160528 0.01800129
v 0.74053552 0.07223328 0.02231486
v 0.73959564 0.07103608 0.02437018
v 0.74220819 0.07463297 0.02119115
v 0.74207819 0.07445807 0.02425457
v 0.74159839 0.09830969 0.01116594
v 0.73740796 0.10139506 0.01088975
v 0.73651923 0.10270802 0.01486574
v 0.73822620 0.10180607 0.01702049
v 0.74023798 0.10071882 0.01926076
v 0.74313739 0.09837296 0.01740251
v 0.73891913 0.10162341 0.02371963
v 0.73704681 0.07574120 0.00767856
v 0.73482373 0.07727741 0.00381238
v 0.73329950 0.07871916 0.00362340
v 0.73310919 0.07850626 0.00542885
v 0.73117194 0.08009357 0.00233295
v 0.72920178 0.08106727 0.00410375
v 0.74161261 0.08832836 0.00544720
v 0.73830804 0.08787009 0.00721673
v 0.73682745 0.08771399 0.00679920
v 0.73722717 0.08732904 0.00585135
v 0.73659888 0.08748704 0.00827831
v 0.73504590 0.08743681 0.00789723
v 0.73312347 0.08642077 0.00683889
v 0.72875586 0.08147359 -0.00079361
v 0.72905750 0.08125694 0.00064845
v 0.72654382 0.08241527 -0.00119896
v 0.72535529 0.08289036 0.00128880
v 0.72906049 0.08115472 0.00185921
v 0.72721429 0.08205206 0.00261753
v 0.73080798 0.08395581 0.00288100
v 0.72915875 0.08404808 0.00255209
v 0.72913281 0.08421845 0.00156537
v 0.72952661 0.08361410 0.00482136
v 0.72765253 0.08409125 0.00330685
v 0.72533966 0.08484178 0.00233384
v 0.72618567 0.08301900 0.00282308
v 0.72686530 0.08311486 0.00330612
v 0.72511359 0.08376331 0.00228851
v 0.73511414 0.06734365 0.02031261
v 0.73573584 0.06722471 0.02228748
v 0.73511401 0.06672071 0.02365737
v 0.73120038 0.08486192 0.00578078
v 0.73198279 0.08401921 0.00788756
v 0.73188757 0.08270051 0.00838123
v 0.73338318 0.08418048 0.00944439
v 0.73497723 0.08179282 0.01145545
v 0.73190802 0.08153614 0.00890903
v 0.73071606 0.08156726 0.00733431
v 0.73363354 0.08047794 0.01054313
v 0.73277020 0.07958993 0.00919394
v 0.72566290 0.08626329 -0.00220818
v 0.72507922 0.08575311 -0.00081968
v 0.72405249 0.08576420 -0.00017373
v 0.72800806 0.08574689 -0.00160824
v 0.72670288 0.08523521 0.00000548
v 0.72470380 0.08321090 -0.00181858
v 0.72355963 0.08369301 -0.00085596
v 0.72445251 0.08274001 -0.00307291
v 0.73886249 0.07708504 0.00947371
v 0.73681842 0.07781146 0.00903884
v 0.73640234 0.07881558 0.00998953
v 0.73480878 0.07785353 0.00827485
v 0.73586426 0.07968678 0.01083739
v 0.73775763 0.08016867 0.01105042
v 0.73475494 0.08507806 0.00340067
v 0.73303821 0.08494420 0.00374836
v 0.73578082 0.08593611 0.00442989
v 0.73158594 0.08465431 0.00397847
v 0.72434479 0.08448985 0.00191461
v 0.72427448 0.08473318 0.00178345
v 0.72431689 0.08509619 0.00155423
v 0.72374121 0.08425696 0.00101783
v 0.72380774 0.08462531 0.00106462
v 0.72373853 0.08506822 0.00057370
v 0.74794891 0.09062736 0.01500511
v 0.74539722 0.09425380 0.01271841
v 0.74542139 0.09574924 0.01619624
v 0.74680267 0.09427940 0.01879523
v 0.73216107 0.06835725 0.01275491
v 0.73342822 0.06812049 0.01512507
v 0.73456946 0.06813377 0.01662738
v 0.73519403 0.06961645 0.01351545
v 0.74410168 0.08503413 0.01087733
v 0.74480573 0.08566713 0.01143724
v 0.74256689 0.08591385 0.00873402
v 0.74615277 0.08693658 0.01232509
v 0.74772998 0.08680046 0.01578412
v 0.74558783 0.08937997 0.01038205
v 0.73699811 0.08912395 0.00096211
v 0.73692688 0.09142435 0.00115322
v 0.73912878 0.09276794 0.00347725
v 0.73447528 0.09331174 -0.00015088
v 0.73654926 0.09671614 0.00290992
v 0.72988501 0.09523928 -0.00134236
v 0.73228198 0.09585577 -0.00033321
v 0.73261914 0.09886475 0.00163834
v 0.72382587 0.08106743 -0.00326585
v 0.72510760 0.07944933 -0.00319769
v 0.72944836 0.08694564 -0.00256618
v 0.72729297 0.08710626 -0.00288061
v 0.72670941 0.08809130 -0.00310045
v 0.73703668 0.08574517 0.01104675
v 0.73606000 0.08384212 0.01170915
v 0.73456018 0.08461565 0.01054412
v 0.73464130 0.08604755 0.00975635
v 0.73700964 0.06831154 0.02698627
v 0.73569940 0.06721412 0.02680090
v 0.73509998 0.06671637 0.02546370
v 0.72651587 0.08164323 0.04640959
v 0.72695203 0.08212878 0.04541570
v 0.72630170 0.08283569 0.04569071
v 0.72672656 0.08369144 0.04561801
v 0.72856439 0.08349794 0.04618455
v 0.72853009 0.08365110 0.04721075
v 0.72820953 0.08400835 0.04844420
v 0.72606757 0.08460194 0.04884142
v 0.72971411 0.08425890 0.04955269
v 0.72660632 0.08147063 0.04831510
v 0.72792902 0.08098416 0.04877891
v 0.72557599 0.08196304 0.04983786
v 0.72701874 0.08095670 0.05206342
v 0.72954919 0.08040252 0.04900272
v 0.73093298 0.07962257 0.04706213
v 0.72994885 0.07995773 0.05065049
v 0.73704761 0.08622092 0.04364489
v 0.73665033 0.08683939 0.04251136
v 0.73237323 0.07835226 0.04173981
v 0.73267310 0.07819411 0.04340606
v 0.73707532 0.10221848 0.02815200
v 0.73857611 0.10087250 0.03042713
v 0.73970746 0.09985079 0.03277269
v 0.74279816 0.09792455 0.03144142
v 0.73697443 0.10045549 0.03703545
v 0.74045453 0.09797688 0.03758369
v 0.74207141 0.07466151 0.02732573
v 0.74033545 0.07248949 0.02832885
v 0.73943622 0.07128567 0.02730939
v 0.74178516 0.07512743 0.03104721
v 0.73915057 0.07173350 0.03077977
v 0.73862170 0.07006709 0.02635788
v 0.74337219 0.08162337 0.03576374
v 0.74341339 0.08023263 0.03448570
v 0.74168298 0.08162523 0.03752082
v 0.74313086 0.07852808 0.03315226
v 0.74428094 0.07891376 0.03060980
v 0.74145343 0.07697727 0.03475743
v 0.74458923 0.09457110 0.03550942
v 0.74241302 0.09472880 0.03912950
v 0.74260699 0.09296236 0.04002871
v 0.73887933 0.09682642 0.04167331
v 0.73037476 0.08536738 0.05052238
v 0.73202545 0.08547565 0.04994939
v 0.73052484 0.07166615 0.04517088
v 0.72891534 0.07243507 0.04693322
v 0.73508722 0.09828791 0.04386288
v 0.73448755 0.09941689 0.04251591
v 0.73386212 0.10063811 0.04081535
v 0.72594006 0.07578617 0.05115709
v 0.72673486 0.07356908 0.04862322
v 0.72984094 0.07876948 0.05135403
v 0.72809497 0.07840384 0.05211549
v 0.73390070 0.08533762 0.04882407
v 0.73911951 0.09145807 0.04454076
v 0.74238324 0.09121461 0.04112447
v 0.73924475 0.07505428 0.03679068
v 0.73755206 0.07362925 0.03795212
v 0.73759320 0.07256197 0.03601085
v 0.73737097 0.07122988 0.03408853
v 0.74741241 0.08488018 0.02943391
v 0.74784259 0.08603284 0.02861437
v 0.74638116 0.08237782 0.02809223
v 0.74631042 0.08224009 0.02482025
v 0.74828943 0.08726355 0.02725632
v 0.74785883 0.08601684 0.02430936
v 0.73284998 0.07839637 0.04527410
v 0.73448346 0.08697122 0.04035185
v 0.73625635 0.08723021 0.04149510
v 0.73658588 0.08696500 0.03964811
v 0.73831317 0.08729211 0.04125978
v 0.73699670 0.08153060 0.03676415
v 0.73839502 0.08191415 0.03716436
v 0.73989618 0.08253891 0.03753814
v 0.73934424 0.08440596 0.03737822
v 0.72326318 0.08415527 0.04777753
v 0.72276447 0.08460307 0.04899765
v 0.72232953 0.08461992 0.04979156
v 0.72183313 0.08445786 0.05063657
v 0.72564697 0.08341482 0.04585958
v 0.73446930 0.06651311 0.02457006
v 0.73424890 0.06634589 0.02491514
v 0.73500903 0.08695798 0.00926868
v 0.73650586 0.08707650 0.00968124
v 0.72687506 0.09146513 -0.00283592
v 0.72558618 0.08950534 -0.00307872
v 0.73218915 0.07532783 0.00161279
v 0.73353113 0.07512489 0.00344748
v 0.73487128 0.07522093 0.00480169
v 0.73546338 0.07322906 0.00763118
v 0.72652478 0.07817269 -0.00301597
v 0.72633118 0.07615025 -0.00187354
v 0.72753278 0.09447963 -0.00195733
v 0.73887354 0.08693237 0.00340956
v 0.73736993 0.08757870 0.00132530
v 0.74026251 0.07634386 0.01174379
v 0.73979816 0.07493907 0.01287921
v 0.74379779 0.07717998 0.02002835
v 0.74449585 0.07835043 0.02099277
v 0.74514526 0.07962219 0.02200472
v 0.74433966 0.07824448 0.02415121
v 0.74645709 0.08234485 0.02141909
v 0.74773529 0.09279932 0.02075090
v 0.74871796 0.09006928 0.01947150
v 0.72448340 0.08404222 0.00190603
v 0.72407001 0.08376373 0.00121729
v 0.74073175 0.08607131 0.00907868
v 0.73946112 0.08682748 0.00870620
v 0.73978589 0.08495800 0.01074949
v 0.73828381 0.08736551 0.00858506
v 0.72286261 0.08433855 -0.00056430
v 0.72329944 0.08392624 -0.00007782
v 0.72383264 0.08558099 0.00037671
v 0.72325299 0.08567562 -0.00069298
v 0.72992963 0.08145305 0.00611998
v 0.72879425 0.08244459 0.00454338
v 0.73089545 0.08013883 0.00679600
v 0.73425409 0.06634766 0.02423720
v 0.72755133 0.08334215 0.00368144
v 0.73032825 0.08484988 -0.00070827
v 0.72882410 0.08460129 0.00037683
v 0.72264270 0.08544433 -0.00160464
v 0.72283203 0.08494112 -0.00092318
v 0.72308801 0.08461452 -0.00019905
v 0.73965820 0.08129708 0.01085541
v 0.73903448 0.08261651 0.01122824
v 0.73829114 0.08374532 0.01158304
v 0.73762494 0.08671066 0.00480165
v 0.73280035 0.07866322 0.00702475
v 0.74748260 0.08486990 0.02191687
v 0.74801135 0.08617563 0.02057300
v 0.74849744 0.08751051 0.01870228
v 0.73594958 0.07147715 0.01111311
v 0.73732269 0.07204453 0.01287301
v 0.73893268 0.07290891 0.01463021
v 0.74045276 0.09458984 0.00578063
v 0.74233478 0.09342858 0.00773114
v 0.73932263 0.09755479 0.00648159
v 0.74458728 0.09233689 0.00988903
v 0.73100891 0.08598265 -0.00167805
v 0.72708124 0.07386297 0.00066343
v 0.73754883 0.09993890 0.00769576
v 0.73523438 0.10047766 0.00619837
v 0.73291229 0.10096709 0.00438104
v 0.73256305 0.08210659 0.03864745
v 0.73163397 0.08257748 0.04002521
v 0.73058130 0.08290762 0.04144779
v 0.72442865 0.08508332 0.04971366
v 0.72388995 0.08211795 0.05217657
v 0.72412256 0.08258553 0.05085239
v 0.73611853 0.08636710 0.03805414
v 0.73824243 0.08571632 0.03788706
v 0.73917438 0.08599068 0.03904443
v 0.73998987 0.08650520 0.04045200
v 0.72365472 0.08411676 0.04705121
v 0.74514496 0.09545145 0.03167676
v 0.74509973 0.07983262 0.02833915
v 0.74435028 0.07845057 0.02727201
v 0.74360712 0.07705232 0.02625814
v 0.73997040 0.07623160 0.03693311
v 0.73330652 0.09185541 0.04896967
v 0.73624292 0.09077761 0.04734053
v 0.72976685 0.09213941 0.05002629
v 0.72686694 0.09029682 0.05146923
v 0.72331396 0.08050491 0.05244713
v 0.72464105 0.07896735 0.05241820
v 0.72609100 0.07775351 0.05225992
v 0.72484540 0.08872801 0.05194501
v 0.73448273 0.08653269 0.03893382
v 0.66356262 0.15287318 0.06257641
v 0.66490643 0.15084204 0.06283430
v 0.66613165 0.14922345 0.06113778
v 0.66630023 0.14892728 0.05999463
v 0.66563306 0.14902681 0.06363108
v 0.66682611 0.14753983 0.06134340
v 0.66780096 0.14590756 0.05934208
v 0.66684106 0.14801529 0.05822859
v 0.66570050 0.14977310 0.05840055
v 0.66807031 0.14583792 0.05697115
v 0.66776251 0.14594994 0.05498283
v 0.66888428 0.13996574 0.05510215
v 0.66899872 0.14100659 0.05706472
v 0.66862469 0.14071205 0.05897279
v 0.66824976 0.14013808 0.05939126
v 0.66864075 0.14223917 0.05908894
v 0.66813605 0.14141956 0.06115546
v 0.66755334 0.14070969 0.06254065
v 0.66767529 0.13930243 0.06052269
v 0.66772742 0.13867340 0.05858734
v 0.66705774 0.13949295 0.06311997
v 0.66613696 0.13796030 0.06294832
v 0.66239575 0.14234909 0.07046512
v 0.66413818 0.14297343 0.06893332
v 0.66427838 0.14478384 0.06892284
v 0.66362476 0.14571048 0.06944254
v 0.66578564 0.14369246 0.06685947
v 0.66507202 0.14592990 0.06756667
v 0.66442639 0.14758621 0.06778694
v 0.66291266 0.14733969 0.06992484
v 0.66166534 0.14641592 0.07117807
v 0.66326501 0.14915593 0.06881842
v 0.66144476 0.15058371 0.07033170
v 0.66647925 0.14052087 0.06493651
v 0.66568597 0.14058025 0.06593770
v 0.66677637 0.14175835 0.06492654
v 0.66459131 0.14105463 0.06755937
v 0.66412744 0.13955565 0.06708737
v 0.66862524 0.14432144 0.05710677
v 0.66873126 0.14351320 0.05644253
v 0.66843103 0.14386768 0.05900460
v 0.66892218 0.14222929 0.05582900
v 0.66871381 0.14264973 0.05424186
v 0.66400732 0.14969849 0.06702870
v 0.66369836 0.15057265 0.06646886
v 0.66507208 0.14861813 0.06581520
v 0.66360529 0.15158807 0.06524193
v 0.66209711 0.15273912 0.06683659
v 0.65000769 0.15874852 0.07420453
v 0.65298010 0.15584486 0.07450238
v 0.65476129 0.15839847 0.07078543
v 0.65427362 0.16003085 0.06863773
v 0.65612030 0.15406297 0.07343466
v 0.65722601 0.15779358 0.06809996
v 0.66045026 0.15873912 0.06162245
v 0.65405127 0.16189259 0.06594582
v 0.65174438 0.16297453 0.06690192
v 0.65865942 0.16194347 0.06098051
v 0.65780408 0.16429100 0.05872674
v 0.66595703 0.14751250 0.04520710
v 0.66685944 0.14764360 0.04780318
v 0.66726990 0.14335593 0.04744414
v 0.66659882 0.14183430 0.04685198
v 0.66750525 0.14679335 0.05009909
v 0.66752295 0.14146030 0.04913287
v 0.66759106 0.13789014 0.05048456
v 0.66580798 0.13990912 0.04633037
v 0.66508588 0.14107001 0.04491149
v 0.66610962 0.13727629 0.04839029
v 0.66370593 0.13645737 0.04760147
v 0.65697491 0.13300758 0.06343991
v 0.66036151 0.13354274 0.06221793
v 0.65912701 0.13513596 0.06683045
v 0.65722278 0.13602881 0.06900947
v 0.66275165 0.13471365 0.06251239
v 0.65981958 0.13701573 0.06877603
v 0.65738403 0.14117352 0.07383748
v 0.65513281 0.13734761 0.07170624
v 0.65357196 0.13651111 0.07102571
v 0.65440063 0.14101013 0.07510122
v 0.65095441 0.14253439 0.07652381
v 0.65997992 0.14163449 0.07231491
v 0.66017908 0.14473799 0.07253897
v 0.65914014 0.14641161 0.07306880
v 0.65802844 0.14898640 0.07355254
v 0.65632410 0.14748601 0.07477571
v 0.65891620 0.15239278 0.07204884
v 0.66461530 0.13617706 0.06276820
v 0.66368719 0.13762869 0.06594749
v 0.66229712 0.13804004 0.06755994
v 0.66059235 0.13879247 0.06992279
v 0.66845251 0.13877286 0.05270609
v 0.66785522 0.13811983 0.05580730
v 0.66695282 0.13733566 0.05679910
v 0.66581250 0.13626520 0.05863470
v 0.66554474 0.13591438 0.05589863
v 0.66769476 0.14625496 0.05245028
v 0.66824792 0.14349213 0.05245680
v 0.66820966 0.14228406 0.05165255
v 0.66825360 0.14061945 0.05090534
v 0.66180090 0.15560718 0.06212638
v 0.66434302 0.15274863 0.05913866
v 0.66506586 0.15205679 0.05723688
v 0.66617749 0.15043999 0.05459760
v 0.66483551 0.15367163 0.05523584
v 0.66013086 0.15372029 0.06917970
v 0.65966278 0.15506859 0.06795026
v 0.65947797 0.15670540 0.06593600
v 0.65078192 0.16562361 0.06015384
v 0.64599670 0.16195795 0.06790601
v 0.64659912 0.16337881 0.07070323
v 0.64828412 0.16430336 0.06774092
v 0.64462000 0.15666800 0.07459435
v 0.64648480 0.15911871 0.07520714
v 0.65040857 0.16509586 0.06508752
v 0.65400385 0.16726337 0.05936530
v 0.66145917 0.15285223 0.04517440
v 0.65726123 0.16076114 0.05173470
v 0.65787085 0.16458722 0.05347732
v 0.66079407 0.16042682 0.05086423
v 0.66311682 0.15629420 0.04852643
v 0.66424481 0.15092494 0.04414093
v 0.66336884 0.15651045 0.05093325
v 0.65988196 0.13941635 0.04466468
v 0.66076874 0.14457680 0.04345907
v 0.66337335 0.14631281 0.04254517
v 0.66345093 0.14317845 0.04321545
v 0.66358301 0.14045494 0.04393432
v 0.66139624 0.13725659 0.04533382
v 0.65206042 0.13482843 0.06018847
v 0.65632428 0.13625432 0.05027556
v 0.65853467 0.13524455 0.04958935
v 0.65832904 0.13430530 0.05303175
v 0.65813885 0.13336012 0.05618899
v 0.65456018 0.13256041 0.06161529
v 0.66076721 0.13404005 0.05511708
v 0.64688306 0.14088695 0.07436386
v 0.64816388 0.13731905 0.06947469
v 0.65104132 0.13419431 0.06707853
v 0.65086517 0.13586775 0.06997343
v 0.65083014 0.13745918 0.07259573
v 0.64800739 0.14171675 0.07635925
v 0.64472327 0.14836035 0.07595132
v 0.64594910 0.14755377 0.07736768
v 0.64675311 0.15055490 0.07712080
v 0.64758154 0.15330841 0.07690033
v 0.64993799 0.15081404 0.07675943
v 0.65454999 0.14535855 0.07577795
v 0.65328802 0.14795543 0.07598199
v 0.65196838 0.15124490 0.07615788
v 0.66530011 0.13594034 0.05252879
v 0.66371796 0.13512660 0.05437633
v 0.66194415 0.13409064 0.05682061
v 0.66269781 0.15786531 0.05662778
v 0.66364227 0.15618936 0.05404696
v 0.66477893 0.15376245 0.05093272
v 0.65648029 0.14090248 0.04804733
v 0.65523712 0.14454700 0.05072606
v 0.64607446 0.14380836 0.07186127
v 0.64696033 0.14675266 0.06872131
v 0.64979614 0.15052733 0.05946759
v 0.64743787 0.15321631 0.06537799
v 0.65437665 0.15176686 0.05333001
v 0.65985077 0.15549236 -0.01086594
v 0.65700397 0.15491466 -0.01695134
v 0.65430566 0.15561082 -0.01979025
v 0.65399640 0.15721397 -0.01796328
v 0.65611102 0.15144498 -0.02141985
v 0.65292029 0.15316875 -0.02303299
v 0.64937903 0.15437000 -0.02447828
v 0.65353534 0.15875642 -0.01574191
v 0.65744037 0.15831436 -0.01086028
v 0.65096503 0.15956941 -0.01827854
v 0.65471808 0.16087276 -0.01084204
v 0.67026941 0.13931943 0.00317367
v 0.67038483 0.14296561 0.00331545
v 0.66970892 0.14487471 0.00427703
v 0.66932654 0.14356059 0.00514957
v 0.66920844 0.14738289 0.00136257
v 0.66819824 0.14847754 0.00313188
v 0.66658710 0.15002199 0.00449988
v 0.66886572 0.14187839 0.00607080
v 0.66872394 0.13886354 0.00507732
v 0.66781451 0.14408321 0.00684610
v 0.66665131 0.13886841 0.00655763
v 0.65132092 0.13790472 -0.02200065
v 0.65490820 0.13428181 -0.01522328
v 0.65427844 0.13314114 -0.01231932
v 0.65170795 0.13407199 -0.01529605
v 0.65950153 0.13294621 -0.00651555
v 0.65628760 0.13252676 -0.00630977
v 0.65360486 0.13427109 -0.00617394
v 0.64913239 0.13531790 -0.01859454
v 0.64811926 0.13873701 -0.02337842
v 0.64918066 0.13648799 -0.01409595
v 0.64607983 0.14136194 -0.02161467
v 0.64453271 0.14967392 -0.02283675
v 0.64505225 0.15079634 -0.02585382
v 0.64655780 0.14705649 -0.02546757
v 0.64443909 0.15795175 -0.02187382
v 0.64590057 0.15626115 -0.02481364
v 0.64803644 0.14376476 -0.02512112
v 0.64997321 0.14514755 -0.02481171
v 0.65362396 0.14866248 -0.02352108
v 0.65288574 0.14649823 -0.02376876
v 0.65600665 0.14561789 -0.02224239
v 0.65698834 0.13925243 -0.02056770
v 0.65222626 0.14376830 -0.02399600
v 0.65391980 0.13879446 -0.02197344
v 0.66121417 0.13923384 0.00668945
v 0.66240277 0.14492456 0.00806026
v 0.65878021 0.14218867 0.00475886
v 0.65754016 0.13687187 0.00246036
v 0.66095557 0.15309232 0.00506610
v 0.65568286 0.14291785 0.00056526
v 0.65135638 0.16321341 -0.00856294
v 0.64598254 0.16253177 -0.01557977
v 0.64924213 0.16084407 -0.00942820
v 0.65533331 0.16049887 -0.00244410
v 0.64861401 0.15678201 -0.01015795
v 0.64960876 0.14720645 -0.00874832
v 0.64725122 0.15148497 -0.01378053
v 0.65138055 0.14205600 -0.00668954
v 0.66369379 0.13579712 0.00130565
v 0.66295276 0.13673026 0.00428255
v 0.66066333 0.13569032 0.00217813
v 0.66425732 0.13933229 0.00783429
v 0.65838116 0.13440651 -0.00033194
v 0.66638495 0.14701880 0.00736191
v 0.66554932 0.14542311 0.00807959
v 0.66450946 0.15213853 0.00575323
v 0.66459302 0.14355833 0.00879864
v 0.66136926 0.15634776 -0.00235827
v 0.65727295 0.16018115 -0.00496090
v 0.65865125 0.15897346 -0.00185594
v 0.65164398 0.16342403 -0.01072527
v 0.66019904 0.15763409 0.00146862
v 0.64793872 0.15948460 -0.02103187
v 0.64766168 0.16131355 -0.01858607
v 0.64729681 0.16318126 -0.01600276
v 0.66364056 0.15026364 -0.01067064
v 0.66221204 0.15015572 -0.01466799
v 0.66017523 0.15112692 -0.01716842
v 0.65959692 0.15232037 -0.01623850
v 0.66183148 0.14821458 -0.01738922
v 0.65898267 0.14989285 -0.01955973
v 0.65924530 0.15364938 -0.01460880
v 0.66181592 0.15281462 -0.01078392
v 0.66960065 0.14576384 -0.00255168
v 0.66678168 0.14833556 -0.00627475
v 0.66488934 0.15070094 -0.00748368
v 0.66571057 0.15036128 -0.00564142
v 0.66711285 0.14946072 -0.00305185
v 0.66965271 0.14655251 -0.00048737
v 0.66501074 0.15195868 -0.00414363
v 0.67125317 0.14063884 -0.00122788
v 0.67060736 0.14284630 -0.00117753
v 0.67055762 0.14412364 0.00009162
v 0.67061316 0.14313890 0.00105256
v 0.67063934 0.14164749 0.00209425
v 0.67105206 0.13990878 0.00109727
v 0.66803088 0.13793922 -0.00787786
v 0.66998328 0.13909995 -0.00394989
v 0.67038824 0.13896194 -0.00136694
v 0.66943103 0.13816794 -0.00205405
v 0.66814276 0.13706030 -0.00347062
v 0.66660095 0.13628308 -0.00746453
v 0.66809692 0.13703790 -0.00095580
v 0.66474213 0.13486438 -0.00708791
v 0.66078894 0.13588568 -0.01408873
v 0.66038184 0.13436162 -0.01184171
v 0.65809283 0.13489639 -0.01439460
v 0.66229041 0.13365981 -0.00679997
v 0.65563239 0.13559355 -0.01757917
v 0.65958960 0.14705687 -0.01964702
v 0.65885687 0.14569862 -0.02022628
v 0.66169281 0.14490912 -0.01802973
v 0.66244220 0.14078496 -0.01693001
v 0.65825189 0.14354553 -0.02074840
v 0.65981305 0.13994992 -0.01889420
v 0.66530377 0.13853085 -0.01244689
v 0.66513147 0.13696977 -0.01097630
v 0.66346063 0.13700114 -0.01279414
v 0.66136902 0.13739452 -0.01550559
v 0.66800519 0.13733482 0.00195501
v 0.66624304 0.13642439 0.00051166
v 0.66432227 0.13510521 -0.00154401
v 0.66199176 0.15520187 -0.00606564
v 0.66314069 0.15423166 -0.00349173
v 0.66468066 0.15287033 -0.00042726
v 0.66595514 0.14736801 -0.01090786
v 0.66586603 0.14674559 -0.01214223
v 0.66440564 0.14752478 -0.01424220
v 0.66402887 0.14826358 -0.01386706
v 0.66555298 0.14603662 -0.01330316
v 0.66389429 0.14704118 -0.01561619
v 0.66385773 0.14910077 -0.01290115
v 0.66526031 0.14855432 -0.01049467
v 0.67065094 0.14206915 -0.00457050
v 0.67024609 0.14309109 -0.00517937
v 0.67016278 0.14384106 -0.00400570
v 0.67043256 0.14328030 -0.00324618
v 0.66917865 0.14461711 -0.00629347
v 0.66932184 0.14503552 -0.00422211
v 0.67088074 0.14235083 -0.00241418
v 0.67112311 0.14124931 -0.00317508
v 0.66429907 0.14559111 -0.01552755
v 0.66377234 0.14494090 -0.01608465
v 0.66580695 0.14461896 -0.01368604
v 0.66626294 0.14234366 -0.01333508
v 0.66336401 0.14365968 -0.01658087
v 0.66446625 0.14148172 -0.01527884
v 0.66797833 0.14121654 -0.01057341
v 0.66788928 0.13983232 -0.01030952
v 0.66695288 0.13969009 -0.01136915
v 0.66924438 0.14064258 -0.00812629
v 0.66876099 0.13926907 -0.00831002
v 0.66560486 0.13981627 -0.01316782
v 0.67020313 0.14125673 -0.00623875
v 0.67066107 0.14074846 -0.00477799
v 0.67031146 0.14019443 -0.00501390
v 0.66968420 0.13941902 -0.00584852
v 0.66756903 0.14621054 -0.00849530
v 0.66672198 0.14731458 -0.00860358
v 0.66693317 0.14714392 -0.00751192
v 0.66786554 0.14671725 -0.00575670
v 0.66721924 0.14529100 -0.01015503
v 0.66715668 0.14597028 -0.00991076
v 0.66930591 0.14246249 -0.00750480
v 0.66998535 0.14224529 -0.00640170
v 0.66836572 0.14248672 -0.00931671
v 0.66781982 0.14352315 -0.00985513
v 0.66703137 0.14443048 -0.01110826
v 0.70415741 0.03913302 0.02257246
v 0.70446246 0.03754385 0.02306066
v 0.70283539 0.03760473 0.02087132
v 0.70210858 0.03816306 0.01949061
v 0.70159650 0.03779181 0.02317027
v 0.70042731 0.03779095 0.02004293
v 0.69736920 0.03859809 0.01577027
v 0.70136646 0.03871900 0.01817517
v 0.70130078 0.03969389 0.01833907
v 0.69870721 0.03924382 0.01557116
v 0.69850867 0.04025928 0.01574943
v 0.65992725 0.05577647 0.00467179
v 0.67573505 0.04991167 0.00748624
v 0.67764880 0.04834351 0.00678110
v 0.67243909 0.04970712 0.00583906
v 0.68847217 0.04504843 0.01033440
v 0.68565918 0.04483558 0.00866355
v 0.68333557 0.04469167 0.00908209
v 0.66721875 0.05093906 0.00490447
v 0.65794489 0.05453257 0.00342469
v 0.67168890 0.04859328 0.00686513
v 0.65735077 0.05356181 0.00565986
v 0.60804382 0.07916462 0.00133515
v 0.59767194 0.08735710 0.00029345
v 0.59696942 0.08956207 -0.00172946
v 0.60117798 0.08738312 -0.00140743
v 0.58779565 0.09514089 -0.00104347
v 0.59064020 0.09554083 -0.00238724
v 0.59371289 0.09592757 -0.00075506
v 0.60537567 0.08524016 -0.00108506
v 0.61172266 0.07919478 -0.00047700
v 0.60305981 0.08906829 0.00046844
v 0.61359222 0.08089871 0.00151426
v 0.61048938 0.07795303 0.01863946
v 0.61005786 0.07760898 0.00991102
v 0.61725146 0.07240816 0.00689888
v 0.62115131 0.07014946 0.01044539
v 0.61921234 0.07136516 0.00191378
v 0.63165625 0.06401456 0.00245495
v 0.62501093 0.06799817 0.01371981
v 0.62152673 0.07054136 0.01883893
v 0.63248248 0.06368798 0.01073296
v 0.63283289 0.06418462 0.01879960
v 0.69531079 0.04191888 0.01335948
v 0.69796967 0.04138497 0.01596249
v 0.69655927 0.04238083 0.01656203
v 0.58860046 0.09535857 0.01805981
v 0.57743610 0.10259590 0.01838117
v 0.57571436 0.10323405 0.01182378
v 0.57907727 0.10081720 0.00790347
v 0.57125342 0.10693976 0.01541092
v 0.57076440 0.10659920 0.00772911
v 0.57332324 0.10456110 0.00078082
v 0.58228125 0.09850463 0.00435525
v 0.58896021 0.09417603 0.00693617
v 0.57899493 0.10060731 -0.00160739
v 0.61676331 0.08058473 0.01864588
v 0.61428717 0.08160345 0.02244753
v 0.62143726 0.07634152 0.02325784
v 0.62538678 0.07419432 0.02244553
v 0.61385699 0.08121124 0.02488203
v 0.62492792 0.07375696 0.02488232
v 0.63613867 0.06724436 0.02488399
v 0.62928326 0.07212044 0.02163292
v 0.62763867 0.07351746 0.01884614
v 0.63650354 0.06765132 0.02244504
v 0.63832690 0.06735585 0.01940074
v 0.65980133 0.05760220 0.01888657
v 0.67353973 0.05170158 0.02258698
v 0.67857776 0.05014542 0.02220899
v 0.67387225 0.05217812 0.01973886
v 0.68516290 0.04677920 0.02455873
v 0.68717908 0.04656385 0.02316844
v 0.68739264 0.04703159 0.02057907
v 0.70279486 0.03729527 0.02428413
v 0.69820331 0.03914869 0.02448943
v 0.69532074 0.04057160 0.02414053
v 0.70251099 0.03728925 0.02496461
v 0.69521442 0.04052308 0.02503606
v 0.68533972 0.04484926 0.02505258
v 0.61052203 0.07794168 0.02244329
v 0.60335059 0.08349040 0.02325814
v 0.59983563 0.08645633 0.02244855
v 0.61049573 0.07787989 0.02487972
v 0.59979816 0.08638308 0.02488218
v 0.58928510 0.09482568 0.02488458
v 0.59631653 0.08944926 0.02163958
v 0.59979926 0.08644987 0.01871707
v 0.58934558 0.09491812 0.02245369
v 0.61049530 0.07789845 0.03128838
v 0.61051727 0.07792254 0.02731631
v 0.61780377 0.07284969 0.02650490
v 0.62151843 0.07053640 0.02731874
v 0.62148065 0.07047709 0.02487976
v 0.63274878 0.06418291 0.02488588
v 0.62523944 0.06828167 0.02813331
v 0.62150775 0.07050114 0.03105862
v 0.63278119 0.06418597 0.02732313
v 0.63280200 0.06416241 0.03113058
v 0.70326215 0.03839274 0.02492501
v 0.69505219 0.04244298 0.02488470
v 0.69376746 0.04337914 0.02593213
v 0.69679944 0.04224525 0.02630042
v 0.68711188 0.04643755 0.02619356
v 0.68738074 0.04703481 0.02818880
v 0.65980701 0.05760184 0.03053314
v 0.65944000 0.05716793 0.02718117
v 0.65122223 0.06038169 0.02651216
v 0.64763934 0.06230201 0.02732532
v 0.65924261 0.05668572 0.02480388
v 0.64734827 0.06181753 0.02488470
v 0.64408832 0.06422797 0.02813811
v 0.64802496 0.06274432 0.03075199
v 0.63646375 0.06766512 0.02732326
v 0.63610937 0.06852116 0.03133583
v 0.70277356 0.03725030 0.02713604
v 0.70272760 0.03719221 0.02562911
v 0.70439050 0.03675486 0.02528005
v 0.70466931 0.03706958 0.02548522
v 0.70456396 0.03701927 0.02487714
v 0.70507043 0.03759668 0.02570537
v 0.70467975 0.03783294 0.02668356
v 0.70396521 0.03875076 0.02577714
v 0.70304749 0.03965355 0.02772347
v 0.69987616 0.03774478 0.03151704
v 0.69621899 0.03908400 0.03396731
v 0.69475409 0.04009513 0.03329457
v 0.69741406 0.03880878 0.03413173
v 0.69383459 0.04002869 0.03661471
v 0.68575006 0.04362004 0.03968059
v 0.69235602 0.04154792 0.03177347
v 0.69538922 0.04051260 0.02800285
v 0.68546118 0.04433279 0.03349921
v 0.68696246 0.04426542 0.02838321
v 0.61206519 0.07611720 0.04827257
v 0.62293634 0.06888676 0.04772189
v 0.62580524 0.06864802 0.04915483
v 0.62279907 0.07166114 0.04941867
v 0.63403503 0.06281666 0.04608700
v 0.63382373 0.06474623 0.04859467
v 0.63568518 0.06654936 0.04770135
v 0.61978674 0.07472128 0.04968224
v 0.61172827 0.07909954 0.05024499
v 0.62466815 0.07342685 0.04784131
v 0.61360400 0.08082137 0.04842177
v 0.61275275 0.08346520 0.03128474
v 0.60236707 0.09178905 0.03120787
v 0.60051190 0.09298753 0.03721040
v 0.60388428 0.08987933 0.04078460
v 0.59190845 0.09964198 0.03058621
v 0.59323541 0.09832529 0.03906667
v 0.59194720 0.09778145 0.04992488
v 0.60719592 0.08684857 0.04403292
v 0.61443439 0.08161185 0.04014303
v 0.60308618 0.08905484 0.04946541
v 0.64156482 0.06087357 0.04798797
v 0.64623529 0.05985795 0.04765099
v 0.64469482 0.05844796 0.04625680
v 0.65757367 0.05370357 0.04559412
v 0.65051636 0.05875453 0.04727934
v 0.64732013 0.06134405 0.04600244
v 0.65845630 0.05503368 0.04632095
v 0.65761597 0.05702234 0.04406389
v 0.57262500 0.11143758 0.03145861
v 0.57238940 0.11110397 0.02731023
v 0.57018671 0.11100226 0.02650183
v 0.56999963 0.11050841 0.02731060
v 0.57341718 0.10993748 0.02520815
v 0.57006824 0.11035875 0.02488470
v 0.57060522 0.10753990 0.02399131
v 0.56965717 0.10981425 0.02811962
v 0.56980981 0.11067984 0.03138092
v 0.57095190 0.10732317 0.02731178
v 0.57104279 0.10703896 0.03184274
v 0.69875946 0.03998848 0.03405043
v 0.69840735 0.03886284 0.03421297
v 0.70078766 0.03793307 0.03156520
v 0.70207697 0.03815704 0.03014857
v 0.70337933 0.03838877 0.02879729
v 0.70180371 0.03961123 0.03073122
v 0.67168610 0.04850542 0.04260315
v 0.67702588 0.04727040 0.04306275
v 0.67245325 0.04935223 0.04391608
v 0.68564661 0.04475538 0.04109870
v 0.68597943 0.04610808 0.03990702
v 0.66786731 0.05164443 0.04477599
v 0.67084113 0.05164649 0.04287416
v 0.59842932 0.09080119 0.05149229
v 0.60117902 0.08736691 0.05117677
v 0.59085535 0.09541776 0.05215704
v 0.58969623 0.09347819 0.04980068
v 0.60392560 0.08389461 0.05086068
v 0.60118243 0.08442057 0.04932042
v 0.63244110 0.06364113 0.03932404
v 0.62466205 0.06761430 0.04287592
v 0.62109875 0.07008635 0.03986613
v 0.61755707 0.07260219 0.03658395
v 0.61007520 0.07750004 0.04015328
v 0.57243878 0.11091936 0.04184093
v 0.57816400 0.10749438 0.04538619
v 0.58190247 0.10547437 0.04110416
v 0.57272198 0.10936530 0.04897026
v 0.57989893 0.10538655 0.05135562
v 0.58579095 0.10340285 0.03719411
v 0.58213293 0.10600643 0.03119695
v 0.59299854 0.09830857 0.02731403
v 0.58553552 0.10291746 0.02650334
v 0.58200787 0.10543864 0.02731187
v 0.59252740 0.09791531 0.02488468
v 0.58156799 0.10503684 0.02488468
v 0.57829266 0.10808791 0.02811986
v 0.67830365 0.04964539 0.02593149
v 0.67357422 0.05168654 0.02660012
v 0.67326239 0.05120514 0.02473912
v 0.68552673 0.04489589 0.02653584
v 0.69232043 0.04196124 0.02588515
v 0.69530017 0.04057960 0.02623427
v 0.64071039 0.06086613 0.02651200
v 0.64482593 0.05937996 0.02732022
v 0.64475964 0.05933878 0.02489127
v 0.65745398 0.05459702 0.02497211
v 0.64894983 0.05785029 0.02811500
v 0.64486505 0.05932157 0.03090102
v 0.65748773 0.05465851 0.02729499
v 0.65847205 0.05423705 0.03092657
v 0.58265405 0.09938544 0.02326502
v 0.57933881 0.10149036 0.02245577
v 0.57929486 0.10143699 0.02488468
v 0.57588293 0.10368750 0.02164701
v 0.57097571 0.10716789 0.02000309
v 0.68458850 0.04520709 0.02076561
v 0.68553149 0.04489429 0.02353574
v 0.67668250 0.04798315 0.02388481
v 0.67182428 0.04965093 0.02323424
v 0.67173608 0.04959803 0.02503556
v 0.66695551 0.05135564 0.02228218
v 0.66944470 0.05042201 0.01981087
v 0.65749365 0.05466051 0.02263180
v 0.65584894 0.05523613 0.01969867
v 0.69679926 0.04224526 0.02346898
v 0.69985645 0.04111165 0.02341183
v 0.69717841 0.04270851 0.02169276
v 0.70393896 0.03873810 0.02409103
v 0.59415991 0.09818073 0.01806395
v 0.59290131 0.09836047 0.02245534
v 0.59987421 0.09265610 0.02326339
v 0.60361475 0.08996811 0.02245166
v 0.60318231 0.08953173 0.02488350
v 0.60736322 0.08731059 0.02163941
v 0.60585840 0.08894653 0.01872194
v 0.57613477 0.10384264 -0.00383304
v 0.57991559 0.10252392 -0.00346254
v 0.57137366 0.10757252 -0.00232997
v 0.57278497 0.10964954 -0.00089296
v 0.58411743 0.10097890 -0.00309263
v 0.58344482 0.10317450 -0.00140644
v 0.69537140 0.04094635 0.01319474
v 0.69310272 0.04152471 0.01199073
v 0.69079755 0.04212837 0.01079391
v 0.69137341 0.04121744 0.01242592
v 0.59575214 0.08876481 0.00573586
v 0.59939075 0.08603872 0.00962870
v 0.60307501 0.08330206 0.01319515
v 0.68734998 0.04650516 0.01491293
v 0.67849127 0.04958536 0.01122642
v 0.67370728 0.05164607 0.01280881
v 0.66890576 0.05374546 0.01500317
v 0.65956372 0.05712492 0.01160378
v 0.65743463 0.05410034 0.01312511
v 0.64888641 0.05739451 0.01437718
v 0.64469128 0.05870595 0.01137439
v 0.64490222 0.05931288 0.01902855
v 0.64042346 0.06006837 0.00806520
v 0.64453748 0.05837738 0.00368342
v 0.56954089 0.10867936 0.00363535
v 0.56972266 0.10939278 0.00814079
v 0.56970935 0.10913629 0.01345203
v 0.57008691 0.10980798 0.01180858
v 0.57227875 0.11100432 0.02286340
v 0.57018671 0.11100226 0.02326758
v 0.57357727 0.11087689 0.01936492
v 0.57016632 0.11078459 0.02041012
v 0.57032446 0.11091798 0.01345544
v 0.57256146 0.11099916 0.01019477
v 0.64911298 0.05746333 0.00248387
v 0.64548627 0.05961174 0.00218730
v 0.64223047 0.06190651 0.00185658
v 0.64710889 0.06128804 0.00360645
v 0.63434656 0.06536241 0.00119493
v 0.63605359 0.06700494 0.00380224
v 0.60014319 0.09255936 0.00575057
v 0.60377649 0.08997185 0.00964175
v 0.59315704 0.09804523 0.00694957
v 0.60745868 0.08732449 0.01320617
v 0.61441748 0.08167805 0.00992539
v 0.62467682 0.07348988 0.00206450
v 0.62723389 0.07005840 0.00062003
v 0.62279315 0.07175462 0.00034917
v 0.61833990 0.07349684 0.00007869
v 0.68491895 0.04429972 0.01415061
v 0.69033002 0.04191262 0.01519962
v 0.69288721 0.04096997 0.01817204
v 0.69637494 0.03960164 0.02029650
v 0.69492792 0.04072847 0.02234200
v 0.70496533 0.03754608 0.02445930
v 0.70491571 0.03749211 0.02425409
v 0.70474280 0.03722689 0.02406392
v 0.64379590 0.06374406 0.02325785
v 0.64771301 0.06226576 0.02244403
v 0.65158459 0.06083236 0.02163003
v 0.64801874 0.06274207 0.01883976
v 0.65944965 0.05716321 0.02244270
v 0.69376746 0.04337914 0.02383722
v 0.63279431 0.06419781 0.02244800
v 0.62520117 0.06823055 0.02325404
v 0.62154675 0.07054183 0.02244099
v 0.61786908 0.07292940 0.02162873
v 0.59068439 0.09379753 0.03059154
v 0.58928101 0.09494355 0.02731549
v 0.59627917 0.08937251 0.02650490
v 0.59984174 0.08643730 0.02731589
v 0.60339453 0.08353783 0.02812749
v 0.59982874 0.08640051 0.03121219
v 0.69828894 0.03920562 0.02628073
v 0.66881946 0.05377122 0.02755952
v 0.67387634 0.05217526 0.02957861
v 0.62882611 0.07167989 0.02650817
v 0.62529919 0.07423406 0.02731967
v 0.62180945 0.07681379 0.02813076
v 0.62391272 0.07583953 0.03105528
v 0.61427386 0.08159789 0.02731704
v 0.57913593 0.10051799 0.05118999
v 0.57546399 0.10275115 0.04540326
v 0.57877338 0.10097292 0.04111727
v 0.57371002 0.10478831 0.05131696
v 0.57070178 0.10647813 0.04390387
v 0.58222699 0.09914028 0.03720376
v 0.58903485 0.09443991 0.03907729
v 0.58070129 0.10054248 0.03120278
v 0.69717841 0.04270851 0.02807665
v 0.69422443 0.04381501 0.03176151
v 0.69655927 0.04238083 0.03320734
v 0.68739587 0.04663734 0.03346073
v 0.69796967 0.04138497 0.03380687
v 0.69430737 0.04240464 0.03698452
v 0.62897882 0.07172131 0.04286295
v 0.62543225 0.07425358 0.03985599
v 0.63650983 0.06754244 0.04071326
v 0.62190497 0.07681474 0.03657684
v 0.67434674 0.04876285 0.02951090
v 0.67669379 0.04757776 0.03297807
v 0.67171185 0.04896471 0.03582137
v 0.66672748 0.05039141 0.03925888
v 0.65732202 0.05385809 0.03933965
v 0.64394519 0.06367645 0.04162115
v 0.64783740 0.06222024 0.03830378
v 0.65167151 0.06080411 0.03534081
v 0.65958368 0.05711963 0.03768161
v 0.56954089 0.10867936 0.04613405
v 0.56982080 0.10988559 0.04203159
v 0.57174493 0.10787660 0.05209779
v 0.57010034 0.11111053 0.03793078
v 0.64058630 0.06051533 0.03602927
v 0.64456830 0.05874650 0.03900938
v 0.64860767 0.05693196 0.04168311
v 0.66869366 0.05322909 0.03912051
v 0.67368896 0.05164983 0.03573500
v 0.67867957 0.05010993 0.03296147
v 0.60282471 0.08288157 0.04404658
v 0.59949860 0.08592290 0.04079571
v 0.59611176 0.08904996 0.03721883
v 0.69475049 0.04020811 0.03666254
v 0.69303534 0.04155923 0.03776453
v 0.69135449 0.04289759 0.03887315
v 0.57761420 0.10506530 0.05359574
v 0.58078235 0.10201166 0.05323367
v 0.58351050 0.09924285 0.05287040
v 0.60693274 0.08686037 0.02650500
v 0.60364868 0.08993496 0.02731566
v 0.60034137 0.09305131 0.02812557
v 0.69985645 0.04111165 0.02635756
v 0.66686664 0.05130349 0.02648765
v 0.67182574 0.04964921 0.02713862
v 0.67677142 0.04803518 0.02748797
v 0.57583887 0.10363415 0.02650353
v 0.57907214 0.10162328 0.02731355
v 0.58243170 0.09956988 0.02812400
v 0.64888391 0.05780859 0.02328271
v 0.64485211 0.05938561 0.02247550
v 0.64080243 0.06092731 0.02165493
v 0.69242719 0.04200936 0.02348913
v 0.66850507 0.05329216 0.02325607
v 0.57785175 0.10768689 0.02326702
v 0.58164996 0.10563086 0.02245754
v 0.58561664 0.10351033 0.02164769
v 0.58212347 0.10601340 0.01838550
v 0.58584613 0.10273031 0.00437125
v 0.58222235 0.10531034 0.00791717
v 0.57842975 0.10800586 0.01183470
v 0.69422443 0.04381501 0.01800785
v 0.62934094 0.07215836 0.01373177
v 0.62548071 0.07427570 0.01045991
v 0.63665057 0.06779694 0.01215657
v 0.62158527 0.07647225 0.00691579
v 0.67655164 0.04706599 0.01111003
v 0.67173584 0.04896288 0.01275817
v 0.66689886 0.05089716 0.01500055
v 0.65137091 0.06031602 0.00814205
v 0.64773846 0.06224759 0.01075494
v 0.64415027 0.06418979 0.01372195
v 0.62330829 0.07965592 0.08745333
v 0.62278375 0.08018917 0.09417117
v 0.62270770 0.07962995 0.09515327
v 0.62319031 0.08115247 0.08788819
v 0.62244946 0.08094756 0.09464070
v 0.62131903 0.08049634 0.09773326
v 0.62266022 0.07904653 0.09602949
v 0.62143866 0.07891094 0.09802807
v 0.62486871 0.08250990 0.09342800
v 0.62449890 0.08287405 0.09460472
v 0.62339532 0.08246597 0.09467073
v 0.62510303 0.08383774 0.09626917
v 0.62346667 0.08380173 0.09759610
v 0.67232526 0.04688332 0.02613545
v 0.66392139 0.04998848 0.02548956
v 0.66170343 0.05208817 0.03713461
v 0.66445276 0.05194879 0.04265376
v 0.65651904 0.05336351 0.02577869
v 0.65705511 0.05531128 0.04425573
v 0.66709631 0.05150385 0.04696432
v 0.67216663 0.04873102 0.04187179
v 0.64382086 0.06132074 0.02243743
v 0.63777209 0.06486782 0.02488399
v 0.63909137 0.06547665 0.04112543
v 0.64338068 0.06342924 0.04519038
v 0.63107983 0.06882077 0.02488286
v 0.63740613 0.06783105 0.05007169
v 0.62405316 0.07552008 0.02936806
v 0.62332349 0.07840359 0.05861497
v 0.62351984 0.07832733 0.07014044
v 0.62428162 0.07650294 0.05904779
v 0.62551874 0.08189226 0.01905584
v 0.62930658 0.08051732 0.02532680
v 0.62783710 0.08124013 0.04621736
v 0.62545911 0.08202253 0.05154879
v 0.63399207 0.07852821 0.03036018
v 0.62930505 0.08050714 0.05644577
v 0.66247009 0.06797356 0.02917789
v 0.66238562 0.06395956 0.05118467
v 0.65671466 0.06621894 0.05784137
v 0.65393463 0.06931321 0.05120780
v 0.67888068 0.06152900 0.02336992
v 0.68649408 0.05595470 0.04093777
v 0.68404895 0.05476859 0.04796459
v 0.67866510 0.05809747 0.04343893
v 0.62300189 0.08347208 -0.04814453
v 0.62339532 0.08246590 -0.04490134
v 0.62262683 0.08186095 -0.04550422
v 0.62173425 0.08160421 -0.04774453
v 0.62315967 0.08129041 -0.03924915
v 0.62233588 0.08086595 -0.04522791
v 0.62106860 0.08021376 -0.04806878
v 0.66203644 0.05341470 0.00280913
v 0.66425476 0.05131050 0.00953227
v 0.65698120 0.05507348 0.00712144
v 0.66657178 0.04953671 0.01505046
v 0.67203778 0.04823776 0.01095958
v 0.63740613 0.06783105 -0.00030230
v 0.63909137 0.06547661 0.00864396
v 0.64351807 0.06392313 0.00152318
v 0.62334827 0.07997147 -0.03773295
v 0.62328802 0.08045314 -0.02035486
v 0.62342609 0.07971324 -0.00926038
v 0.62319623 0.08116242 -0.00882977
v 0.62320789 0.08083884 0.02467656
v 0.62779706 0.08062863 -0.01602273
v 0.62544965 0.08186703 -0.01227296
v 0.62926459 0.07990553 -0.00491713
v 0.66236127 0.06541818 0.00631490
v 0.65682013 0.06841457 0.01003838
v 0.65391223 0.06805975 0.00179491
v 0.65404358 0.07153260 0.02570363
v 0.64599939 0.07467846 0.02011482
v 0.68404901 0.05476860 0.00180480
v 0.67864838 0.05724087 0.00260910
v 0.68649408 0.05595470 0.00883161
v 0.69542053 0.05839526 0.02488470
v 0.69444000 0.05481037 0.01112208
v 0.70057153 0.05322372 0.01096965
v 0.70309662 0.05535812 0.01777906
v 0.67321710 0.05838592 -0.00277716
v 0.67039020 0.06127219 0.00310597
v 0.66773877 0.06412613 0.01002912
v 0.67047974 0.06473952 0.02436965
v 0.63958142 0.07624056 -0.00410539
v 0.63765649 0.07741685 0.00531372
v 0.63394678 0.07824510 0.00041641
v 0.63962335 0.07686055 0.02451511
v 0.63180524 0.07166652 -0.00934203
v 0.62887622 0.07384514 -0.01752699
v 0.62732886 0.07372092 -0.00857383
v 0.64817462 0.06202909 -0.00359467
v 0.65010565 0.05936406 0.00552359
v 0.65208197 0.05687412 0.01264169
v 0.64955627 0.05740374 0.02588876
v 0.68086627 0.04533703 0.01426574
v 0.68383435 0.04437813 0.01835643
v 0.68962939 0.04343504 0.01672461
v 0.68221881 0.04448735 0.02488470
v 0.69033112 0.04301557 0.02529829
v 0.62496411 0.08239029 -0.04222624
v 0.62486786 0.08250677 -0.04365863
v 0.62426349 0.08202446 -0.03562828
v 0.70057153 0.05322372 0.03879977
v 0.70309662 0.05535812 0.03199032
v 0.69444000 0.05481037 0.03864731
v 0.67329565 0.06181216 0.03766516
v 0.67072278 0.06112368 0.04458045
v 0.66796802 0.06052889 0.05254071
v 0.63950385 0.07466215 0.05237966
v 0.63753436 0.07522095 0.06254798
v 0.63391217 0.07768787 0.05921194
v 0.62654431 0.07245252 0.02488242
v 0.62601862 0.07391766 0.04773921
v 0.62732886 0.07372099 0.05834321
v 0.64762915 0.06005675 0.04113692
v 0.65020105 0.05967870 0.04825912
v 0.65271985 0.05915526 0.05337473
v 0.68383435 0.04437813 0.03141294
v 0.68941827 0.04349840 0.03356174
v 0.68086627 0.04533704 0.03550365
v 0.62262683 0.08186095 0.09527362
v 0.62229907 0.08233717 0.09741010
v 0.67797540 0.04681832 0.04124673
v 0.62887622 0.07384514 0.06729634
v 0.63180524 0.07166652 0.05911141
v 0.62391577 0.08176851 0.02461668
v 0.62423456 0.08202752 0.04621668
v 0.62391443 0.08183544 0.05715150
v 0.62359674 0.08164977 0.06862222
v 0.62316998 0.08083012 0.05822796
v 0.62410370 0.08193365 0.08539894
v 0.64150293 0.07489037 0.04296167
v 0.64585242 0.07311404 0.04748495
v 0.70293896 0.05846996 0.02488470
v 0.70501068 0.05699045 0.02851189
v 0.70973932 0.05782809 0.02487948
v 0.71069537 0.05603216 0.02941852
v 0.62135565 0.07911504 -0.04815066
v 0.62232776 0.07986395 -0.04582830
v 0.62276617 0.07957942 -0.04517175
v 0.62317505 0.07932062 -0.04462118
v 0.62449823 0.08287144 -0.04483537
v 0.62510181 0.08383331 -0.04649982
v 0.67797540 0.04681832 0.00852265
v 0.62427948 0.07650065 -0.00367268
v 0.62601477 0.07398095 0.00202993
v 0.62424072 0.08202836 -0.01884919
v 0.62391943 0.08184491 -0.00845202
v 0.62359399 0.08165227 0.00248092
v 0.64146875 0.07428639 -0.01278014
v 0.64581854 0.07211904 -0.00632705
v 0.71069537 0.05603222 0.02035084
v 0.70501074 0.05699045 0.02125749
v 0.71627472 0.05619435 0.02124093
v 0.71703461 0.05746101 0.02485234
v 0.68885559 0.05731449 0.01460325
v 0.68736212 0.05952149 0.02488470
v 0.65101166 0.06836227 -0.00806468
v 0.63075659 0.07949456 0.00531257
v 0.62332751 0.07818075 0.02477755
v 0.62351129 0.07831819 0.00204550
v 0.63568237 0.07007968 -0.01091180
v 0.69828168 0.04175022 0.01628860
v 0.69666711 0.04209713 0.01620760
v 0.69455786 0.04240688 0.01835647
v 0.69652466 0.04176713 0.02376958
v 0.71625696 0.05617590 0.02849988
v 0.68885559 0.05731449 0.03516614
v 0.65113672 0.07179520 0.04296684
v 0.63075220 0.07947892 0.06579671
v 0.62317938 0.07912603 0.04729838
v 0.63568237 0.07007968 0.06068116
v 0.69371503 0.04265417 0.03348072
v 0.69568274 0.04201195 0.02910186
v 0.69814038 0.04141931 0.02695280
v 0.62496521 0.08239436 0.09199561
v 0.66589935 0.14665746 0.06488801
v 0.66546136 0.14708876 0.06601290
v 0.66733521 0.14292397 0.06290890
v 0.66735913 0.14212155 0.06338029
v 0.66757623 0.14385376 0.06166464
v 0.66695990 0.14501459 0.06271227
v 0.66660443 0.14633357 0.06299089
v 0.27584497 -0.35433749 -0.05238284
v 0.27409680 -0.35337048 -0.05716399
v 0.27356808 -0.34474594 -0.04660534
v 0.27035739 -0.34088870 -0.05076466
v 0.27235190 -0.35240170 -0.06026646
v 0.27353482 -0.34427576 -0.06617626
v 0.26918533 -0.34231863 -0.05648945
v 0.26887656 -0.33011996 -0.06405621
v 0.63431323 0.08781731 0.09573646
v 0.63169165 0.08627361 0.09618484
v 0.62643030 0.08834049 0.10277474
v 0.62743951 0.08573270 0.09862997
v 0.62439081 0.08568811 0.10079749
v 0.62538531 0.08513251 0.09875960
v 0.61879114 0.08490633 0.10670116
v 0.61530347 0.08086436 0.10752883
v 0.61822888 0.08075611 0.10490606
v 0.62033972 0.08241486 0.10269813
v 0.61228943 0.07711284 0.10633814
v 0.61797876 0.07902234 0.10319801
v 0.62165247 0.08319135 0.10064720
v 0.62206018 0.08450973 0.10218303
v 0.26886340 -0.33014551 0.09881809
v 0.26527866 -0.28980936 0.09972746
v 0.26706702 -0.28117883 0.09714621
v 0.27023459 -0.29909308 0.09573677
v 0.27338580 -0.31790399 0.09425113
v 0.27352826 -0.34428125 0.09549525
v 0.27592831 -0.30998843 0.09217020
v 0.29197519 -0.31489694 0.08025793
v 0.29485681 -0.29637390 0.08119022
v 0.28440790 -0.29935623 0.08094236
v 0.28263928 -0.24782298 0.08021350
v 0.29811124 -0.27934500 0.08193850
v 0.30637842 -0.29516946 0.08468234
v 0.29460263 -0.24753220 0.08098035
v 0.26918683 -0.34232443 0.10523639
v 0.26650006 -0.31586981 0.10963519
v 0.26515530 -0.29848935 0.10707515
v 0.27036935 -0.34089166 0.11114748
v 0.26673517 -0.30766724 0.11499172
v 0.26371222 -0.28107153 0.10466590
v -0.25675232 -0.35232449 0.10539417
v -0.25858667 -0.35390775 0.11451966
v -0.25727701 -0.36793350 0.11917815
v -0.25420654 -0.37155481 0.11742520
v -0.26407910 -0.34981396 0.12114800
v -0.26167905 -0.37106738 0.12442738
v -0.30664484 -0.37826035 0.12025620
v -0.30225412 -0.38234637 0.12449702
v -0.31047223 -0.38159845 0.11711312
v -0.29598471 -0.38565558 0.12912334
v -0.28870413 -0.38092453 0.12972464
v -0.25919946 -0.37604425 0.08774236
v -0.25392989 -0.37656583 0.09567170
v -0.27230914 -0.36263586 0.08349338
v -0.25674268 -0.37217639 0.09748379
v -0.28769870 -0.38148868 0.07838333
v -0.28217340 -0.38601700 0.07680215
v -0.27298505 -0.38068848 0.07806468
v -0.26734583 -0.26794809 0.09664112
v -0.26520285 -0.29680862 0.09899185
v -0.26490088 -0.31316284 0.09681243
v -0.26366895 -0.27541040 0.10677241
v -0.26006219 -0.31485385 0.10677280
v -0.17614598 -0.15047552 0.15934212
v -0.19658528 -0.17222935 0.15131776
v -0.20639340 -0.18496620 0.14220822
v -0.21608629 -0.19751701 0.13419449
v -0.23653841 -0.21748659 0.13008960
v -0.10636267 -0.03782098 0.17967493
v -0.11316099 -0.05185215 0.17266182
v 0.62743634 0.08572124 -0.04886068
v 0.63168396 0.08624583 -0.04641554
v 0.62673907 0.08784052 -0.05256114
v 0.63322113 0.08811392 -0.04715973
v 0.62138263 0.08417467 -0.05345141
v 0.62305658 0.08572276 -0.05339272
v 0.62438989 0.08568475 -0.05102811
v 0.62054205 0.08617052 -0.05671528
v 0.62365027 0.08731177 -0.05531535
v 0.61938312 0.08027380 -0.05129490
v 0.61875885 0.08062811 -0.05324081
v 0.61826776 0.07890157 -0.05246789
v 0.61307758 0.07771094 -0.05748483
v 0.61892706 0.08187367 -0.05503020
v 0.61692920 0.08225693 -0.05765823
v 0.27464697 -0.29214893 -0.04320187
v 0.27064673 -0.28281335 -0.04606984
v 0.27043570 -0.30082663 -0.04631248
v 0.27003119 -0.31777637 -0.04641662
v 0.26671976 -0.30758212 -0.04967654
v 0.29001871 -0.24668719 -0.03274955
v 0.29053891 -0.28181927 -0.03173843
v 0.29582791 -0.29904935 -0.03179763
v 0.28054749 -0.25396991 -0.03312921
v 0.28478479 -0.30013022 -0.03140976
v 0.30053244 -0.31471298 -0.03181188
v 0.30678683 -0.29600983 -0.03528676
v 0.26372150 -0.28072229 -0.06154345
v 0.26515671 -0.29833188 -0.05816929
v 0.26529575 -0.28957016 -0.06603408
v 0.26649496 -0.31581274 -0.05438398
v -0.26325287 -0.35720435 -0.07515154
v -0.25851147 -0.35331122 -0.06822861
v -0.25355365 -0.36700586 -0.06792063
v -0.25326830 -0.37143079 -0.07278851
v -0.25722388 -0.34817215 -0.05995720
v -0.25202260 -0.36872717 -0.06212477
v -0.29598471 -0.38565552 -0.08411779
v -0.28870413 -0.38092453 -0.08450169
v -0.30225415 -0.38234631 -0.07934200
v -0.31047223 -0.38159845 -0.07192269
v -0.30664484 -0.37826035 -0.07489973
v -0.25674268 -0.37217639 -0.05178973
v -0.25392989 -0.37656577 -0.05022585
v -0.27191632 -0.36004022 -0.03754144
v -0.25919946 -0.37604428 -0.04226832
v -0.27298505 -0.38068845 -0.03283022
v -0.28217340 -0.38601700 -0.03181221
v -0.28769870 -0.38148874 -0.03318764
v -0.26363605 -0.27024023 -0.05626527
v -0.26847360 -0.26830295 -0.04539825
v -0.26969662 -0.29821017 -0.04335085
v -0.26515048 -0.31639532 -0.04847469
v -0.27287396 -0.31537189 -0.03962238
v -0.23639925 -0.21735992 -0.08009917
v -0.21829381 -0.19528134 -0.09050973
v -0.20574236 -0.18453250 -0.09099242
v -0.19341403 -0.17385864 -0.09105380
v -0.17407919 -0.15101141 -0.09836681
v -0.11863221 -0.03603828 -0.10485985
v -0.12226437 -0.04404106 -0.11165140
v -0.26617596 -0.26765894 -0.06580240
v -0.26115253 -0.24762686 -0.07233698
v -0.25473415 -0.24126537 -0.07169800
v -0.24828918 -0.23494318 -0.07103728
v -0.25234595 -0.24307791 -0.06172894
v -0.29020392 -0.35908255 -0.03431141
v -0.27995038 -0.33333774 -0.03825547
v -0.30920654 -0.39038101 -0.05246432
v -0.31206384 -0.38461862 -0.05998482
v -0.30992529 -0.38515073 -0.04078799
v -0.27838138 -0.38095441 -0.08493400
v -0.27601315 -0.37582095 -0.08124443
v -0.25987970 -0.24933481 -0.05196346
v 0.31394687 -0.30226721 -0.07662213
v 0.31055612 -0.31171304 -0.08023453
v 0.28205524 -0.31879242 -0.03385165
v 0.27963129 -0.30113400 -0.03669196
v 0.27683771 -0.28287509 -0.03958642
v 0.27518808 -0.24692728 -0.03807212
v -0.31059277 -0.37950101 -0.03579879
v -0.30505664 -0.38142270 -0.03355169
v 0.60421130 0.07907996 -0.05589179
v 0.60043445 0.07475439 -0.05249812
v 0.59340125 0.07335868 -0.05035381
v 0.60389227 0.07283308 -0.05126592
v 0.60834760 0.07197970 -0.04557673
v 0.60948981 0.07352579 -0.05011826
v 0.61610229 0.07654141 -0.05234016
v 0.61765662 0.08930187 -0.05611747
v 0.62173517 0.09230386 -0.05441762
v 0.62486865 0.09128542 -0.05453231
v 0.63322076 0.09092192 -0.04821738
v 0.63666223 0.09211548 -0.04503793
v 0.62911322 0.09165642 -0.05206927
v 0.63947693 0.09274461 -0.04206999
v 0.67714099 0.15370547 0.00307901
v 0.67665656 0.15123642 0.00322945
v -0.25102347 -0.23321782 0.12741838
v -0.25470149 -0.24138414 0.12149062
v -0.25838977 -0.24946954 0.11560773
v -0.25486937 -0.24670590 0.11020052
v -0.26600049 -0.26832034 0.11517651
v -0.27159503 -0.32357382 0.08993288
v -0.27995038 -0.33333774 0.08764439
v -0.29020392 -0.35908255 0.08090895
v -0.30992529 -0.38515073 0.08581561
v -0.30920657 -0.39038104 0.09727640
v -0.31206387 -0.38461862 0.10503597
v -0.27838138 -0.38095441 0.13015552
v -0.27601315 -0.37582098 0.12673067
v -0.25987970 -0.24933481 0.10173280
v 0.31055728 -0.31180673 0.12988371
v 0.31375308 -0.29469577 0.12642586
v 0.27571964 -0.24799921 0.08507492
v 0.27912582 -0.28230643 0.08438573
v 0.27910818 -0.30036609 0.08640143
v 0.27923477 -0.31888773 0.08812318
v -0.31059274 -0.37950101 0.08109206
v -0.30505664 -0.38142270 0.07875060
v 0.60389227 0.07283308 0.10103531
v 0.60043445 0.07475439 0.10226751
v 0.59340125 0.07335867 0.10012320
v 0.60477026 0.07833438 0.10601908
v 0.60948981 0.07352579 0.09988765
v 0.61610229 0.07654141 0.10210957
v 0.60834760 0.07197970 0.09534612
v 0.62875537 0.09295655 0.10124290
v 0.62358038 0.09326949 0.10297002
v 0.62054047 0.09120698 0.10426006
v 0.63401544 0.09301948 0.09702908
v 0.63547699 0.09103038 0.09522995
v 0.63754431 0.08963518 0.09321815
v 0.67713843 0.14762643 0.04478817
v 0.67610217 0.14960416 0.04681072
v 0.67426843 0.15231468 0.04946543
v 0.61965283 0.08921138 0.10557187
v 0.62209814 0.08706101 0.10537891
v 0.61569788 0.08888527 0.10584557
v 0.61907117 0.07829540 0.10139044
v 0.60861145 0.07041756 0.09132400
v 0.58509283 0.07093784 0.10091462
v 0.58101837 0.06605277 0.09923866
v 0.27709293 -0.20169537 0.07719273
v 0.27366400 -0.21647038 0.08194979
v 0.31236905 -0.31019962 0.09072434
v 0.31395261 -0.29351849 0.09515697
v 0.31574921 -0.27768079 0.09935939
v 0.31931345 -0.29327710 0.10693240
v 0.27526013 -0.30129922 0.12243193
v 0.27065610 -0.28313354 0.12028699
v 0.27044577 -0.30096423 0.11895744
v 0.27004266 -0.31782468 0.11757401
v 0.27357755 -0.34474539 0.11503172
v -0.27198447 -0.37071902 0.12495248
v -0.27669373 -0.35664545 0.12321207
v -0.31309326 -0.37935034 0.10881378
v -0.26388116 -0.38053299 0.08195908
v -0.27221323 -0.33260669 0.12384765
v -0.26716010 -0.31466135 0.12259438
v -0.16115747 -0.12939215 0.16807048
v -0.15258044 -0.11908386 0.16624159
v -0.14352509 -0.10776069 0.16378970
v -0.12982718 -0.08303744 0.16970668
v 0.67704199 0.14902306 0.00384718
v 0.62583978 0.09022594 -0.05462624
v 0.61907123 0.07829535 -0.05162107
v 0.60861145 0.07041756 -0.04155460
v 0.58101837 0.06605276 -0.04946931
v 0.58509283 0.07093784 -0.05114523
v 0.27390448 -0.21359341 -0.03596412
v 0.27754950 -0.20568456 -0.03286256
v 0.31155646 -0.27869366 -0.04217956
v 0.31458585 -0.29480026 -0.04566900
v 0.31721106 -0.31001428 -0.04917258
v 0.31940829 -0.29313428 -0.05753474
v 0.26708746 -0.28081302 -0.06909599
v 0.27024902 -0.29893341 -0.06957022
v 0.27339380 -0.31785318 -0.06980157
v 0.27592664 -0.30990271 -0.07253589
v -0.26075845 -0.37309921 -0.07970163
v -0.27198447 -0.37071902 -0.07917039
v -0.27669376 -0.35664542 -0.07641553
v -0.31309323 -0.37935031 -0.06351293
v -0.26388116 -0.38053299 -0.03671702
v -0.26588727 -0.32286581 -0.07328033
v -0.27221323 -0.33260669 -0.07435149
v -0.15781944 -0.13159177 -0.09826073
v -0.15232436 -0.11979927 -0.10261320
v -0.14707236 -0.10671909 -0.10804288
v -0.13530463 -0.08135792 -0.10968517
v -0.12715228 -0.05521402 -0.11594534
v -0.26073123 -0.33060535 -0.06979478
v -0.26243442 -0.31318472 -0.06685939
v -0.26371460 -0.29694516 -0.06299335
v -0.26029813 -0.31503714 -0.05775211
v -0.26158090 -0.35437872 -0.04973673
v -0.26086566 -0.33230548 -0.05242094
v -0.29521512 -0.37697745 -0.03335914
v -0.25684229 -0.36760831 -0.05381627
v -0.25341312 -0.37605334 -0.07724210
v 0.27921164 -0.31884567 -0.07592185
v 0.31683719 -0.30924237 -0.07056215
v 0.31748254 -0.29295508 -0.06790878
v 0.31817926 -0.27698462 -0.06512035
v 0.28530988 -0.21369293 -0.03268918
v 0.28901608 -0.19779462 -0.03343168
v 0.29402057 -0.18191542 -0.03440017
v 0.57966113 0.06128097 -0.04835295
v 0.57310492 0.05767778 -0.04898133
v 0.60745691 0.08392518 -0.05630674
v 0.61238202 0.08500894 -0.05690493
v 0.61552448 0.08535254 -0.05744064
v 0.62538373 0.08512674 -0.04899021
v 0.56609143 0.05227718 -0.04520932
v -0.11756783 -0.06284170 0.16702393
v -0.26577228 -0.29774670 0.11764162
v -0.26174152 -0.31568472 0.11504933
v -0.25827710 -0.33187683 0.11292225
v -0.26283340 -0.35395706 0.09458121
v -0.26470593 -0.33098895 0.09519706
v -0.29521512 -0.37697751 0.07878297
v -0.25684229 -0.36760831 0.09979607
v -0.25127473 -0.37075815 0.10853787
v -0.25054449 -0.37520154 0.11619079
v 0.27921146 -0.31889169 0.12562202
v 0.31601172 -0.27842300 0.12091938
v 0.31775842 -0.29409195 0.11726562
v 0.31927322 -0.30935443 0.11350386
v 0.29601376 -0.21741661 0.07889671
v 0.29089621 -0.20256731 0.07691341
v 0.28452158 -0.18742508 0.07509381
v 0.57966113 0.06128098 0.09812233
v 0.57310492 0.05767779 0.09875069
v 0.60977325 0.08679071 0.10565739
v 0.60886011 0.08346080 0.10655074
v 0.60970142 0.08092336 0.10750687
v 0.62305658 0.08572276 0.10316210
v 0.56609137 0.05227718 0.09497868
v 0.27235272 -0.35240201 0.10051074
v 0.27410483 -0.35336771 0.10356938
v 0.27585211 -0.35433450 0.10830592
# 9668 vertices

vt 0.49117798 0.42681003
vt 0.47765499 0.41753799
vt 0.48098803 0.48600799
vt 0.49987698 0.45686197
vt 0.48979902 0.40375400
vt 0.47827101 0.32787597
vt 0.50735199 0.44415200
vt 0.16399300 0.45149899
vt 0.17450601 0.49993598
vt 0.27669197 0.49662101
vt 0.17886800 0.41606599
vt 0.13411599 0.45128399
vt 0.13094300 0.50737596
vt 0.13202298 0.38689601
vt 0.05646098 0.47482198
vt 0.05660301 0.46077102
vt 0.05617899 0.47166097
vt 0.05709100 0.48624998
vt 0.05755198 0.47829503
vt 0.05605602 0.44824398
vt 0.05909699 0.50624800
vt 0.04560000 0.48338801
vt 0.04202503 0.48452300
vt 0.04093802 0.50475502
vt 0.04677600 0.49204898
vt 0.04851401 0.47271198
vt 0.04357499 0.46314698
vt 0.05149901 0.47907799
vt 0.04819000 0.49809498
vt 0.04620099 0.50914896
vt 0.05090398 0.49252403
vt 0.05045903 0.50844693
vt 0.98312199 0.48331398
vt 0.98343301 0.48557401
vt 0.98434699 0.48689502
vt 0.98356998 0.48358202
vt 0.98243999 0.48155999
vt 0.98234701 0.48380297
vt 0.98293000 0.48109400
vt 0.98403400 0.48383701
vt 0.98464102 0.48549002
vt 0.98415101 0.48324901
vt 0.98512000 0.48521799
vt 0.98585898 0.49706203
vt 0.98525202 0.49629498
vt 0.98484403 0.49121201
vt 0.98611897 0.49589503
vt 0.98626202 0.49970901
vt 0.98550099 0.50035298
vt 0.98713702 0.49984401
vt 0.98647201 0.49530399
vt 0.98609102 0.49273598
vt 0.98716801 0.49706101
vt 0.98716700 0.49416298
vt 0.98808599 0.49097699
vt 0.98768502 0.48958999
vt 0.98829699 0.49147499
vt 0.98860198 0.49259597
vt 0.98787802 0.49126399
vt 0.98663199 0.48745197
vt 0.98870301 0.49433500
vt 0.98843801 0.49391699
vt 0.98870498 0.49353701
vt 0.98810601 0.49300599
vt 0.98849303 0.49537098
vt 0.98894000 0.49570298
vt 0.98780900 0.49543500
vt 0.98616397 0.48843700
vt 0.98695999 0.49062502
vt 0.98587501 0.48908299
vt 0.98551500 0.48569602
vt 0.98455799 0.48431498
vt 0.98558599 0.48975301
vt 0.98471099 0.48703802
vt 0.98379999 0.48390400
vt 0.98331398 0.48122102
vt 0.98339403 0.48424399
vt 0.98200601 0.47831303
vt 0.98185599 0.48697799
vt 0.98136300 0.48443401
vt 0.98176599 0.48491502
vt 0.98234200 0.48825097
vt 0.98192203 0.48694497
vt 0.98103499 0.48286599
vt 0.98287702 0.49046898
vt 0.98106200 0.47840399
vt 0.98183000 0.48150402
vt 0.98077899 0.47931302
vt 0.98082900 0.47564799
vt 0.97987401 0.47357202
vt 0.98178500 0.48562700
vt 0.98215699 0.48665500
vt 0.98109603 0.48253202
vt 0.98106802 0.48074698
vt 0.98272598 0.48829901
vt 0.98343301 0.49148202
vt 0.98266798 0.48685098
vt 0.98401898 0.49181497
vt 0.98287398 0.48522198
vt 0.98380601 0.48770601
vt 0.98372602 0.48304802
vt 0.98232901 0.48092198
vt 0.97918397 0.47228700
vt 0.97955799 0.47210801
vt 0.97806501 0.46495801
vt 0.97840899 0.46859002
vt 0.97971398 0.47568399
vt 0.97871798 0.47103697
vt 0.99242198 0.49377501
vt 0.99374199 0.50022697
vt 0.99526399 0.49818498
vt 0.99279898 0.49030101
vt 0.99008101 0.49080902
vt 0.99081200 0.50008500
vt 0.98859000 0.48093098
vt 0.99234498 0.48629898
vt 0.99317598 0.48726797
vt 0.99021298 0.47952199
vt 0.99087697 0.47635698
vt 0.99397898 0.48496503
vt 0.99555397 0.48878700
vt 0.99369699 0.47711402
vt 0.99665099 0.47799402
vt 0.99696100 0.49259102
vt 0.99673599 0.50018501
vt 0.99797797 0.48816800
vt 0.99865198 0.50003803
vt 0.01621598 0.49391299
vt 0.01321101 0.48839200
vt 0.00368899 0.50230598
vt 0.01389199 0.50290203
vt 0.02333200 0.49268001
vt 0.02443397 0.47783899
vt 0.02323997 0.50757396
vt 1.01127696 0.42980301
vt 1.00581002 0.42242497
vt 0.99844497 0.43587500
vt 1.00905299 0.44000101
vt 0.01901603 0.42804301
vt 0.01591498 0.40920901
vt 0.00581002 0.42242497
vt 0.01127702 0.42980301
vt 0.02146202 0.44561702
vt 0.00905299 0.44000101
vt 0.97648102 0.47020400
vt 0.97628701 0.47263902
vt 0.97553903 0.47186297
vt 0.97621101 0.46938199
vt 0.97704101 0.47088301
vt 0.97711903 0.47340500
vt 0.97694397 0.47045201
vt 0.97589099 0.46828699
vt 0.97546202 0.46748602
vt 0.97605503 0.46835899
vt 0.97524500 0.46621299
vt 0.98330998 0.48069000
vt 0.98281997 0.48240399
vt 0.98181200 0.47974199
vt 0.98296100 0.47979701
vt 0.98389101 0.48164499
vt 0.98350501 0.48470902
vt 0.98374897 0.48072398
vt 0.98260403 0.47894597
vt 0.98186201 0.47793102
vt 0.98274899 0.47905302
vt 0.98169100 0.47763902
vt 0.98481297 0.49564898
vt 0.98459101 0.49709898
vt 0.98486698 0.49510098
vt 0.98510498 0.49346602
vt 0.98465502 0.49491203
vt 0.98401397 0.49812502
vt 0.98500800 0.49178302
vt 0.97856897 0.47532701
vt 0.97835201 0.47672302
vt 0.97950000 0.47807199
vt 0.97928798 0.47556698
vt 0.97811300 0.47384202
vt 0.97710598 0.47481298
vt 0.97893000 0.47298598
vt 0.98012000 0.47605401
vt 0.98066998 0.47771102
vt 0.98046499 0.47548902
vt 0.97803497 0.47793603
vt 0.97731298 0.47766298
vt 0.97859699 0.47912800
vt 0.97734201 0.47992998
vt 0.97659999 0.47737300
vt 0.97609502 0.47589701
vt 0.97619599 0.47811598
vt 0.97510898 0.47634298
vt 0.97394103 0.47590798
vt 0.97485000 0.47706002
vt 0.97368801 0.47499400
vt 0.97320700 0.47572500
vt 0.97433698 0.47768700
vt 0.97219300 0.47359300
vt 0.97397697 0.47998601
vt 0.97362900 0.48118001
vt 0.97497600 0.48207700
vt 0.97475100 0.47991300
vt 0.97337502 0.47899401
vt 0.97249299 0.48046303
vt 0.97557497 0.47995102
vt 0.97622502 0.48104697
vt 0.97579002 0.47891700
vt 0.98298502 0.49578702
vt 0.98325801 0.49359101
vt 0.98228598 0.48917001
vt 0.98247397 0.49436498
vt 0.98311698 0.49860603
vt 0.98240697 0.49877399
vt 0.97871101 0.48552400
vt 0.97801101 0.48426902
vt 0.97661901 0.48517197
vt 0.97835898 0.48651701
vt 0.97972000 0.48596603
vt 0.97965401 0.48349202
vt 0.97983599 0.48825300
vt 0.97823298 0.48719299
vt 0.97763199 0.48688501
vt 0.97884297 0.48801798
vt 0.97825801 0.48828799
vt 0.97492999 0.48822898
vt 0.97396499 0.48811501
vt 0.97337002 0.48993701
vt 0.97493100 0.48904002
vt 0.97561198 0.48743498
vt 0.97455901 0.48659003
vt 0.97640598 0.48856598
vt 0.97200298 0.49815702
vt 0.97241801 0.50034595
vt 0.97404402 0.50043595
vt 0.97270399 0.49715197
vt 0.97103101 0.49698597
vt 0.97070497 0.50029004
vt 0.97149003 0.49383998
vt 0.97334403 0.49633300
vt 0.97424501 0.49759603
vt 0.97306502 0.49438399
vt 0.97446299 0.49489897
vt 0.97149903 0.49056703
vt 0.97069699 0.49110800
vt 0.97228402 0.49166000
vt 0.97184700 0.48921698
vt 0.97016400 0.48843801
vt 0.97031897 0.48370999
vt 0.97030997 0.48429298
vt 0.97246802 0.48420602
vt 0.97120100 0.48340398
vt 0.96964097 0.48302603
vt 0.96854103 0.48365998
vt 0.97053200 0.48241502
vt 0.97176498 0.48254800
vt 0.97252297 0.48233098
vt 0.97137803 0.48154497
vt 0.96654999 0.49820697
vt 0.96674001 0.49978900
vt 0.96784103 0.49999201
vt 0.96693701 0.49737900
vt 0.96622300 0.49750900
vt 0.96606302 0.49968898
vt 0.96643603 0.49526000
vt 0.96747202 0.49631399
vt 0.96823299 0.49705100
vt 0.96735400 0.49448699
vt 0.96875602 0.49396801
vt 0.96503997 0.49903899
vt 0.96505797 0.50001299
vt 0.96533698 0.49988699
vt 0.96516901 0.49845600
vt 0.96489501 0.49884099
vt 0.96479100 0.50019193
vt 0.96497601 0.49737400
vt 0.96531099 0.49756098
vt 0.96548301 0.49780202
vt 0.96526098 0.49655300
vt 0.96558398 0.49536902
vt 0.95421398 0.49890399
vt 0.95523101 0.50000894
vt 0.95863199 0.50027800
vt 0.95555997 0.49844098
vt 0.95212901 0.49863601
vt 0.95250899 0.50004196
vt 0.95258701 0.49672902
vt 0.95734900 0.49775398
vt 0.95954400 0.49825901
vt 0.95667303 0.49608201
vt 0.96041101 0.49551302
vt 0.33971697 0.47075099
vt 0.34054703 0.46644402
vt 0.33589500 0.47104299
vt 0.33745199 0.47198600
vt 0.34197998 0.46957803
vt 0.34489900 0.46291900
vt 0.33862603 0.47060901
vt 0.33470702 0.43270302
vt 0.33502299 0.43498498
vt 0.33197802 0.43434399
vt 0.33257300 0.43112302
vt 0.33528000 0.43067002
vt 0.33852398 0.43527001
vt 0.33223200 0.42670500
vt 0.34221399 0.41754103
vt 0.34394699 0.41730601
vt 0.34782499 0.42269999
vt 0.34259802 0.41979301
vt 0.33956701 0.41457301
vt 0.34071499 0.41222203
vt 0.33775300 0.41687399
vt 0.30437702 0.41452903
vt 0.30400002 0.41867101
vt 0.30341601 0.42229199
vt 0.30426401 0.41356200
vt 0.30565000 0.41245002
vt 0.30538702 0.41766900
vt 0.30657798 0.40770400
vt 0.30413198 0.41274798
vt 0.30395401 0.41464800
vt 0.30527002 0.40912902
vt 0.30529499 0.41052300
vt 0.33858800 0.41003001
vt 0.33957398 0.41170400
vt 0.33632302 0.40330899
vt 0.33598000 0.40396601
vt 0.33854997 0.41170001
vt 0.34263200 0.42369300
vt 0.33436799 0.40321201
vt 0.34432697 0.41665399
vt 0.34238398 0.41343600
vt 0.34576100 0.41900700
vt 0.34367502 0.41591799
vt 0.33197099 0.47945601
vt 0.33185798 0.47916001
vt 0.32856297 0.48348898
vt 0.33002698 0.48213500
vt 0.33308601 0.47748703
vt 0.33086699 0.48041499
vt 0.34492999 0.42254001
vt 0.34578800 0.42199898
vt 0.34334898 0.41882402
vt 0.34532601 0.42855901
vt 0.34741998 0.42975700
vt 0.34139502 0.41359299
vt 0.34069502 0.40990299
vt 0.34023201 0.41234899
vt 0.33748400 0.40344000
vt 0.30511498 0.42947102
vt 0.30637002 0.42733902
vt 0.30781198 0.42627299
vt 0.30453098 0.42954499
vt 0.30402499 0.42985898
vt 0.30537802 0.42729998
vt 0.30200702 0.43298298
vt 0.30399901 0.42981702
vt 0.30549002 0.42903298
vt 0.30239397 0.43213803
vt 0.30357999 0.43215102
vt 0.30571598 0.44542700
vt 0.30547899 0.44173199
vt 0.31028801 0.44175601
vt 0.30786002 0.44712597
vt 0.30429000 0.44726199
vt 0.30265599 0.44276297
vt 0.30718100 0.45160401
vt 0.31739801 0.48192000
vt 0.31919301 0.48434699
vt 0.31880301 0.48270798
vt 0.31593502 0.48038000
vt 0.31772703 0.48016298
vt 0.32098502 0.48406601
vt 0.31519997 0.47497201
vt 0.31454903 0.47903198
vt 0.31626999 0.47926599
vt 0.31352001 0.47563100
vt 0.31410497 0.47484303
vt 0.31681103 0.46692598
vt 0.31791002 0.46353197
vt 0.32173097 0.46277601
vt 0.31793702 0.46865702
vt 0.31486702 0.46929097
vt 0.31521398 0.46429098
vt 0.31465203 0.46306401
vt 0.31610399 0.46332902
vt 0.31642002 0.45693803
vt 0.31566101 0.46178001
vt 0.31385201 0.46530598
vt 0.31536400 0.46634197
vt 0.31838298 0.46165800
vt 0.31720299 0.46131200
vt 0.32017797 0.46065700
vt 0.31817901 0.45880598
vt 0.32879502 0.45674002
vt 0.32731497 0.45791298
vt 0.32560301 0.45742601
vt 0.32832098 0.45590299
vt 0.33018702 0.45659697
vt 0.32891297 0.45897198
vt 0.33114898 0.45439601
vt 0.33939302 0.45861101
vt 0.34221900 0.45886600
vt 0.34426302 0.46560103
vt 0.33934200 0.46197402
vt 0.33677000 0.45540601
vt 0.33853501 0.45086098
vt 0.33440298 0.45890701
vt 0.32308602 0.39408398
vt 0.32556301 0.39434499
vt 0.32706797 0.39281100
vt 0.32271302 0.39348799
vt 0.32137197 0.39568901
vt 0.32452703 0.39660299
vt 0.32019198 0.39543599
vt 0.32226902 0.39287698
vt 0.32391697 0.39213598
vt 0.32032698 0.39416301
vt 0.32165498 0.39329100
vt 0.30522400 0.41352999
vt 0.30662298 0.41809601
vt 0.30660999 0.41014898
vt 0.31091797 0.41251099
vt 0.30943400 0.42962497
vt 0.30909699 0.43868703
vt 0.31408399 0.43272799
vt 0.30187398 0.44253200
vt 0.30206501 0.44580001
vt 0.30480802 0.45014399
vt 0.30251002 0.44058198
vt 0.30116999 0.43840700
vt 0.30112302 0.44147199
vt 0.31797498 0.40484297
vt 0.32087499 0.40610802
vt 0.32011497 0.40586901
vt 0.31619298 0.40437102
vt 0.31738502 0.40533900
vt 0.32206500 0.40671998
vt 0.31203002 0.40396100
vt 0.32941097 0.40778100
vt 0.32933599 0.40497500
vt 0.33268398 0.40873700
vt 0.33099800 0.41078001
vt 0.32757503 0.40727103
vt 0.32575703 0.40176803
vt 0.32904798 0.41163301
vt 0.32326502 0.40770298
vt 0.32478601 0.40908998
vt 0.32380098 0.40840298
vt 0.32707298 0.41139901
vt 0.32629198 0.41032499
vt 0.32585102 0.40924400
vt 0.32837200 0.41220099
vt 0.32863498 0.45157301
vt 0.33106101 0.45112699
vt 0.32777703 0.45342797
vt 0.32712001 0.45000100
vt 0.32993901 0.44709098
vt 0.32342601 0.45236099
vt 0.30781698 0.43441802
vt 0.31064898 0.43647599
vt 0.30631602 0.43606001
vt 0.30714500 0.43157703
vt 0.31155801 0.43227899
vt 0.30477297 0.43806702
vt 0.30276000 0.43733400
vt 0.32990700 0.47609502
vt 0.32977998 0.47845900
vt 0.32631803 0.48113602
vt 0.32812297 0.47601599
vt 0.33198297 0.47367799
vt 0.33303797 0.47579002
vt 0.33042699 0.46993798
vt 0.33362502 0.46528602
vt 0.33387399 0.46821702
vt 0.33234698 0.46389502
vt 0.33564800 0.46379298
vt 0.33661503 0.46720803
vt 0.33421499 0.43642497
vt 0.33509898 0.43773001
vt 0.33146501 0.43873501
vt 0.33207202 0.43661702
vt 0.33101898 0.41805297
vt 0.33005100 0.41847599
vt 0.32533097 0.41390097
vt 0.32984698 0.41625202
vt 0.33389199 0.42018002
vt 0.33392501 0.42245698
vt 0.33391702 0.41829997
vt 0.32896799 0.41460001
vt 0.32640302 0.41225702
vt 0.33032399 0.41488898
vt 0.33474201 0.39923000
vt 0.33622700 0.40191799
vt 0.33519900 0.40264398
vt 0.33342803 0.39802200
vt 0.33471602 0.39876401
vt 0.33216101 0.39583999
vt 0.32990003 0.43546700
vt 0.32835603 0.43524498
vt 0.32889098 0.43333203
vt 0.32489598 0.43109202
vt 0.32654899 0.43520802
vt 0.32724100 0.43737203
vt 0.32404298 0.43351299
vt 0.32267302 0.43578702
vt 0.33691001 0.41015601
vt 0.33362299 0.40446502
vt 0.33215898 0.40651703
vt 0.33757198 0.41341698
vt 0.33939803 0.42596102
vt 0.33955997 0.43133301
vt 0.33969200 0.42164499
vt 0.33745402 0.42498899
vt 0.33502901 0.43282503
vt 0.33771002 0.42062098
vt 0.14824098 0.45603400
vt 0.14776200 0.45050102
vt 0.14747798 0.43916601
vt 0.14848697 0.45235997
vt 0.14802998 0.46395802
vt 0.14738899 0.46036202
vt 0.14843398 0.46626502
vt 0.14879900 0.44800103
vt 0.14839602 0.43953198
vt 0.14884901 0.45046002
vt 0.14866102 0.43792897
vt 0.13762802 0.47342098
vt 0.13730502 0.47058702
vt 0.14105397 0.46806902
vt 0.13898700 0.47408599
vt 0.13558102 0.47545397
vt 0.13435000 0.47195798
vt 0.13608599 0.47838300
vt 0.14058298 0.47522300
vt 0.14268899 0.47243798
vt 0.13938999 0.47842199
vt 0.14362901 0.47666699
vt 0.13978201 0.41894400
vt 0.13988698 0.41947299
vt 0.13597000 0.41639000
vt 0.13717699 0.41688699
vt 0.14150298 0.42060000
vt 0.14409000 0.42396700
vt 0.13806701 0.41751701
vt 0.12207597 0.45565701
vt 0.12317199 0.45747298
vt 0.12567198 0.45823097
vt 0.12224603 0.45504701
vt 0.12085402 0.45482200
vt 0.12148398 0.45750600
vt 0.11963701 0.45223099
vt 0.12241101 0.45459700
vt 0.12529403 0.45659101
vt 0.12109703 0.45260900
vt 0.12358397 0.45311201
vt 0.13100499 0.42004299
vt 0.13069201 0.41882402
vt 0.13394302 0.41793001
vt 0.13258100 0.41997302
vt 0.12973797 0.42163199
vt 0.12824601 0.42050803
vt 0.13152897 0.42264599
vt 0.12799400 0.42444801
vt 0.12785703 0.42167097
vt 0.12598902 0.42149597
vt 0.12724501 0.42565298
vt 0.12917203 0.42514700
vt 0.12938601 0.42168498
vt 0.12969899 0.42938602
vt 0.12647903 0.42697901
vt 0.12543201 0.42565399
vt 0.12706798 0.42970997
vt 0.12560302 0.42946899
vt 0.14651400 0.45242101
vt 0.14556301 0.44910598
vt 0.14519203 0.43726099
vt 0.14684802 0.44923502
vt 0.14652002 0.45998299
vt 0.14524299 0.45885199
vt 0.14717400 0.44555598
vt 0.14653999 0.43831599
vt 0.13205397 0.48990202
vt 0.13049001 0.48913097
vt 0.13315201 0.48537302
vt 0.13430601 0.48819703
vt 0.13225698 0.49139398
vt 0.12854201 0.49262100
vt 0.13534200 0.48965597
vt 0.12395102 0.46779197
vt 0.12511498 0.46817899
vt 0.12471300 0.47112000
vt 0.12299103 0.46908700
vt 0.12331700 0.46594697
vt 0.12524098 0.46459299
vt 0.12142599 0.46692699
vt 0.11841398 0.46487200
vt 0.11851197 0.46568501
vt 0.11887503 0.46956199
vt 0.11854303 0.46643001
vt 0.11873698 0.46268702
vt 0.11879802 0.46204400
vt 0.11932802 0.46394300
vt 0.11866099 0.46827197
vt 0.11884302 0.47076499
vt 0.11917800 0.46816403
vt 0.11976200 0.47201002
vt 0.12924701 0.47172397
vt 0.12862301 0.46983802
vt 0.12897700 0.46548700
vt 0.13017499 0.47159702
vt 0.12902898 0.47463101
vt 0.12787497 0.47293901
vt 0.13077998 0.47712600
vt 0.13299501 0.48092699
vt 0.13328201 0.47855401
vt 0.13467503 0.48184001
vt 0.13154399 0.48148501
vt 0.12832499 0.47702098
vt 0.12881500 0.47933698
vt 0.12666303 0.48132700
vt 0.12732100 0.47668600
vt 0.12657601 0.46188098
vt 0.12526798 0.46059102
vt 0.12540698 0.45640600
vt 0.12703800 0.46000999
vt 0.12709898 0.46468598
vt 0.12757099 0.43572003
vt 0.12737602 0.43766499
vt 0.12570202 0.43853003
vt 0.12687403 0.43562800
vt 0.12836099 0.43444800
vt 0.12861401 0.43571597
vt 0.12787598 0.43324602
vt 0.13097697 0.42985100
vt 0.13106501 0.42962998
vt 0.12942803 0.43216699
vt 0.13167399 0.42720097
vt 0.13464200 0.42406100
vt 0.12933201 0.42949498
vt 0.13067102 0.46032798
vt 0.13277501 0.46290302
vt 0.14254898 0.46833301
vt 0.13198298 0.45941103
vt 0.12791198 0.41659498
vt 0.12735498 0.41744000
vt 0.12540799 0.42034698
vt 0.12719202 0.41756397
vt 0.12968200 0.41536897
vt 0.12979501 0.41564602
vt 0.12989199 0.41592002
vt 0.12661701 0.41852301
vt 0.12542498 0.42038500
vt 0.12751400 0.41840303
vt 0.12472498 0.44806403
vt 0.12616599 0.44865102
vt 0.12676501 0.45106399
vt 0.12452698 0.44911498
vt 0.12344098 0.44620001
vt 0.12510598 0.44572699
vt 0.12153798 0.44663399
vt 0.12457800 0.45039397
vt 0.12580299 0.45216602
vt 0.12298697 0.44991601
vt 0.12424701 0.45314699
vt 0.11969203 0.44044799
vt 0.12013900 0.43911201
vt 0.11889303 0.44152999
vt 0.11884201 0.44239497
vt 0.12047100 0.44061500
vt 0.12229002 0.43734401
vt 0.11943799 0.44413298
vt 0.13345897 0.41650599
vt 0.13167799 0.41687101
vt 0.13299501 0.41835999
vt 0.13529199 0.41691297
vt 0.13386601 0.41615498
vt 0.13846898 0.42082101
vt 0.13887298 0.42025501
vt 0.14062601 0.42238599
vt 0.13573301 0.41990697
vt 0.13716298 0.42164999
vt 0.14528799 0.43373102
vt 0.14374101 0.43094301
vt 0.14154601 0.42689902
vt 0.14508498 0.43212199
vt 0.12154299 0.46950400
vt 0.12168902 0.47056901
vt 0.12007999 0.46825802
vt 0.12192798 0.47193801
vt 0.12357098 0.47294599
vt 0.12085801 0.47258502
vt 0.12276697 0.47468698
vt 0.12524003 0.47560900
vt 0.12466198 0.47726798
vt 0.12360501 0.47953397
vt 0.12528503 0.47568798
vt 0.12620801 0.47390199
vt 0.12572998 0.47552699
vt 0.12701398 0.47191697
vt 0.12560499 0.47525299
vt 0.12499797 0.47657597
vt 0.12643999 0.47338498
vt 0.12587601 0.47434998
vt 0.12613499 0.48733699
vt 0.12518799 0.48461902
vt 0.12746602 0.48730099
vt 0.12585902 0.48973602
vt 0.12419498 0.48672402
vt 0.13460702 0.49484801
vt 0.13752300 0.49316698
vt 0.13818002 0.49358797
vt 0.13356298 0.49589700
vt 0.13269901 0.49471700
vt 0.13626099 0.49221498
vt 0.12945300 0.49619001
vt 0.14612699 0.47831500
vt 0.14611399 0.47676700
vt 0.14685899 0.47562999
vt 0.14455599 0.48329401
vt 0.14290899 0.48450798
vt 0.14373201 0.48305702
vt 0.12666202 0.47732401
vt 0.12684202 0.47577202
vt 0.12499201 0.47525603
vt 0.12538898 0.47723401
vt 0.12676901 0.47824800
vt 0.12946397 0.47787601
vt 0.12494200 0.47806001
vt 0.12419099 0.47729802
vt 0.12343699 0.47654301
vt 0.12352699 0.47747701
vt 0.12188202 0.47641098
vt 0.12050903 0.45805001
vt 0.12019902 0.45861298
vt 0.11994499 0.45941800
vt 0.12117702 0.45621097
vt 0.12142402 0.45528799
vt 0.11953902 0.46069998
vt 0.12030500 0.46051502
vt 0.14428902 0.42688000
vt 0.14617401 0.43135601
vt 0.14572400 0.42605799
vt 0.14311701 0.42217600
vt 0.14210200 0.42756701
vt 0.14467901 0.43896502
vt 0.13943398 0.41969299
vt 0.13489300 0.43445802
vt 0.13055700 0.43280602
vt 0.13005602 0.43470103
vt 0.13617301 0.43629199
vt 0.13679999 0.43291599
vt 0.13040602 0.42339802
vt 0.13087600 0.42032099
vt 0.13147998 0.42326301
vt 0.13381702 0.42162299
vt 0.13507998 0.42438298
vt 0.13588798 0.41816902
vt 0.13808000 0.42848301
vt 0.12773901 0.43123299
vt 0.12786001 0.43272501
vt 0.12762201 0.43227398
vt 0.12729698 0.43024200
vt 0.12762201 0.43063998
vt 0.12693697 0.42750299
vt 0.13023502 0.46699202
vt 0.13148499 0.46760499
vt 0.13154203 0.46917301
vt 0.12840003 0.46368998
vt 0.12567002 0.46142799
vt 0.13531899 0.42309201
vt 0.13544202 0.42267299
vt 0.12661999 0.42269802
vt 0.13208401 0.42255098
vt 0.13828999 0.42465800
vt 0.12770599 0.45928901
vt 0.12786800 0.45763099
vt 0.12710500 0.44931698
vt 0.12663800 0.45598298
vt 0.52507198 0.50664198
vt 0.51606703 0.51803899
vt 0.51208603 0.53406894
vt 0.52652001 0.51249802
vt 0.52902102 0.49422199
vt 0.51830399 0.49455899
vt 0.53601801 0.49714899
vt 0.11176997 0.56392300
vt 0.13386297 0.55843699
vt 0.10455400 0.54365599
vt 0.10088700 0.58709693
vt 0.13171899 0.62060893
vt 0.08611101 0.56644404
vt 0.09852701 0.52660596
vt 0.10623300 0.50001001
vt 0.08638400 0.53467798
vt 0.08740401 0.50010002
vt 0.05160999 0.52868795
vt 0.05377603 0.52346194
vt 0.05476201 0.50893104
vt 0.05145901 0.52306998
vt 0.05167598 0.53809500
vt 0.05409902 0.54065895
vt 0.04925698 0.53747702
vt 0.05138701 0.51779497
vt 0.05309802 0.50722396
vt 0.04882503 0.52408397
vt 0.98078698 0.52255499
vt 0.98148602 0.52183604
vt 0.98258400 0.51936901
vt 0.98117799 0.52123296
vt 0.97985703 0.52414894
vt 0.98018301 0.52472901
vt 0.97984898 0.52097893
vt 0.98154098 0.51989603
vt 0.98246300 0.51843798
vt 0.98111302 0.51846993
vt 0.98238999 0.51577103
vt 0.98733699 0.50249994
vt 0.98727697 0.50385404
vt 0.98769999 0.50484300
vt 0.98749000 0.50221097
vt 0.98710799 0.50225699
vt 0.98704898 0.50371003
vt 0.98721898 0.50028598
vt 0.98840201 0.50178599
vt 0.98889399 0.50221694
vt 0.98879403 0.50512898
vt 0.98808903 0.50268102
vt 0.98810899 0.50000501
vt 0.98888999 0.49953902
vt 0.98780203 0.50355399
vt 0.98794001 0.50549197
vt 0.98719800 0.50265694
vt 0.98707002 0.50532901
vt 0.98880500 0.50148797
vt 0.98863602 0.49996400
vt 0.98806000 0.50028801
vt 0.98852700 0.50225794
vt 0.98908901 0.50231194
vt 0.98917198 0.50001001
vt 0.98887098 0.50426996
vt 0.98826098 0.50308001
vt 0.98790598 0.50235295
vt 0.98837698 0.50460398
vt 0.98407000 0.51717603
vt 0.98341900 0.51835704
vt 0.98418498 0.51670301
vt 0.98473799 0.51611102
vt 0.98378497 0.51735997
vt 0.98502100 0.51528800
vt 0.98540598 0.51501393
vt 0.98551399 0.51429594
vt 0.98597199 0.51397693
vt 0.98669100 0.51205099
vt 0.97762299 0.53205395
vt 0.97760201 0.53270793
vt 0.97871798 0.52894294
vt 0.97820598 0.53045499
vt 0.97716600 0.53298700
vt 0.97653300 0.53537095
vt 0.97801203 0.53037596
vt 0.98478800 0.50298703
vt 0.98526299 0.50413895
vt 0.98489201 0.50872302
vt 0.98442203 0.50450099
vt 0.98476499 0.49999303
vt 0.98428398 0.50000000
vt 0.98019701 0.52129602
vt 0.98109001 0.51736701
vt 0.98114198 0.51634800
vt 0.97990298 0.52276099
vt 0.97971100 0.52429593
vt 0.98093802 0.51997995
vt 0.98485500 0.50256693
vt 0.98503000 0.50000596
vt 0.98429799 0.50395799
vt 0.98534203 0.50323904
vt 0.98581302 0.49883699
vt 0.98398203 0.50801396
vt 0.98675001 0.50611997
vt 0.98605597 0.50823903
vt 0.98371500 0.51778495
vt 0.98597997 0.50916803
vt 0.98751003 0.50009203
vt 0.98754603 0.49958700
vt 0.98765802 0.50167000
vt 0.98533100 0.51209104
vt 0.98424500 0.51776600
vt 0.98614597 0.51045299
vt 0.98500502 0.51762795
vt 0.98296303 0.52945399
vt 0.98235101 0.53440201
vt 0.98359299 0.53182697
vt 0.98354501 0.52564394
vt 0.98247200 0.52760398
vt 0.98128003 0.53502202
vt 0.98387802 0.52278304
vt 0.98438603 0.52401304
vt 0.98831898 0.52763903
vt 0.98951799 0.52041495
vt 0.98813403 0.51897895
vt 0.98739201 0.52973497
vt 0.98908001 0.53083503
vt 0.99105299 0.52031600
vt 0.98703897 0.54114199
vt 0.99646997 0.54519999
vt 0.99554700 0.55581295
vt 0.99650800 0.56685102
vt 0.99764001 0.54294002
vt 0.99516398 0.53901803
vt 0.99275303 0.55093193
vt 0.99697202 0.52543998
vt 0.99883002 0.54002202
vt 0.99984503 0.54946101
vt 0.99927700 0.52897894
vt 1.00284505 0.53534102
vt 0.03386098 0.52080095
vt 0.03181601 0.50737703
vt 0.03042698 0.52611196
vt 0.03921598 0.52514303
vt 0.03844702 0.54799998
vt 0.01459497 0.54271400
vt 0.02096498 0.54607594
vt 0.02106798 0.53139293
vt 0.01208299 0.53283095
vt 0.01029402 0.54832304
vt 0.01905602 0.56102395
vt 0.00284499 0.53534102
vt 0.03172100 0.56212294
vt 0.02880400 0.55550396
vt 0.02825999 0.56889796
vt 0.03827798 0.56332898
vt 0.03821099 0.57629693
vt 0.98295701 0.50047100
vt 0.98311400 0.50151896
vt 0.98398000 0.50169098
vt 0.98322898 0.50041199
vt 0.98249900 0.50034595
vt 0.98237097 0.50143194
vt 0.98258698 0.50009704
vt 0.98347998 0.50029993
vt 0.98398799 0.50072801
vt 0.98331600 0.50005496
vt 0.98396099 0.50002193
vt 0.98439503 0.51774895
vt 0.98388302 0.51869798
vt 0.98381698 0.51691604
vt 0.98464000 0.51678503
vt 0.98431998 0.51792896
vt 0.98343301 0.51953602
vt 0.98494297 0.51591897
vt 0.98522800 0.50865102
vt 0.98510402 0.50632095
vt 0.98504502 0.50833797
vt 0.98528498 0.51059401
vt 0.98498100 0.50829303
vt 0.98478401 0.50442195
vt 0.98490697 0.51205504
vt 0.97674298 0.52791893
vt 0.97642601 0.52946901
vt 0.97711903 0.52927697
vt 0.97722203 0.52743495
vt 0.97646499 0.52757394
vt 0.97595298 0.52950203
vt 0.97722799 0.52524793
vt 0.98177099 0.52127993
vt 0.98270702 0.52088201
vt 0.98174101 0.52060604
vt 0.98068702 0.52212501
vt 0.98162800 0.52249503
vt 0.97952098 0.52133799
vt 0.98177803 0.51998699
vt 0.98281997 0.51916099
vt 0.98090100 0.51982093
vt 0.98205900 0.51823497
vt 0.97881502 0.51930797
vt 0.97820699 0.52048993
vt 0.97961301 0.51912498
vt 0.97838098 0.51822603
vt 0.97691900 0.51960301
vt 0.97957402 0.51651096
vt 0.98038298 0.51899898
vt 0.98083597 0.51756203
vt 0.97218597 0.52352202
vt 0.97303599 0.52446902
vt 0.97418702 0.52252400
vt 0.97222501 0.52221394
vt 0.97121102 0.52478194
vt 0.97201198 0.52707398
vt 0.97000301 0.52210295
vt 0.97224700 0.52104604
vt 0.97341102 0.52066600
vt 0.97132999 0.52010000
vt 0.97246999 0.51881003
vt 0.98386502 0.51139295
vt 0.98446703 0.51167893
vt 0.98388499 0.50933695
vt 0.98322201 0.51326299
vt 0.98381102 0.51432598
vt 0.98238200 0.51129794
vt 0.98395699 0.50666904
vt 0.98455101 0.50482500
vt 0.98337197 0.50585294
vt 0.98126101 0.51030695
vt 0.98101902 0.51177704
vt 0.98182499 0.50900698
vt 0.98079801 0.50996101
vt 0.97988898 0.51179802
vt 0.98146898 0.50786197
vt 0.97515702 0.51539695
vt 0.97562599 0.51447403
vt 0.97477800 0.51374602
vt 0.97448897 0.51546502
vt 0.97550201 0.51630604
vt 0.97653502 0.51514304
vt 0.97448403 0.51707304
vt 0.97371602 0.51541901
vt 0.97341502 0.51439202
vt 0.97330099 0.51623797
vt 0.97209698 0.51492000
vt 0.97398001 0.50897002
vt 0.97408098 0.51020300
vt 0.97494799 0.51020193
vt 0.97450900 0.50846195
vt 0.97349399 0.50836301
vt 0.97299302 0.51059103
vt 0.97417700 0.50606704
vt 0.97320300 0.51315498
vt 0.97387803 0.51237404
vt 0.97238499 0.51275396
vt 0.97145599 0.51220298
vt 0.97122902 0.51082993
vt 0.97084099 0.51293993
vt 0.96950102 0.51090300
vt 0.96776402 0.51143301
vt 0.96711498 0.51161397
vt 0.96789902 0.51417100
vt 0.96846098 0.51230800
vt 0.96776497 0.51017499
vt 0.96636701 0.50939393
vt 0.96791500 0.50879300
vt 0.96881300 0.50837004
vt 0.96722800 0.50765002
vt 0.96809798 0.50561202
vt 0.96541500 0.50250196
vt 0.96548402 0.50362504
vt 0.96588701 0.50376797
vt 0.96555698 0.50179803
vt 0.96524298 0.50188601
vt 0.96511298 0.50377703
vt 0.96570998 0.50108600
vt 0.96600503 0.50179601
vt 0.96566701 0.49972802
vt 0.96439898 0.50059593
vt 0.96416700 0.50103402
vt 0.96412599 0.50223601
vt 0.96447998 0.50094104
vt 0.96454400 0.49988800
vt 0.96421999 0.50001097
vt 0.94965100 0.50066102
vt 0.94905800 0.49980497
vt 0.94616997 0.49954802
vt 0.94871497 0.50159097
vt 0.95225102 0.50122595
vt 0.95192403 0.50354600
vt 0.33478200 0.54920995
vt 0.33467197 0.55095196
vt 0.33089501 0.54905999
vt 0.33295101 0.54773200
vt 0.33677000 0.54812300
vt 0.33853501 0.55253100
vt 0.33440298 0.54472601
vt 0.33647001 0.59556699
vt 0.33410698 0.59769702
vt 0.33328801 0.59385204
vt 0.33689702 0.59276402
vt 0.33820999 0.59536803
vt 0.33516198 0.60105693
vt 0.34046298 0.59061098
vt 0.33709800 0.59032297
vt 0.33559102 0.58965099
vt 0.33938003 0.58819497
vt 0.33808798 0.58580196
vt 0.32054102 0.59619999
vt 0.31740302 0.59793103
vt 0.31408203 0.59655404
vt 0.32102698 0.59479201
vt 0.32350302 0.59533501
vt 0.32042301 0.59783804
vt 0.32712799 0.59173799
vt 0.32211798 0.59333694
vt 0.31948501 0.59333897
vt 0.32582599 0.59098601
vt 0.32406598 0.58970296
vt 0.33915901 0.59375501
vt 0.34059203 0.59007204
vt 0.34249997 0.57902694
vt 0.33957398 0.59182000
vt 0.33711803 0.59981203
vt 0.33782297 0.59923601
vt 0.33696699 0.59901500
vt 0.34279400 0.53485298
vt 0.34143198 0.53397202
vt 0.34450197 0.53914797
vt 0.34500998 0.53579497
vt 0.34154499 0.53483295
vt 0.33857101 0.53297102
vt 0.34448302 0.53748202
vt 0.34719002 0.53664398
vt 0.34789401 0.53999197
vt 0.34839302 0.53770196
vt 0.35180598 0.54091501
vt 0.33029902 0.52355099
vt 0.32727498 0.52042603
vt 0.32494700 0.52226400
vt 0.33091402 0.52600098
vt 0.33185798 0.52476203
vt 0.32815701 0.52010000
vt 0.33589500 0.53280199
vt 0.32846200 0.52112997
vt 0.32872403 0.52234399
vt 0.32631803 0.52282202
vt 0.32704300 0.52053201
vt 0.33002698 0.52181101
vt 0.33086699 0.52350593
vt 0.34145802 0.54937100
vt 0.33993298 0.55579102
vt 0.34374100 0.55735898
vt 0.34054703 0.53732002
vt 0.30101103 0.56489193
vt 0.30133301 0.56159699
vt 0.30263799 0.56292593
vt 0.30147099 0.56685293
vt 0.30124599 0.56663799
vt 0.30331802 0.56090403
vt 0.30188000 0.56991196
vt 0.30195999 0.56899798
vt 0.30293399 0.56841397
vt 0.30241197 0.57175803
vt 0.30418998 0.57314301
vt 0.33504099 0.54615700
vt 0.33664602 0.55239797
vt 0.33372301 0.53574097
vt 0.33205003 0.55224204
vt 0.33486998 0.57132196
vt 0.32911599 0.53891397
vt 0.32290000 0.52339602
vt 0.32441002 0.52581894
vt 0.32289499 0.53025901
vt 0.32120502 0.52434301
vt 0.32349497 0.52099299
vt 0.32033199 0.52037704
vt 0.31388903 0.53596795
vt 0.31403702 0.53894401
vt 0.31399798 0.53615403
vt 0.31335902 0.53371096
vt 0.31493402 0.53570998
vt 0.31586802 0.54067504
vt 0.31496203 0.53006303
vt 0.31285101 0.53161299
vt 0.31357199 0.53143704
vt 0.31355000 0.52834094
vt 0.31397599 0.52669096
vt 0.31372702 0.54683101
vt 0.31294101 0.54799998
vt 0.30668598 0.55216694
vt 0.31125098 0.54797995
vt 0.31637400 0.54474604
vt 0.31773698 0.54532897
vt 0.31639302 0.54331195
vt 0.30887097 0.54932201
vt 0.30556202 0.55204594
vt 0.31194103 0.54743195
vt 0.30838698 0.55049193
vt 0.33992898 0.53511202
vt 0.34000999 0.53675103
vt 0.33630401 0.53573895
vt 0.33762002 0.53402603
vt 0.34992701 0.57537293
vt 0.35056698 0.57054496
vt 0.34734201 0.57404995
vt 0.34817702 0.57818699
vt 0.35137802 0.57499599
vt 0.35409802 0.56798100
vt 0.34782499 0.58055401
vt 0.33138102 0.60400295
vt 0.33343101 0.59956503
vt 0.33207399 0.59794497
vt 0.32946700 0.60554194
vt 0.33119202 0.60585201
vt 0.33512503 0.59952903
vt 0.32748401 0.60992897
vt 0.32756102 0.60663700
vt 0.32859200 0.60179698
vt 0.32551903 0.60946703
vt 0.32427198 0.60615098
vt 0.31862998 0.59902894
vt 0.31843197 0.60220003
vt 0.31937200 0.59947801
vt 0.31993598 0.59483099
vt 0.31942201 0.59819996
vt 0.32004398 0.60392201
vt 0.31910998 0.59146595
vt 0.31036001 0.59861302
vt 0.30922598 0.59898400
vt 0.30685598 0.59688604
vt 0.30949003 0.59694004
vt 0.31265098 0.59897602
vt 0.31245703 0.59980798
vt 0.33039701 0.58919597
vt 0.33104300 0.58797097
vt 0.33418500 0.58523393
vt 0.33157098 0.58865201
vt 0.32822502 0.59158504
vt 0.32870501 0.59203899
vt 0.32245302 0.60087395
vt 0.32402700 0.59905303
vt 0.32642299 0.60133600
vt 0.32304299 0.60304594
vt 0.32110000 0.59992993
vt 0.32144898 0.59713697
vt 0.31217903 0.58059096
vt 0.31465203 0.58174598
vt 0.31325799 0.58758700
vt 0.31015402 0.58273196
vt 0.31131500 0.57733595
vt 0.31565398 0.57629693
vt 0.30773902 0.57850099
vt 0.30904400 0.57561493
vt 0.30640399 0.57556200
vt 0.30958402 0.57460594
vt 0.31002003 0.57385099
vt 0.30719203 0.57217300
vt 0.31370300 0.57388902
vt 0.31146997 0.57150400
vt 0.33598799 0.53223300
vt 0.33477598 0.53213704
vt 0.33328301 0.52838600
vt 0.33589101 0.53088093
vt 0.32529801 0.56428599
vt 0.32193899 0.56390393
vt 0.32186300 0.55922997
vt 0.32662398 0.56224394
vt 0.32711899 0.56619203
vt 0.32249802 0.56789804
vt 0.33129799 0.56425703
vt 0.32793498 0.56020296
vt 0.32641000 0.55779302
vt 0.33089399 0.55984795
vt 0.33019799 0.55592299
vt 0.33624202 0.56209695
vt 0.33509898 0.56570303
vt 0.33504403 0.55943704
vt 0.33918500 0.55954802
vt 0.33894598 0.56782901
vt 0.33651400 0.58163095
vt 0.33752400 0.58196497
vt 0.33409703 0.58346701
vt 0.33693498 0.58023298
vt 0.34152400 0.57853997
vt 0.33289301 0.58230996
vt 0.32977402 0.60448098
vt 0.32700801 0.60541701
vt 0.33065099 0.60185504
vt 0.33123702 0.60567498
vt 0.32757401 0.60845995
vt 0.33147198 0.59931803
vt 0.32996303 0.59786201
vt 0.32748199 0.57667696
vt 0.32470202 0.57674801
vt 0.32489502 0.57243502
vt 0.32909799 0.57420003
vt 0.32866800 0.57866895
vt 0.32404500 0.58156300
vt 0.33287901 0.57590401
vt 0.31989402 0.60581601
vt 0.31855601 0.60484195
vt 0.31943899 0.60740101
vt 0.32091999 0.60792804
vt 0.32175398 0.60207796
vt 0.32462001 0.58753598
vt 0.32560498 0.58209300
vt 0.32630199 0.58786201
vt 0.33561498 0.58411396
vt 0.33522302 0.59008503
vt 0.33758903 0.58462393
vt 0.33745402 0.57863200
vt 0.33382201 0.58665299
vt 0.33091098 0.59268296
vt 0.32944900 0.59103799
vt 0.32608801 0.59309196
vt 0.12240899 0.53805101
vt 0.12108302 0.53594303
vt 0.11961502 0.53687394
vt 0.12223798 0.53902698
vt 0.12361300 0.53781903
vt 0.12225801 0.53501403
vt 0.12588602 0.54106104
vt 0.12206900 0.54013693
vt 0.12084401 0.54003799
vt 0.12316799 0.54191494
vt 0.12148303 0.54307699
vt 0.14560401 0.52277803
vt 0.14611399 0.52269101
vt 0.14817297 0.53137898
vt 0.14642400 0.52655101
vt 0.14361501 0.51951897
vt 0.14288902 0.51510501
vt 0.14372700 0.52327204
vt 0.13442701 0.57713401
vt 0.13603002 0.57670701
vt 0.13728201 0.57770097
vt 0.13417101 0.57795298
vt 0.13319999 0.57613695
vt 0.13464803 0.57572603
vt 0.13184297 0.57715404
vt 0.12792897 0.56924498
vt 0.12786001 0.57104099
vt 0.12695700 0.57145703
vt 0.12762201 0.56891894
vt 0.12842798 0.56793797
vt 0.12916601 0.57037604
vt 0.12787598 0.56631100
vt 0.12030101 0.55245495
vt 0.12115902 0.55476403
vt 0.12366402 0.55328500
vt 0.12089503 0.55065095
vt 0.11924499 0.55257297
vt 0.11985898 0.55631101
vt 0.11934799 0.54849803
vt 0.12150300 0.54895604
vt 0.12269002 0.54889798
vt 0.12108898 0.54679394
vt 0.12253600 0.54597199
vt 0.12782001 0.57348502
vt 0.12849498 0.57436800
vt 0.12710899 0.57463801
vt 0.12791997 0.57847393
vt 0.12264103 0.55826402
vt 0.12129998 0.55655098
vt 0.12160897 0.55289495
vt 0.12333399 0.55714393
vt 0.12334698 0.56056499
vt 0.12136400 0.55941093
vt 0.12541199 0.56113899
vt 0.12401497 0.55593193
vt 0.12357199 0.55329800
vt 0.12540501 0.55758500
vt 0.12553102 0.55351496
vt 0.14400202 0.53125393
vt 0.14264399 0.52762496
vt 0.14494300 0.53170204
vt 0.14338601 0.53469396
vt 0.14057600 0.53143394
vt 0.14527798 0.54211402
vt 0.13717997 0.51263595
vt 0.13430601 0.51130104
vt 0.13486302 0.50920296
vt 0.13870102 0.51189601
vt 0.13766301 0.51432300
vt 0.13282502 0.51398599
vt 0.12595499 0.53033304
vt 0.12647903 0.53139102
vt 0.12552500 0.53547096
vt 0.12511498 0.53137195
vt 0.12619299 0.52828896
vt 0.12711000 0.52801704
vt 0.12503701 0.52800095
vt 0.13882297 0.55537200
vt 0.13827300 0.56030893
vt 0.13562602 0.56482601
vt 0.13812202 0.55385303
vt 0.14556301 0.55473101
vt 0.14533800 0.56367493
vt 0.13741100 0.55168700
vt 0.13643998 0.55470598
vt 0.13756299 0.54591799
vt 0.13362598 0.54797399
vt 0.12924701 0.52783096
vt 0.12902898 0.52491701
vt 0.13077998 0.52241194
vt 0.13017499 0.52795696
vt 0.12862301 0.52972102
vt 0.12787497 0.52661300
vt 0.12887800 0.53443599
vt 0.13163400 0.52775395
vt 0.13280302 0.52494395
vt 0.13154203 0.53039694
vt 0.13499701 0.52715003
vt 0.13299501 0.51859295
vt 0.13154399 0.51803899
vt 0.13465703 0.51712501
vt 0.13328201 0.52096999
vt 0.13619399 0.52004993
vt 0.12832499 0.52252495
vt 0.12732100 0.52286303
vt 0.12881500 0.52020299
vt 0.12690002 0.51811194
vt 0.12596601 0.54306996
vt 0.12512600 0.53967297
vt 0.12648600 0.54220295
vt 0.12630898 0.54607999
vt 0.12499201 0.54263902
vt 0.12703300 0.55054903
vt 0.12728500 0.54000604
vt 0.12727702 0.53545797
vt 0.12743998 0.54296303
vt 0.13182300 0.57424200
vt 0.13043898 0.57408702
vt 0.13167399 0.57236493
vt 0.12370700 0.54711199
vt 0.12383699 0.54446495
vt 0.12570900 0.54865694
vt 0.13855302 0.54377997
vt 0.14420199 0.54585898
vt 0.14390498 0.53158200
vt 0.13533300 0.53646398
vt 0.13501000 0.54940701
vt 0.14414603 0.56098104
vt 0.13370299 0.56187296
vt 0.12888098 0.56221497
vt 0.13020998 0.56447101
vt 0.13617301 0.56320894
vt 0.13379598 0.56016493
vt 0.12622797 0.55972993
vt 0.13093799 0.55810893
vt 0.13235003 0.55611801
vt 0.12536901 0.55705893
vt 0.13095999 0.55193102
vt 0.12821001 0.58279502
vt 0.12819999 0.58197999
vt 0.12643200 0.57923102
vt 0.12746400 0.58199394
vt 0.12987900 0.58404994
vt 0.13077003 0.58362401
vt 0.12979698 0.58413303
vt 0.12659103 0.58116698
vt 0.12549299 0.57900894
vt 0.12702399 0.58166397
vt 0.12525702 0.57864594
vt 0.12379801 0.55091703
vt 0.12311101 0.54954803
vt 0.12425601 0.54622698
vt 0.12502599 0.54998493
vt 0.12601799 0.54927003
vt 0.12582600 0.54705095
vt 0.12649298 0.55035198
vt 0.12677199 0.54755795
vt 0.11969203 0.55910504
vt 0.12069201 0.55943203
vt 0.11890799 0.55689204
vt 0.12013900 0.56044197
vt 0.12238401 0.56242394
vt 0.11887002 0.55805993
vt 0.13579398 0.58325303
vt 0.13880801 0.58215594
vt 0.13951099 0.58088195
vt 0.13484699 0.58336997
vt 0.13387001 0.58354902
vt 0.13792002 0.58209097
vt 0.13846898 0.57869601
vt 0.13573301 0.57962596
vt 0.14062601 0.57712293
vt 0.13887298 0.57925797
vt 0.13394302 0.58160794
vt 0.14409000 0.57552493
vt 0.14627099 0.56663096
vt 0.14666897 0.56724703
vt 0.14495099 0.57308698
vt 0.14541602 0.56873798
vt 0.14662200 0.56177294
vt 0.14748901 0.55964398
vt 0.12299103 0.52818203
vt 0.12335700 0.52999604
vt 0.12178099 0.53232193
vt 0.12186903 0.52836001
vt 0.12371600 0.52636099
vt 0.12242401 0.52525699
vt 0.12309998 0.52262795
vt 0.12370801 0.52327895
vt 0.12204802 0.52368104
vt 0.12382901 0.52190602
vt 0.12497097 0.52179897
vt 0.12214297 0.52276802
vt 0.12908101 0.51256704
vt 0.12949800 0.51561403
vt 0.12746602 0.51222694
vt 0.13049001 0.51038301
vt 0.12855703 0.50764501
vt 0.12355202 0.51459897
vt 0.12406802 0.51300299
vt 0.12457800 0.50883293
vt 0.12358898 0.51372194
vt 0.12359703 0.51787698
vt 0.12417698 0.51716101
vt 0.12357700 0.51890993
vt 0.12364501 0.51317501
vt 0.12422198 0.51009393
vt 0.12363601 0.51604998
vt 0.12436098 0.51257193
vt 0.13222897 0.50388396
vt 0.13409698 0.50450802
vt 0.13648701 0.50702298
vt 0.13270402 0.50488102
vt 0.13034099 0.50308800
vt 0.13232702 0.50444901
vt 0.12858200 0.50346696
vt 0.14612699 0.52114201
vt 0.14685899 0.52382493
vt 0.14455599 0.51616502
vt 0.14390302 0.51679397
vt 0.13851100 0.50771201
vt 0.14136702 0.51016593
vt 0.13898998 0.50688601
vt 0.13609600 0.50482297
vt 0.13762999 0.50997698
vt 0.13980198 0.52241802
vt 0.13665903 0.52597499
vt 0.14432901 0.52337003
vt 0.13733298 0.51867497
vt 0.12936902 0.52147794
vt 0.12824601 0.51487100
vt 0.12755299 0.51193595
vt 0.12692201 0.51461399
vt 0.12791800 0.51756501
vt 0.12880599 0.51360393
vt 0.12807000 0.50810003
vt 0.12963402 0.51051402
vt 0.13141799 0.51211798
vt 0.12962800 0.50601995
vt 0.13526398 0.51361001
vt 0.12034100 0.54930198
vt 0.12018299 0.54753995
vt 0.12141901 0.54434597
vt 0.12146699 0.54862499
vt 0.11993903 0.55185902
vt 0.11877602 0.55069494
vt 0.12260699 0.54789603
vt 0.12271702 0.54531300
vt 0.12633598 0.57027400
vt 0.12622201 0.56942904
vt 0.12757701 0.56698895
vt 0.12729698 0.56930804
vt 0.12577301 0.57213199
vt 0.12463403 0.57218099
vt 0.12528300 0.56509495
vt 0.12650102 0.56553102
vt 0.12543201 0.56541598
vt 0.12366098 0.56394196
vt 0.12480199 0.56396794
vt 0.12291700 0.56395793
vt 0.12573898 0.56570494
vt 0.12672400 0.56678593
vt 0.12454402 0.56510901
vt 0.12636000 0.56640196
vt 0.13335198 0.57896900
vt 0.12996399 0.57895994
vt 0.13136899 0.57450294
vt 0.13572598 0.57838595
vt 0.13211298 0.57721198
vt 0.12590700 0.57699597
vt 0.12558103 0.54249799
vt 0.12181503 0.54729199
vt 0.12014598 0.55523503
vt 0.12552702 0.54500198
vt 0.12785900 0.53655899
vt 0.12510097 0.53904402
vt 0.12681401 0.56200302
vt 0.12761497 0.55804002
vt 0.12558800 0.56076801
vt 0.12678897 0.56712902
vt 0.12883103 0.56424499
vt 0.12278497 0.56798100
vt 0.12419200 0.55893600
vt 0.12473398 0.55303800
vt 0.12092900 0.56231701
vt 0.13438803 0.53161097
vt 0.13799298 0.52906501
vt 0.13423502 0.53337896
vt 0.13148499 0.53202999
vt 0.12507999 0.56951296
vt 0.12580103 0.56851900
vt 0.12543797 0.56910002
vt 0.12457502 0.57142496
vt 0.12531197 0.57107902
vt 0.12720400 0.56583703
vt 0.12786001 0.56682098
vt 0.12667102 0.56515396
vt 0.14708602 0.57004797
vt 0.14705402 0.56911099
vt 0.14884001 0.55980599
vt 0.14766598 0.56756103
vt 0.14554501 0.57408297
vt 0.14572400 0.57342494
vt 0.14152801 0.57983601
vt 0.14233899 0.57844102
vt 0.14311701 0.57731700
vt 0.12158102 0.54269302
vt 0.12026602 0.54096997
vt 0.11883003 0.53744304
vt 0.12147999 0.54186702
vt 0.12139601 0.54104602
vt 0.11998802 0.53839302
vt 0.12302899 0.54282200
vt 0.12160403 0.53941703
vt 0.13301498 0.53095996
vt 0.12863803 0.53098094
vt 0.12372202 0.53531802
vt 0.12270600 0.53253794
vt 0.12419897 0.53403604
vt 0.12286699 0.52876401
vt 0.12466800 0.53110802
vt 0.12566698 0.53138196
vt 0.12529200 0.52557802
vt 0.12412602 0.52682400
vt 0.12681800 0.52910995
vt 0.12680900 0.52424204
vt 0.14267898 0.51197803
vt 0.14120102 0.51004803
vt 0.12535799 0.50737393
vt 0.12614000 0.50571096
vt 0.12600702 0.50720203
vt 0.12672299 0.50684202
vt 0.12842500 0.50518703
vt 0.12620300 0.50934899
vt 0.12432998 0.52062094
vt 0.12471199 0.52231300
vt 0.12606698 0.52489495
vt 0.12482297 0.52098203
vt 0.12556899 0.52499700
vt 0.12590200 0.52647102
vt 0.12499398 0.52474093
vt 0.12552500 0.52326202
vt 0.12422299 0.52463198
vt 0.11962003 0.52646995
vt 0.12037998 0.52540195
vt 0.12010503 0.52602303
vt 0.11878002 0.52886093
vt 0.11933100 0.52851999
vt 0.11890101 0.53016996
vt 0.14657199 0.57027602
vt 0.14716399 0.56792200
vt 0.14477003 0.57410395
vt 0.12633097 0.56448495
vt 0.12803400 0.56549001
vt 0.12616700 0.56359899
vt 0.12456101 0.56445897
vt 0.12677801 0.56826997
vt 0.12705398 0.56979096
vt 0.12956899 0.56934702
vt 0.12770998 0.56747496
vt 0.12865698 0.56661999
vt 0.13070297 0.56638896
vt 0.12461102 0.54455900
vt 0.12455302 0.54386699
vt 0.12470102 0.54359901
vt 0.12341899 0.54116201
vt 0.12610197 0.54560399
vt 0.12731802 0.58114004
vt 0.12871897 0.58182001
vt 0.12631398 0.57910693
vt 0.13458103 0.58380103
vt 0.13717800 0.58268499
vt 0.13354200 0.58389497
vt 0.13340402 0.58404100
vt 0.13644803 0.58274102
vt 0.13227600 0.58404195
vt 0.12724102 0.55583704
vt 0.12707603 0.55809593
vt 0.12668598 0.55259395
vt 0.14272398 0.56906199
vt 0.14381099 0.56871903
vt 0.14157099 0.57288504
vt 0.13688898 0.56508994
vt 0.13576400 0.56806803
vt 0.13903099 0.57650995
vt 0.13307703 0.57081902
vt 0.12506402 0.51321793
vt 0.12568700 0.51583099
vt 0.12580103 0.51158702
vt 0.12654299 0.51007593
vt 0.12640601 0.50758898
vt 0.13382399 0.52305400
vt 0.13573599 0.52326703
vt 0.14151400 0.53521001
vt 0.13689798 0.54059100
vt 0.13867402 0.53347600
vt 0.13119102 0.53896201
vt 0.13659000 0.54238200
vt 0.13309199 0.54249001
vt 0.12395102 0.53176200
vt 0.12364799 0.53393996
vt 0.13205397 0.50960302
vt 0.13152403 0.50767696
vt 0.14716500 0.54660904
vt 0.14779401 0.54959798
vt 0.14683902 0.55129302
vt 0.14668298 0.53938603
vt 0.14762902 0.53898501
vt 0.14651400 0.55544400
vt 0.12772697 0.57206798
vt 0.12719899 0.57366395
vt 0.12910402 0.57362700
vt 0.12889200 0.57636404
vt 0.12669897 0.57535803
vt 0.12555498 0.57518697
vt 0.12780398 0.57777703
vt 0.13400799 0.57924700
vt 0.13258100 0.57957697
vt 0.12114400 0.54518700
vt 0.12222803 0.54417598
vt 0.12031198 0.54556298
vt 0.12333399 0.54330993
vt 0.13978201 0.58056295
vt 0.14150298 0.57890093
vt 0.13988698 0.58003497
vt 0.13825798 0.52287197
vt 0.13975000 0.52084804
vt 0.13943601 0.52446401
vt 0.14040202 0.52655494
vt 0.14879900 0.54322898
vt 0.14876801 0.54420304
vt 0.14862198 0.54856598
vt 0.14816999 0.53546393
vt 0.14837599 0.55317998
vt 0.14828998 0.56037796
vt 0.33939803 0.57764804
vt 0.33995903 0.58199096
vt 0.33955997 0.57230496
vt 0.33893698 0.58765900
vt 0.33686000 0.59117901
vt 0.33905602 0.59040403
vt 0.32698900 0.56929195
vt 0.32372499 0.57015300
vt 0.32786602 0.56805897
vt 0.32891601 0.57016301
vt 0.33189797 0.56836700
vt 0.32898402 0.56700194
vt 0.33184803 0.56666994
vt 0.33174503 0.60681403
vt 0.33342803 0.60541904
vt 0.33174902 0.60804796
vt 0.32964998 0.60895002
vt 0.33185399 0.58610201
vt 0.33044201 0.58701503
vt 0.32871503 0.58807194
vt 0.32872301 0.58617699
vt 0.33763403 0.57452393
vt 0.33704698 0.57710993
vt 0.33593899 0.57251096
vt 0.34017801 0.57402098
vt 0.33362502 0.53839898
vt 0.33564800 0.53985095
vt 0.33234698 0.53980601
vt 0.33346301 0.53507996
vt 0.33041799 0.53375602
vt 0.32990700 0.52776802
vt 0.33181101 0.53039193
vt 0.32812297 0.52786601
vt 0.32977998 0.52543604
vt 0.31447899 0.56797194
vt 0.31063002 0.56728196
vt 0.31071001 0.56230700
vt 0.31630403 0.56576693
vt 0.31694603 0.56995499
vt 0.31810802 0.56359398
vt 0.31633300 0.56085598
vt 0.32709998 0.54892802
vt 0.32771099 0.54763496
vt 0.32777703 0.55036402
vt 0.32465899 0.54895103
vt 0.32456797 0.54641104
vt 0.32424998 0.55152297
vt 0.32538998 0.55552197
vt 0.32279903 0.55488396
vt 0.32712001 0.55375004
vt 0.32941097 0.59577596
vt 0.32757503 0.59632802
vt 0.33099800 0.59277093
vt 0.30634898 0.59537196
vt 0.30524498 0.59467900
vt 0.30761999 0.59676301
vt 0.30646300 0.59276998
vt 0.30448002 0.59099197
vt 0.30983102 0.59468293
vt 0.30892402 0.59819996
vt 0.31098700 0.59818804
vt 0.31801099 0.54405403
vt 0.31715101 0.54538500
vt 0.32302302 0.53935802
vt 0.30426699 0.58336604
vt 0.30469000 0.57980800
vt 0.30385500 0.58301294
vt 0.30359602 0.58665693
vt 0.30522901 0.58454204
vt 0.30694598 0.57550204
vt 0.32123601 0.57899499
vt 0.32023400 0.57331800
vt 0.31470799 0.58332396
vt 0.31165200 0.58744001
vt 0.30840898 0.58631396
vt 0.31426299 0.59242296
vt 0.30645698 0.58759797
vt 0.34801900 0.54976296
vt 0.34644502 0.55609703
vt 0.34954602 0.55626094
vt 0.35094500 0.56139195
vt 0.35305399 0.55541694
vt 0.33939302 0.54490197
vt 0.33934200 0.54158998
vt 0.34221900 0.54454195
vt 0.32737398 0.54562104
vt 0.32983601 0.54679596
vt 0.32670999 0.54572999
vt 0.32560802 0.54308093
vt 0.32869899 0.54370201
vt 0.32197303 0.54148698
vt 0.31988102 0.54387701
vt 0.32112700 0.54549599
vt 0.31758201 0.54312801
vt 0.32040101 0.54346299
vt 0.31939697 0.53352499
vt 0.32200903 0.53609395
vt 0.31793702 0.53538299
vt 0.31875402 0.52944601
vt 0.31544602 0.52514899
vt 0.31608403 0.52334595
vt 0.31723797 0.52468002
vt 0.31663901 0.52177393
vt 0.31618297 0.52256298
vt 0.31926697 0.51962602
vt 0.31938899 0.51990497
vt 0.31022602 0.55487597
vt 0.31270200 0.55641901
vt 0.30786002 0.55694699
vt 0.31108600 0.55135095
vt 0.31584197 0.55100298
vt 0.30351597 0.57313597
vt 0.30464101 0.57411802
vt 0.30342299 0.57201600
vt 0.30571997 0.57528603
vt 0.30635202 0.57651198
vt 0.34275198 0.58535898
vt 0.34266698 0.58760095
vt 0.34479398 0.57608902
vt 0.34291601 0.58838701
vt 0.34062999 0.59401894
vt 0.34528601 0.58329904
vt 0.34315801 0.58894503
vt 0.33197099 0.52446604
vt 0.33308601 0.52641296
vt 0.34432697 0.58667994
vt 0.34576100 0.58434093
vt 0.34225899 0.58987498
vt 0.34394699 0.58601093
vt 0.33858800 0.59350097
vt 0.33638000 0.59926593
vt 0.30480200 0.59269202
vt 0.30421400 0.59012103
vt 0.30585599 0.59302402
vt 0.30543602 0.58790696
vt 0.30365998 0.58767593
vt 0.30394202 0.58517504
vt 0.34221399 0.58579493
vt 0.34259802 0.58352995
vt 0.33470702 0.57076299
vt 0.33269697 0.57160604
vt 0.33502299 0.56847894
vt 0.33587700 0.53054202
vt 0.33468902 0.52919900
vt 0.33745199 0.53181899
vt 0.95499301 0.50225294
vt 0.95596898 0.50391793
vt 0.95948797 0.50463593
vt 0.95608401 0.50208104
vt 0.95691001 0.50156295
vt 0.95930302 0.50237596
vt 0.96487498 0.50210404
vt 0.96485800 0.50303197
vt 0.96497500 0.50182903
vt 0.96473300 0.50145102
vt 0.96467197 0.50250101
vt 0.96508801 0.50125504
vt 0.96647400 0.50285399
vt 0.96669698 0.50458097
vt 0.96682400 0.50236297
vt 0.96713698 0.50164795
vt 0.96801299 0.50290203
vt 0.97137898 0.51634502
vt 0.97106200 0.51725793
vt 0.97216702 0.51679003
vt 0.97090799 0.51504695
vt 0.97001302 0.51541400
vt 0.96899402 0.51318693
vt 0.96902502 0.51477897
vt 0.96964800 0.51309693
vt 0.97111899 0.50952804
vt 0.97195703 0.50873899
vt 0.97087997 0.50662398
vt 0.97029197 0.50886798
vt 0.97197503 0.50449002
vt 0.97253299 0.50636196
vt 0.97247398 0.50330997
vt 0.97079003 0.50356996
vt 0.97301602 0.50231302
vt 0.97408497 0.50325000
vt 0.97470200 0.51091099
vt 0.97469902 0.51133800
vt 0.97611201 0.51176894
vt 0.97550797 0.51109302
vt 0.97912502 0.51346397
vt 0.97897798 0.51230597
vt 0.97814202 0.51205993
vt 0.97867900 0.51418996
vt 0.97976398 0.51381004
vt 0.97799999 0.51462197
vt 0.97745597 0.51370394
vt 0.97793698 0.51591098
vt 0.98210901 0.50655401
vt 0.98245603 0.50575304
vt 0.98198599 0.50493002
vt 0.97465003 0.52034795
vt 0.97548902 0.52099097
vt 0.97468197 0.51946199
vt 0.97463101 0.51870799
vt 0.97558701 0.51829493
vt 0.97357100 0.51800203
vt 0.97441602 0.52474403
vt 0.97397798 0.52544999
vt 0.97374398 0.52850199
vt 0.97461301 0.52558398
vt 0.97491503 0.52292001
vt 0.97556400 0.52316904
vt 0.97728997 0.52142000
vt 0.97631103 0.52143502
vt 0.97731501 0.52228999
vt 0.97731000 0.52315402
vt 0.97626102 0.52417803
vt 0.97841603 0.52314198
vt 0.97935599 0.52507699
vt 0.98027301 0.52478099
vt 0.97952801 0.52391899
vt 0.97831100 0.52624893
vt 0.97907400 0.52670395
vt 0.97956598 0.52302301
vt 0.98437899 0.50181496
vt 0.98459399 0.50289595
vt 0.98435402 0.50201595
vt 0.98326397 0.51992595
vt 0.98295599 0.52008903
vt 0.98264498 0.52030098
vt 0.98187202 0.52186596
vt 0.98280901 0.51779604
vt 0.98163903 0.51900601
vt 0.97641999 0.53072798
vt 0.97618902 0.53138101
vt 0.97528201 0.53371096
vt 0.97611398 0.53114200
vt 0.97705102 0.52917993
vt 0.97689199 0.52576101
vt 0.97585499 0.53128695
vt 0.97545397 0.53239298
vt 0.97603500 0.52774596
vt 0.97555000 0.52823198
vt 0.01018399 0.57482302
vt 0.01694298 0.57720494
vt 0.00816202 0.56471300
vt 0.00541300 0.58150995
vt 0.01459301 0.59401095
vt 1.00541306 0.58150995
vt 1.01018405 0.57482302
vt 1.00816202 0.56471300
vt 0.01575500 0.51240897
vt 0.01270503 0.51672304
vt 0.02220303 0.51960897
vt 0.99574697 0.51568401
vt 0.99793702 0.51204503
vt 0.99529099 0.51165795
vt 0.99373001 0.52315795
vt 0.99510998 0.50771499
vt 0.99345899 0.50940001
vt 0.99062002 0.51335895
vt 0.99194700 0.51054502
vt 0.98993701 0.50934398
vt 0.99331897 0.50727999
vt 0.97918397 0.52769303
vt 0.97840899 0.53138995
vt 0.97806501 0.53502202
vt 0.97955799 0.52787197
vt 0.98275799 0.51476598
vt 0.98238701 0.51372194
vt 0.98226202 0.51906002
vt 0.98388702 0.51232100
vt 0.98200399 0.51399195
vt 0.98240399 0.51213598
vt 0.98258197 0.51089704
vt 0.98327398 0.50832999
vt 0.98203802 0.51218498
vt 0.98287702 0.50913703
vt 0.98106301 0.52157700
vt 0.98077899 0.52066803
vt 0.98181701 0.51491296
vt 0.98178798 0.51913595
vt 0.98064601 0.52480495
vt 0.97990298 0.52601504
vt 0.98151398 0.52286804
vt 0.98309398 0.51068103
vt 0.98227698 0.51173496
vt 0.98367298 0.50864303
vt 0.98334903 0.51171899
vt 0.98265898 0.51789296
vt 0.98311198 0.51548803
vt 0.98280102 0.51971400
vt 0.98541600 0.51277196
vt 0.98464602 0.51287401
vt 0.98589098 0.51086700
vt 0.98635298 0.50898898
vt 0.98614401 0.50695300
vt 0.98700798 0.50872195
vt 0.98771203 0.50816798
vt 0.98747301 0.50993395
vt 0.98819798 0.50894904
vt 0.98810601 0.50697601
vt 0.98731703 0.50796103
vt 0.98670697 0.51065695
vt 0.98913503 0.50326800
vt 0.98915899 0.50257802
vt 0.98900098 0.50484097
vt 0.98808599 0.50900602
vt 0.98787802 0.50871801
vt 0.98860198 0.50738597
vt 0.98752701 0.51078999
vt 0.98693502 0.50811303
vt 0.98696798 0.50676000
vt 0.98645198 0.50969100
vt 0.98624003 0.50777102
vt 0.98699301 0.50541294
vt 0.98676002 0.50517499
vt 0.97845799 0.52813601
vt 0.97904700 0.52759695
vt 0.97876900 0.52684295
vt 0.97775501 0.52957797
vt 0.97788501 0.52649403
vt 0.97905600 0.52561498
vt 0.97874403 0.52365398
vt 0.05593097 0.51767802
vt 0.05584300 0.52473700
vt 0.05710500 0.50593102
vt 0.07586902 0.54189503
vt 0.07187802 0.53024697
vt 0.07196200 0.56116796
vt 0.05940700 0.55490494
vt 0.06852502 0.51971197
vt 0.07324702 0.50068796
vt 0.06235600 0.52346396
vt 0.06362498 0.49677002
vt 0.49331599 0.53233504
vt 0.47601700 0.55548894
vt 0.47573799 0.63283098
vt 0.49923301 0.54254794
vt 0.50305599 0.49518800
vt 0.12473798 0.43669897
vt 0.12090600 0.43791199
vt 0.12023300 0.44499803
vt 0.12527800 0.44015199
vt 0.12674600 0.43263602
vt 0.12208200 0.43120003
vt 0.12592798 0.44321197
vt 0.12492901 0.44726902
vt 0.12740600 0.44229198
vt 0.13438803 0.46798801
vt 0.13423502 0.46625298
vt 0.12626302 0.43111998
vt 0.12695801 0.43271500
vt 0.12622601 0.43326700
vt 0.12543797 0.43044400
vt 0.12622201 0.43011898
vt 0.12453598 0.42734998
vt 0.12720400 0.43370998
vt 0.12667102 0.43440002
vt 0.12519598 0.43518800
vt 0.12685001 0.43382400
vt 0.14744800 0.43424898
vt 0.14766598 0.43191397
vt 0.14780802 0.43984997
vt 0.14152801 0.41966301
vt 0.14233899 0.42105597
vt 0.13909298 0.41753298
vt 0.12263799 0.45618802
vt 0.12313700 0.45651799
vt 0.12166601 0.46004498
vt 0.12150800 0.45766699
vt 0.12272298 0.45424801
vt 0.12037998 0.45913702
vt 0.11999500 0.46115202
vt 0.12674099 0.48153102
vt 0.12791800 0.48194098
vt 0.12639397 0.48046201
vt 0.12600303 0.48370802
vt 0.12714899 0.48414701
vt 0.12406600 0.48326200
vt 0.14267898 0.48748600
vt 0.14136702 0.48930103
vt 0.14120102 0.48942000
vt 0.12800902 0.49546897
vt 0.13015997 0.49659902
vt 0.13195598 0.49542701
vt 0.12791002 0.49461299
vt 0.12680399 0.49473202
vt 0.12500399 0.49192101
vt 0.12791598 0.49382597
vt 0.13054597 0.49355400
vt 0.12635601 0.49182999
vt 0.12858802 0.49061400
vt 0.12496197 0.47866201
vt 0.12585700 0.47774398
vt 0.12471002 0.48060697
vt 0.12441403 0.48272699
vt 0.12366498 0.48322803
vt 0.12384802 0.48031402
vt 0.12344599 0.48158097
vt 0.12459302 0.48026699
vt 0.12418699 0.47891998
vt 0.12082100 0.47399002
vt 0.12204802 0.47585100
vt 0.12010503 0.47351801
vt 0.14747500 0.43369502
vt 0.14636201 0.43148601
vt 0.14443499 0.42580700
vt 0.14716399 0.43155801
vt 0.14072001 0.42510301
vt 0.13989699 0.42405498
vt 0.14326799 0.42670900
vt 0.13889700 0.42311603
vt 0.13626403 0.42259997
vt 0.14072502 0.42309201
vt 0.12735599 0.43263298
vt 0.12770897 0.43396902
vt 0.12772101 0.43214703
vt 0.12594497 0.43136197
vt 0.12808502 0.43162501
vt 0.12595999 0.45359200
vt 0.12642097 0.45336002
vt 0.12496197 0.45483601
vt 0.12377399 0.45649302
vt 0.12352598 0.45823401
vt 0.12731802 0.41841799
vt 0.12655002 0.42047203
vt 0.12871897 0.41773498
vt 0.13178200 0.41517001
vt 0.13305598 0.41551101
vt 0.13270301 0.41535401
vt 0.13458800 0.41593802
vt 0.12871301 0.43300301
vt 0.12842798 0.43162501
vt 0.12676102 0.45224297
vt 0.12662297 0.45356601
vt 0.12716901 0.45043999
vt 0.12687802 0.47307098
vt 0.12669998 0.47412002
vt 0.12756002 0.47181499
vt 0.12023503 0.46327001
vt 0.12136501 0.46377599
vt 0.11973298 0.46481800
vt 0.11923498 0.46637702
vt 0.13882202 0.45068198
vt 0.13826102 0.45473897
vt 0.13562399 0.45237702
vt 0.13812900 0.44722998
vt 0.13741899 0.44311601
vt 0.13644099 0.44288802
vt 0.13757497 0.43841898
vt 0.13401401 0.43355298
vt 0.12595499 0.46921498
vt 0.12619299 0.47125101
vt 0.12647903 0.46816099
vt 0.13717997 0.48685002
vt 0.13834101 0.48505801
vt 0.13870102 0.48758203
vt 0.14589602 0.46640599
vt 0.14617598 0.46915901
vt 0.14494300 0.46777803
vt 0.12404799 0.44111401
vt 0.12527198 0.44243503
vt 0.12329799 0.44258398
vt 0.12369901 0.43895298
vt 0.12171698 0.43953502
vt 0.12257302 0.44396698
vt 0.12129301 0.44304001
vt 0.12866497 0.42358100
vt 0.12898999 0.42512101
vt 0.12738699 0.42368698
vt 0.12027901 0.44980299
vt 0.12091100 0.44865799
vt 0.11922997 0.44827002
vt 0.12154299 0.44763201
vt 0.12269503 0.44841599
vt 0.12117898 0.44467998
vt 0.12259901 0.44478798
vt 0.12060797 0.43870002
vt 0.12178397 0.43746102
vt 0.12006599 0.44044602
vt 0.12050200 0.43837899
vt 0.12244898 0.43600500
vt 0.13836002 0.41900098
vt 0.13542700 0.41696000
vt 0.14560401 0.47668397
vt 0.14333600 0.48051500
vt 0.14642400 0.47290897
vt 0.13865697 0.48893702
vt 0.13978100 0.48909199
vt 0.13612300 0.49080300
vt 0.12633502 0.47241801
vt 0.12568903 0.47278202
vt 0.32740402 0.42993098
vt 0.32438701 0.42663902
vt 0.32388699 0.42176002
vt 0.32850999 0.42908001
vt 0.32148701 0.43172598
vt 0.31926000 0.43167502
vt 0.32038200 0.42917800
vt 0.31616300 0.42808199
vt 0.31660801 0.43161100
vt 0.31714100 0.43387401
vt 0.31383902 0.42995101
vt 0.32882601 0.39335603
vt 0.33009499 0.39453602
vt 0.32826000 0.39497298
vt 0.32719302 0.39284199
vt 0.32980502 0.39414501
vt 0.33651400 0.42178899
vt 0.33738601 0.42377102
vt 0.33752400 0.42143899
vt 0.34189701 0.42502701
vt 0.33624202 0.44130701
vt 0.33918500 0.44373500
vt 0.33504403 0.44403398
vt 0.32823998 0.44044799
vt 0.33096898 0.44299901
vt 0.32661700 0.44144201
vt 0.32498097 0.44244599
vt 0.32567000 0.44566703
vt 0.32193297 0.43983901
vt 0.32100499 0.44353598
vt 0.33504498 0.46963203
vt 0.33738798 0.46919799
vt 0.33449602 0.47080201
vt 0.31161398 0.42866999
vt 0.30931002 0.42905003
vt 0.31196302 0.42664701
vt 0.31217903 0.42330801
vt 0.31479698 0.42294902
vt 0.31015402 0.42117798
vt 0.31285501 0.41629702
vt 0.30823702 0.41959000
vt 0.30820602 0.41613603
vt 0.30672801 0.42164499
vt 0.32573998 0.40706199
vt 0.32402700 0.40459400
vt 0.33039701 0.41439402
vt 0.33157098 0.41492200
vt 0.31512398 0.40467501
vt 0.31716901 0.40591502
vt 0.31447202 0.40749800
vt 0.31265098 0.40479702
vt 0.32029700 0.40604103
vt 0.31984597 0.40794402
vt 0.31935197 0.41112202
vt 0.31942201 0.40553999
vt 0.32110000 0.40376902
vt 0.32004499 0.40065402
vt 0.31862998 0.40470898
vt 0.31993598 0.40891200
vt 0.31864399 0.40119398
vt 0.31894499 0.40316403
vt 0.33188897 0.39665300
vt 0.33222598 0.39774400
vt 0.33401698 0.39866400
vt 0.33305901 0.39935201
vt 0.33094901 0.39764702
vt 0.34663701 0.42196101
vt 0.34817702 0.42520601
vt 0.31924802 0.45529401
vt 0.31866997 0.45270401
vt 0.32116401 0.45602697
vt 0.31659198 0.45593500
vt 0.31491101 0.45276397
vt 0.32283902 0.45656598
vt 0.32494003 0.45542097
vt 0.32239300 0.45826697
vt 0.31326199 0.45523000
vt 0.31191200 0.45541197
vt 0.31108600 0.45271701
vt 0.32290000 0.48060900
vt 0.32349497 0.48301899
vt 0.32120502 0.47968602
vt 0.32441002 0.47814298
vt 0.32257801 0.47452998
vt 0.31854701 0.44610697
vt 0.32238501 0.44790202
vt 0.31721598 0.44727802
vt 0.31609100 0.44265401
vt 0.33874100 0.44269502
vt 0.33664602 0.45136601
vt 0.33993298 0.44792402
vt 0.30142403 0.43543398
vt 0.30151200 0.43690598
vt 0.30158502 0.43857801
vt 0.30135000 0.44237000
vt 0.34145802 0.45434600
vt 0.34374100 0.44628698
vt 0.32504201 0.48403001
vt 0.32704300 0.48344600
vt 0.32489401 0.48467398
vt 0.33029902 0.48039001
vt 0.33091402 0.47792000
vt 0.32751203 0.48356301
vt 0.32622200 0.48255998
vt 0.34505200 0.46766102
vt 0.34786099 0.46594298
vt 0.35150200 0.46398598
vt 0.34501803 0.46795499
vt 0.34211600 0.46850699
vt 0.34496701 0.46816802
vt 0.34784299 0.46430701
vt 0.33915901 0.40974897
vt 0.33711803 0.40366799
vt 0.32420498 0.40976799
vt 0.32223099 0.40890700
vt 0.31962502 0.40803701
vt 0.31980002 0.41031200
vt 0.33524603 0.40951502
vt 0.33396500 0.40548903
vt 0.33644497 0.40989101
vt 0.33512503 0.41289502
vt 0.31904000 0.39662802
vt 0.31918699 0.39721102
vt 0.31870103 0.39819801
vt 0.31930798 0.39791501
vt 0.32057101 0.39668202
vt 0.30391097 0.44891900
vt 0.30588597 0.45199901
vt 0.30296701 0.44723701
vt 0.30201799 0.44573998
vt 0.96102703 0.49889302
vt 0.96127599 0.50024199
vt 0.96285099 0.49993300
vt 0.96196300 0.49823201
vt 0.96261501 0.49780703
vt 0.96320802 0.49843299
vt 0.96242303 0.49636501
vt 0.96351302 0.49664599
vt 0.96471000 0.49906802
vt 0.96465802 0.49869800
vt 0.96643400 0.49235201
vt 0.96672601 0.49220699
vt 0.96698701 0.48854601
vt 0.96638501 0.49116099
vt 0.96623701 0.49387300
vt 0.96612298 0.49287498
vt 0.96847802 0.49017400
vt 0.96782303 0.49120998
vt 0.96929997 0.49110103
vt 0.96836197 0.48842299
vt 0.97098398 0.48022699
vt 0.97150600 0.47900599
vt 0.97027397 0.48052198
vt 0.97004300 0.47703499
vt 0.96895701 0.49805498
vt 0.96915001 0.50018001
vt 0.96960801 0.49702400
vt 0.97021800 0.49589503
vt 0.97009403 0.49379498
vt 0.97421998 0.49165702
vt 0.97374600 0.49228299
vt 0.97470099 0.49253303
vt 0.97432703 0.49031299
vt 0.97504097 0.49078602
vt 0.97752500 0.48719800
vt 0.97721398 0.48696899
vt 0.97792500 0.48821402
vt 0.97780699 0.48851901
vt 0.98130602 0.48979902
vt 0.98084801 0.49019998
vt 0.98154801 0.49266303
vt 0.98185802 0.49109399
vt 0.98107201 0.48829198
vt 0.97725898 0.48186499
vt 0.97720599 0.48268098
vt 0.97846597 0.48169500
vt 0.97703397 0.48344100
vt 0.97573298 0.48358899
vt 0.97532302 0.47430199
vt 0.97532302 0.47306401
vt 0.97440302 0.47397000
vt 0.97348702 0.47061598
vt 0.97963101 0.48151898
vt 0.98076397 0.48227298
vt 0.98184299 0.48118001
vt 0.97960103 0.48069102
vt 0.97956997 0.47993398
vt 0.98053598 0.47965002
vt 0.98113102 0.47899902
vt 0.98190403 0.47928602
vt 0.98259002 0.47961903
vt 0.98302501 0.48073000
vt 0.97774500 0.47260302
vt 0.97721601 0.47254801
vt 0.97783202 0.47166401
vt 0.98521203 0.48849303
vt 0.98497599 0.49098200
vt 0.98483700 0.48736900
vt 0.98513800 0.48551601
vt 0.98520797 0.48956800
vt 0.98499203 0.48466301
vt 0.98480898 0.48348099
vt 0.98458302 0.48328298
vt 0.98442298 0.48236603
vt 0.98295802 0.49968100
vt 0.98249900 0.49986202
vt 0.98322999 0.49971002
vt 0.97603899 0.46895802
vt 0.97641999 0.47051299
vt 0.97559398 0.46853900
vt 0.97594297 0.47048098
vt 0.03609002 0.44765300
vt 0.04332000 0.44760501
vt 0.04145199 0.43303603
vt 0.03213000 0.43918401
vt 0.03269303 0.45423698
vt 0.01605999 0.46325099
vt 0.01136100 0.45674598
vt 0.00124699 0.46895701
vt 0.01303798 0.47240198
vt 0.02336699 0.46160698
vt 0.02979898 0.49615800
vt 0.03358501 0.49071997
vt 0.99007499 0.46273100
vt 0.98867798 0.46763301
vt 0.99195802 0.46571898
vt 0.98971999 0.45444399
vt 0.98643100 0.45744300
vt 0.99376297 0.45212102
vt 0.99380499 0.46919203
vt 0.99565399 0.46626699
vt 0.98777002 0.49399698
vt 0.98894602 0.49996799
vt 0.98779500 0.49093097
vt 0.98671901 0.49259102
vt 0.98478597 0.48266000
vt 0.98804897 0.48785299
vt 0.98656797 0.48210502
vt 0.98324502 0.47044700
vt 0.98306900 0.47231299
vt 0.98422903 0.47424901
vt 0.98242199 0.46553802
vt 0.98148799 0.46498001
vt 0.98352498 0.46765202
vt 0.98682702 0.49416298
vt 0.98614001 0.49118698
vt 0.98535198 0.48805398
vt 0.98404998 0.48173702
vt 0.98594201 0.49099702
vt 0.98385900 0.49442202
vt 0.98376697 0.49484599
vt 0.98438197 0.49605101
vt 0.97979599 0.47561502
vt 0.98033798 0.47819602
vt 0.97990698 0.47721899
vt 0.97922599 0.47222900
vt 0.98398203 0.49399000
vt 0.98371601 0.49134302
vt 0.98444599 0.49548602
vt 0.97873998 0.47061700
vt 0.97820598 0.46952599
vt 0.97805297 0.46987599
vt 0.97888798 0.47104102
vt 0.98483300 0.48408598
vt 0.98569399 0.48562801
vt 0.98475498 0.48394299
vt 0.98466200 0.48376203
vt 0.98373002 0.48206502
vt 0.98872697 0.49688298
vt 0.98855901 0.49761301
vt 0.98907399 0.49770403
vt 0.98837101 0.49839300
vt 0.98793298 0.49800098
vt 0.98782301 0.49823803
vt 0.98815399 0.49736100
vt 0.98844498 0.49646199
vt 0.98810101 0.49450302
vt 0.98887599 0.49695301
vt 0.98518598 0.48734599
vt 0.98526400 0.48938203
vt 0.98608500 0.49166399
vt 0.98559803 0.48780298
vt 0.98602003 0.48825401
vt 0.98644000 0.49029100
vt 0.98602998 0.48717499
vt 0.98687202 0.48968500
vt 0.97672898 0.46740901
vt 0.97702700 0.47116101
vt 0.97764498 0.47278899
vt 0.97698998 0.46789002
vt 0.97636402 0.46578097
vt 0.97640699 0.46958101
vt 0.97660100 0.46476698
vt 0.97725898 0.46833301
vt 0.97773999 0.47039199
vt 0.97727799 0.46742499
vt 0.05912501 0.48475200
vt 0.06061900 0.50255799
vt 0.05838603 0.47444099
vt 0.05765402 0.46555501
vt 0.06061298 0.47029901
vt 0.05564398 0.44808000
vt 0.05592197 0.44365698
vt 0.45191199 0.41984600
vt 0.42902797 0.36878401
vt 0.44208997 0.49196798
vt 0.52892500 0.48465800
vt 0.53331399 0.48388302
vt 0.52390504 0.47863901
vt 0.52570999 0.46888798
vt 0.51999998 0.47048700
vt 0.51561499 0.47093898
vt 0.51687801 0.46057701
vt 0.09539902 0.44639099
vt 0.08512300 0.46551299
vt 0.10360301 0.45632100
vt 0.09940702 0.41383702
vt 0.07885498 0.42887801
vt 0.11330199 0.46818900
vt 0.05263799 0.48613101
vt 0.05335402 0.49083102
vt 0.05425698 0.47591001
vt 0.05407798 0.49596101
vt 0.05540699 0.49226302
vt 0.98062003 0.47812003
vt 0.98108399 0.48105001
vt 0.98113298 0.47879201
vt 0.97983599 0.47581398
vt 0.97975397 0.47881198
vt 0.98018402 0.47526699
vt 0.98166198 0.47943997
vt 0.98149401 0.47813398
vt 0.98733699 0.49748302
vt 0.98712599 0.49844801
vt 0.98749000 0.49777198
vt 0.98733300 0.49595898
vt 0.98698699 0.49654001
vt 0.98764801 0.49839997
vt 0.98762500 0.49999100
vt 0.98883998 0.49371898
vt 0.98897398 0.49513602
vt 0.98621398 0.48690301
vt 0.98681498 0.48809898
vt 0.98738700 0.48913199
vt 0.98762000 0.49028301
vt 0.98156202 0.47755700
vt 0.98233002 0.47896898
vt 0.98100901 0.47605401
vt 0.98305398 0.48042399
vt 0.97762299 0.46792698
vt 0.97760201 0.46727198
vt 0.98479801 0.49699700
vt 0.98023897 0.47868401
vt 0.98491502 0.49744499
vt 0.98503202 0.49530703
vt 0.98193502 0.47515100
vt 0.98110402 0.47214103
vt 0.98251200 0.47351700
vt 0.98312300 0.47515303
vt 0.98846799 0.47253400
vt 0.98744601 0.47040302
vt 0.99749100 0.46618599
vt 0.99869001 0.47381198
vt 1.00124705 0.46895701
vt 0.99769700 0.46025598
vt 0.99795300 0.45339900
vt 0.99968898 0.45181102
vt 0.99632603 0.44437402
vt 0.03695101 0.48277599
vt 0.03386098 0.47125298
vt 1.00668800 0.44994599
vt 1.01136100 0.45674598
vt 0.00668800 0.44994599
vt 0.02715403 0.42914498
vt 0.03000498 0.42083699
vt 0.98347998 0.49979597
vt 0.98398900 0.49932098
vt 0.97832698 0.47266901
vt 0.97800398 0.47504997
vt 0.97795200 0.47198403
vt 0.97908503 0.47358400
vt 0.97899801 0.47776502
vt 0.97763801 0.47140402
vt 0.98438102 0.48303998
vt 0.98431897 0.48533797
vt 0.98523498 0.49054301
vt 0.98517501 0.48849899
vt 0.97673500 0.47206300
vt 0.97645497 0.47240800
vt 0.98368800 0.48336601
vt 0.98282099 0.48320103
vt 0.98365200 0.48592198
vt 0.98441797 0.48485798
vt 0.98364699 0.48253798
vt 0.98369902 0.48178399
vt 0.97520000 0.47185898
vt 0.97441000 0.46989399
vt 0.97582603 0.47205901
vt 0.97495103 0.46925002
vt 0.97240102 0.47829801
vt 0.97233301 0.47724003
vt 0.97224200 0.47604698
vt 0.97121298 0.47479200
vt 0.98345202 0.49093300
vt 0.98394102 0.49193603
vt 0.98292798 0.48747498
vt 0.98440099 0.49229598
vt 0.98460299 0.48923802
vt 0.98065698 0.48665798
vt 0.98119402 0.48594099
vt 0.97458702 0.48378599
vt 0.97376502 0.48312497
vt 0.97456801 0.48451000
vt 0.97466201 0.48514003
vt 0.97363400 0.48548901
vt 0.97554898 0.48573703
vt 0.97303700 0.49275100
vt 0.97247100 0.48629802
vt 0.97127301 0.48610002
vt 0.97253901 0.48727399
vt 0.97272301 0.48814499
vt 0.96833700 0.48686200
vt 0.96918797 0.48616499
vt 0.96773201 0.48599702
vt 0.96724802 0.49253500
vt 0.96565801 0.49833298
vt 0.96582997 0.49759001
vt 0.96600503 0.49684501
vt 0.96598500 0.49558002
vt 0.96458501 0.49844003
vt 0.96431601 0.49896199
vt 0.96469098 0.49757802
vt 0.96436799 0.49792999
vt 0.94966602 0.49892998
vt 0.94875300 0.49809003
vt 0.33478099 0.45437801
vt 0.33295101 0.45593297
vt 0.33467197 0.45262498
vt 0.33785802 0.41064298
vt 0.33798099 0.40755802
vt 0.31068403 0.40921098
vt 0.31340301 0.41127998
vt 0.30917400 0.41083801
vt 0.31015301 0.40672201
vt 0.30763000 0.41279203
vt 0.33490098 0.41529101
vt 0.33606601 0.41810101
vt 0.33363700 0.41428000
vt 0.34055603 0.40961498
vt 0.33905202 0.40717101
vt 0.33776498 0.40523201
vt 0.33341402 0.47669297
vt 0.33468902 0.47465599
vt 0.33186501 0.47854000
vt 0.33141899 0.47476703
vt 0.32872999 0.47641701
vt 0.33372301 0.46811301
vt 0.33009201 0.46783602
vt 0.32846200 0.48282701
vt 0.32872403 0.48159403
vt 0.34529799 0.43980098
vt 0.34663099 0.44481599
vt 0.33504099 0.45764601
vt 0.33321601 0.45293301
vt 0.31635600 0.44916201
vt 0.31290102 0.44827402
vt 0.31898701 0.47833300
vt 0.31875402 0.47459900
vt 0.31362098 0.47173297
vt 0.31339300 0.47014099
vt 0.31315100 0.46869498
vt 0.31425798 0.47028798
vt 0.31313097 0.45703501
vt 0.31040901 0.45326400
vt 0.31144398 0.45572001
vt 0.31621999 0.45926100
vt 0.30962902 0.45458901
vt 0.33992898 0.46852303
vt 0.34000999 0.46684998
vt 0.34992701 0.42800200
vt 0.35137802 0.42827302
vt 0.35002297 0.43311799
vt 0.35367697 0.43588102
vt 0.32862300 0.39658898
vt 0.32950902 0.39887702
vt 0.33035600 0.40073001
vt 0.32766402 0.40014303
vt 0.31036001 0.40518999
vt 0.30877602 0.40508401
vt 0.31338400 0.40767801
vt 0.31604898 0.41152000
vt 0.31552500 0.40736800
vt 0.31057000 0.40653998
vt 0.31771499 0.40711802
vt 0.32245302 0.40278298
vt 0.32247800 0.40044600
vt 0.33361799 0.45090902
vt 0.33416301 0.44867301
vt 0.30713302 0.42960101
vt 0.33408499 0.47237301
vt 0.33542001 0.47311902
vt 0.32704997 0.46349198
vt 0.32943797 0.46354097
vt 0.32603103 0.46614099
vt 0.32579899 0.46070898
vt 0.32493103 0.46882403
vt 0.32611102 0.47222900
vt 0.32213700 0.46887398
vt 0.33362299 0.44557500
vt 0.33053702 0.42078698
vt 0.33304000 0.42445302
vt 0.32894301 0.42052698
vt 0.32729101 0.42077100
vt 0.32854199 0.42456800
vt 0.32425100 0.41737902
vt 0.32529598 0.39250797
vt 0.32487202 0.39341497
vt 0.33215702 0.40151501
vt 0.33054602 0.40141499
vt 0.33183002 0.39840102
vt 0.32897300 0.40143102
vt 0.32694900 0.39806300
vt 0.32990301 0.42841202
vt 0.33561498 0.41949600
vt 0.33591002 0.41518098
vt 0.33331698 0.41759199
vt 0.32462001 0.41619498
vt 0.32581800 0.41999203
vt 0.32699400 0.41655499
vt 0.31989402 0.39784002
vt 0.32132399 0.39908600
vt 0.32441002 0.40061098
vt 0.32569402 0.40516001
vt 0.32883900 0.41343802
vt 0.12334001 0.45939702
vt 0.12223297 0.46024901
vt 0.12553799 0.46100998
vt 0.12368399 0.46427900
vt 0.12114203 0.46122497
vt 0.12108898 0.46345401
vt 0.14697498 0.46943802
vt 0.13442701 0.42241699
vt 0.13319999 0.42342198
vt 0.13417101 0.42159498
vt 0.12792897 0.43031800
vt 0.12817001 0.42868602
vt 0.12291199 0.43657702
vt 0.12330699 0.43709499
vt 0.12377000 0.43543202
vt 0.12020302 0.44241297
vt 0.11968201 0.44403100
vt 0.11916399 0.44568002
vt 0.11993998 0.44770598
vt 0.11849600 0.44515902
vt 0.11881799 0.44885600
vt 0.12906802 0.42671001
vt 0.13034898 0.42609102
vt 0.14400202 0.46823400
vt 0.14368200 0.46377599
vt 0.12813902 0.46991098
vt 0.12797898 0.46863902
vt 0.13737702 0.48112601
vt 0.13845402 0.48201799
vt 0.14003098 0.48286098
vt 0.12151003 0.46600503
vt 0.12088501 0.46744001
vt 0.12270701 0.46772498
vt 0.12229598 0.47029901
vt 0.12025499 0.46901798
vt 0.12111402 0.47150898
vt 0.13573998 0.45995700
vt 0.13306201 0.45727003
vt 0.13686597 0.45879102
vt 0.13813603 0.46569598
vt 0.13029802 0.46009398
vt 0.14269102 0.46022201
vt 0.13382399 0.47647500
vt 0.13280302 0.47459501
vt 0.12527698 0.48910201
vt 0.12579697 0.48769802
vt 0.12418199 0.48782200
vt 0.12632400 0.48640198
vt 0.12749797 0.48681301
vt 0.13660598 0.43408298
vt 0.13329399 0.42971802
vt 0.13120103 0.42523301
vt 0.13692099 0.43431300
vt 0.14155900 0.42679203
vt 0.13896799 0.42327303
vt 0.12731200 0.44100600
vt 0.12657499 0.44312900
vt 0.12609100 0.44442302
vt 0.12639898 0.44714999
vt 0.12475502 0.42259300
vt 0.12463897 0.42379898
vt 0.12476599 0.42399001
vt 0.12478501 0.42571700
vt 0.12465000 0.42813700
vt 0.13031501 0.41744602
vt 0.13168198 0.41628200
vt 0.12341499 0.44080901
vt 0.12420303 0.43865103
vt 0.12235898 0.44137102
vt 0.12385398 0.44320399
vt 0.12702000 0.44155800
vt 0.12128299 0.44201702
vt 0.12596297 0.43712002
vt 0.12888098 0.43730599
vt 0.12616700 0.43593198
vt 0.12633097 0.43504602
vt 0.12456101 0.43507898
vt 0.14657199 0.42920601
vt 0.14477003 0.42538798
vt 0.14705402 0.43036801
vt 0.11962003 0.47307003
vt 0.12060499 0.47451299
vt 0.12466902 0.47569603
vt 0.12382001 0.47644597
vt 0.12459201 0.47449601
vt 0.12526298 0.47628403
vt 0.12472099 0.47342902
vt 0.12485200 0.47731799
vt 0.12535000 0.49091101
vt 0.12612200 0.49269098
vt 0.12425703 0.48936200
vt 0.12684399 0.49427301
vt 0.12858403 0.49490201
vt 0.13978201 0.49060798
vt 0.12372601 0.47019202
vt 0.12364298 0.47270203
vt 0.12447602 0.47037202
vt 0.13067698 0.46363199
vt 0.13232303 0.46684802
vt 0.13197398 0.47039503
vt 0.12740302 0.47079802
vt 0.13638699 0.47397602
vt 0.12585002 0.47219503
vt 0.12599701 0.47965801
vt 0.11958802 0.45204097
vt 0.12025899 0.45214200
vt 0.12025499 0.45347399
vt 0.11881602 0.45026499
vt 0.12077302 0.45469201
vt 0.14323097 0.42222297
vt 0.14554501 0.42540199
vt 0.14708602 0.42943001
vt 0.12507999 0.43002999
vt 0.13463801 0.46566600
vt 0.12937599 0.46275598
vt 0.12927300 0.42928898
vt 0.12926799 0.42646998
vt 0.12911701 0.42433399
vt 0.12433201 0.42620999
vt 0.50434601 0.54233503
vt 0.49556899 0.56478596
vt 0.16422600 0.54827297
vt 0.18066299 0.58261895
vt 0.05513400 0.53476202
vt 0.05488300 0.54826701
vt 0.05630702 0.53381395
vt 0.05620801 0.55951703
vt 0.04537100 0.53242803
vt 0.04442501 0.52859604
vt 0.04487503 0.54219902
vt 0.04352701 0.52228403
vt 0.98333001 0.51737201
vt 0.98361599 0.51642203
vt 0.98387498 0.51546693
vt 0.98466200 0.51449800
vt 0.98348099 0.51413500
vt 0.98451298 0.51223004
vt 0.98661298 0.50177300
vt 0.98631501 0.50295401
vt 0.98591399 0.50471199
vt 0.98767298 0.50779593
vt 0.98913598 0.50176203
vt 0.98917902 0.50005400
vt 0.98843801 0.50606501
vt 0.98870498 0.50644493
vt 0.98369902 0.51321995
vt 0.97983998 0.52711904
vt 0.97987503 0.52677000
vt 0.97904497 0.52874994
vt 0.97991198 0.52628601
vt 0.98098803 0.52397299
vt 0.98178297 0.51300800
vt 0.98131102 0.51554894
vt 0.98077101 0.51922798
vt 0.98033798 0.52178502
vt 0.98539799 0.50864303
vt 0.98616099 0.50477695
vt 0.98632997 0.50261700
vt 0.98689801 0.49917901
vt 0.98014498 0.53037202
vt 0.98110402 0.52783895
vt 0.97971201 0.53540897
vt 0.98554301 0.52296603
vt 0.98588401 0.52556193
vt 0.98632097 0.51780903
vt 0.99949902 0.50845802
vt 0.99976701 0.51335502
vt 1.00032997 0.50009000
vt 1.00368905 0.50230598
vt 0.99628901 0.52041996
vt 1.00255203 0.51943696
vt 0.00918901 0.52223694
vt 0.00255197 0.51943696
vt 0.02674001 0.54788601
vt 0.02894503 0.53961301
vt 0.97530299 0.53131294
vt 0.97560102 0.53144300
vt 0.97549498 0.52983904
vt 0.97502297 0.53260100
vt 0.97479999 0.53093803
vt 0.98093903 0.52370203
vt 0.98047203 0.52421498
vt 0.98002201 0.52474904
vt 0.97909200 0.52649999
vt 0.98021102 0.52172995
vt 0.97893399 0.52432203
vt 0.98481601 0.50433803
vt 0.97599399 0.52822101
vt 0.97584099 0.52792394
vt 0.98482901 0.51285398
vt 0.98441797 0.51512504
vt 0.98519099 0.51223993
vt 0.97560900 0.52164900
vt 0.97337997 0.52583396
vt 0.97287500 0.52792501
vt 0.98135400 0.51571703
vt 0.98212099 0.51530194
vt 0.98099101 0.51437497
vt 0.98274302 0.51510000
vt 0.98305202 0.51635003
vt 0.98297298 0.50431001
vt 0.97625899 0.51360798
vt 0.97692198 0.51341093
vt 0.97758102 0.51188397
vt 0.97623801 0.51296198
vt 0.97627300 0.51250899
vt 0.97689098 0.51200795
vt 0.97551602 0.51254201
vt 0.97469199 0.51204896
vt 0.96961403 0.50794804
vt 0.96948898 0.50628603
vt 0.97041398 0.51361501
vt 0.96937102 0.51694894
vt 0.96906602 0.51789498
vt 0.97006899 0.51813495
vt 0.97293800 0.51706100
vt 0.96551901 0.50443196
vt 0.96533698 0.50489295
vt 0.96569300 0.50504100
vt 0.96549797 0.50594902
vt 0.96342999 0.50108099
vt 0.96284801 0.50140798
vt 0.96287501 0.50310695
vt 0.96367002 0.50142801
vt 0.96364701 0.50017297
vt 0.96385002 0.50163293
vt 0.96364802 0.50264001
vt 0.31850302 0.52201200
vt 0.32152897 0.51994598
vt 0.31830698 0.52437103
vt 0.32492101 0.53327096
vt 0.32862598 0.52955902
vt 0.32136399 0.53270495
vt 0.31831598 0.53390503
vt 0.31845200 0.52994299
vt 0.31550002 0.53933096
vt 0.31686199 0.52837896
vt 0.33971697 0.53301895
vt 0.34240299 0.58177400
vt 0.33972299 0.58232701
vt 0.34547800 0.57944298
vt 0.31708801 0.59216201
vt 0.31337398 0.59231794
vt 0.31878799 0.58954704
vt 0.32049698 0.58696902
vt 0.31865901 0.58488393
vt 0.32421899 0.58596301
vt 0.33771300 0.58300304
vt 0.33606601 0.58535397
vt 0.33529001 0.60362697
vt 0.33471602 0.60469496
vt 0.33470398 0.60383296
vt 0.32997602 0.52406299
vt 0.33186501 0.52534795
vt 0.32413000 0.51925695
vt 0.32329100 0.51911104
vt 0.32236803 0.51901293
vt 0.32421702 0.51929200
vt 0.30498499 0.58271599
vt 0.30523002 0.58050096
vt 0.30641103 0.58304799
vt 0.30556601 0.57843494
vt 0.30571598 0.55866396
vt 0.30394298 0.55764496
vt 0.30613500 0.56226802
vt 0.33150798 0.54680800
vt 0.33144999 0.54489899
vt 0.31681103 0.53712904
vt 0.31852299 0.54066098
vt 0.31465203 0.54102898
vt 0.31566101 0.54230201
vt 0.31668597 0.54322100
vt 0.32082200 0.54300594
vt 0.32367998 0.54436696
vt 0.32634801 0.54593396
vt 0.33856899 0.53936899
vt 0.32127398 0.60949004
vt 0.32028103 0.60944295
vt 0.32225800 0.61099195
vt 0.32258499 0.61017203
vt 0.32396102 0.61080694
vt 0.32467699 0.61141396
vt 0.30258501 0.56905401
vt 0.30612701 0.56852102
vt 0.31281501 0.54961801
vt 0.30519098 0.55449104
vt 0.31769300 0.55064094
vt 0.32382900 0.55608201
vt 0.31947201 0.56443703
vt 0.31514502 0.56904900
vt 0.31797498 0.59888697
vt 0.31653202 0.59873903
vt 0.31619298 0.59936702
vt 0.32103097 0.59747994
vt 0.33223301 0.58993900
vt 0.33363700 0.58921993
vt 0.32568997 0.59402096
vt 0.32478303 0.59486997
vt 0.32387602 0.59554601
vt 0.32524902 0.59496593
vt 0.32863498 0.55216897
vt 0.33106101 0.55254602
vt 0.30509400 0.56913102
vt 0.30622000 0.56726301
vt 0.30740201 0.56572199
vt 0.32631600 0.52834702
vt 0.32672799 0.53195596
vt 0.33119398 0.54157794
vt 0.32952398 0.53921604
vt 0.33421499 0.56706297
vt 0.33605301 0.57889104
vt 0.33322603 0.57917893
vt 0.32288098 0.60848594
vt 0.32088298 0.60821104
vt 0.32368499 0.60691702
vt 0.32477802 0.61006296
vt 0.32442498 0.60530400
vt 0.33474201 0.60421002
vt 0.33647901 0.60127902
vt 0.31760299 0.58208394
vt 0.31993997 0.57908797
vt 0.32191598 0.57654095
vt 0.32035398 0.57442701
vt 0.33512300 0.59417093
vt 0.12626499 0.56407797
vt 0.12523699 0.56303501
vt 0.12687403 0.56393600
vt 0.13347101 0.50626600
vt 0.13611698 0.50836694
vt 0.13186902 0.50590897
vt 0.13055497 0.50581503
vt 0.13320202 0.58366597
vt 0.13168198 0.58326101
vt 0.13542700 0.58256698
vt 0.12397099 0.56210697
vt 0.12294900 0.56194901
vt 0.11871499 0.55398703
vt 0.11856002 0.55290294
vt 0.11841297 0.55205500
vt 0.11873800 0.54927194
vt 0.11849397 0.55426002
vt 0.13100499 0.57951295
vt 0.12993002 0.57776201
vt 0.13069201 0.58072901
vt 0.12681901 0.55065596
vt 0.12716901 0.54912901
vt 0.14695501 0.55010796
vt 0.14749801 0.55927300
vt 0.14736497 0.54500294
vt 0.14787298 0.54050195
vt 0.14718801 0.53171098
vt 0.12728298 0.53234196
vt 0.12797898 0.53091800
vt 0.12121701 0.52576196
vt 0.12112498 0.52788997
vt 0.12233001 0.52508593
vt 0.12342101 0.52452803
vt 0.12410301 0.52310503
vt 0.11920398 0.53564394
vt 0.11850297 0.53371298
vt 0.11973298 0.53469694
vt 0.12026799 0.53376400
vt 0.12012398 0.53113604
vt 0.12135899 0.53581703
vt 0.12687802 0.52647698
vt 0.12756002 0.52773404
vt 0.12650299 0.52614701
vt 0.12669998 0.52543104
vt 0.12553298 0.52382493
vt 0.12676102 0.54732597
vt 0.12871301 0.56656504
vt 0.12942803 0.56740594
vt 0.12836099 0.56511998
vt 0.12666100 0.55951893
vt 0.12721199 0.56214404
vt 0.12505502 0.57622802
vt 0.12477100 0.57491302
vt 0.12449002 0.57389903
vt 0.12465698 0.57557797
vt 0.13031501 0.58210397
vt 0.12245297 0.55658293
vt 0.12229502 0.55800796
vt 0.12217402 0.55951500
vt 0.12388998 0.56108296
vt 0.12596297 0.56241000
vt 0.14131099 0.57512593
vt 0.14133197 0.57609594
vt 0.13952500 0.57528496
vt 0.14325500 0.57309401
vt 0.13794500 0.57549798
vt 0.13826603 0.57519197
vt 0.14747500 0.56578302
vt 0.12082100 0.52555001
vt 0.12054598 0.52726603
vt 0.12500203 0.52115893
vt 0.12488198 0.51973796
vt 0.12407702 0.51889098
vt 0.12461901 0.51855803
vt 0.12437600 0.52162004
vt 0.12521100 0.51841295
vt 0.12538803 0.51531398
vt 0.12592000 0.52118301
vt 0.12684202 0.50564599
vt 0.12811100 0.50475001
vt 0.12929302 0.50393093
vt 0.13978201 0.50886500
vt 0.13780397 0.50632203
vt 0.13978100 0.51038194
vt 0.12674099 0.51797903
vt 0.12639397 0.51905000
vt 0.12599701 0.51985693
vt 0.12645602 0.52113199
vt 0.11953998 0.54692495
vt 0.11993802 0.54651296
vt 0.12050200 0.54587197
vt 0.12117398 0.54347599
vt 0.14323097 0.57727098
vt 0.14744800 0.56522501
vt 0.14617401 0.56812298
vt 0.12626302 0.56842196
vt 0.13463801 0.53400099
vt 0.12874597 0.53719795
vt 0.12725800 0.57138598
vt 0.12390798 0.57276297
vt 0.12911898 0.57223797
vt 0.13105702 0.57344997
vt 0.13151902 0.57072699
vt 0.12596500 0.54697502
vt 0.13794702 0.57681096
vt 0.13023502 0.53263497
vt 0.12773901 0.56831801
vt 0.13040602 0.57612801
vt 0.13054401 0.57877302
vt 0.13194102 0.57456303
vt 0.13299799 0.58039200
vt 0.13489300 0.56504798
vt 0.13621300 0.56658196
vt 0.14428902 0.57260704
vt 0.14249301 0.57307994
vt 0.13959002 0.57557702
vt 0.13850403 0.57260799
vt 0.13662899 0.58095193
vt 0.13572299 0.57095301
vt 0.12076598 0.54108095
vt 0.12024802 0.54026997
vt 0.11958700 0.53938496
vt 0.11880302 0.53675103
vt 0.12540901 0.52165794
vt 0.12550998 0.52196395
vt 0.12555599 0.52243400
vt 0.14664799 0.52572894
vt 0.13572103 0.50468802
vt 0.12613499 0.51219404
vt 0.12641299 0.52593601
vt 0.12664300 0.52656496
vt 0.12583101 0.52487004
vt 0.12498403 0.52330804
vt 0.12067401 0.52884102
vt 0.14439398 0.57013798
vt 0.14228302 0.57613397
vt 0.13413602 0.58309698
vt 0.13152599 0.58281004
vt 0.12357497 0.56438196
vt 0.12215799 0.56325495
vt 0.12081301 0.56168604
vt 0.12081802 0.56150198
vt 0.12546599 0.57684600
vt 0.12581199 0.57555997
vt 0.12612700 0.57429695
vt 0.12935603 0.57948101
vt 0.12934101 0.58057797
vt 0.12941402 0.58173800
vt 0.13097697 0.56972003
vt 0.12757099 0.56384993
vt 0.12258202 0.53822696
vt 0.12326002 0.53758693
vt 0.12395799 0.53685796
vt 0.12659502 0.52338898
vt 0.12989002 0.51797402
vt 0.11862898 0.53373098
vt 0.11916298 0.53267002
vt 0.11850899 0.53253102
vt 0.11841297 0.53161800
vt 0.12150902 0.53051102
vt 0.12085903 0.53180194
vt 0.12023002 0.53323996
vt 0.13729900 0.51620102
vt 0.13943797 0.51753998
vt 0.14111698 0.51886404
vt 0.12813902 0.52964401
vt 0.14589602 0.53306699
vt 0.14617598 0.53030694
vt 0.12942398 0.57529402
vt 0.11919498 0.55632794
vt 0.11967701 0.55545902
vt 0.12003303 0.55892098
vt 0.12016600 0.55461800
vt 0.12187898 0.56216598
vt 0.12165302 0.56136596
vt 0.12149501 0.56092393
vt 0.13836002 0.58051300
vt 0.14697498 0.53002298
vt 0.13865697 0.51054096
vt 0.12633502 0.52711701
vt 0.33040601 0.57190502
vt 0.31761402 0.57341599
vt 0.31847399 0.57220900
vt 0.31972700 0.57095504
vt 0.32663000 0.61084700
vt 0.32669002 0.61036897
vt 0.32911003 0.60958803
vt 0.32703000 0.61017299
vt 0.32753098 0.58463395
vt 0.32885802 0.58203101
vt 0.33021700 0.57992303
vt 0.33362299 0.55795002
vt 0.33416301 0.55485702
vt 0.32442302 0.53911293
vt 0.32587999 0.53767693
vt 0.32740098 0.53626597
vt 0.33340901 0.53244603
vt 0.30823702 0.58433294
vt 0.30885100 0.58774900
vt 0.33361799 0.55267596
vt 0.32573998 0.59657800
vt 0.31431198 0.59792399
vt 0.31562698 0.59636497
vt 0.31686902 0.59483993
vt 0.31963199 0.59536195
vt 0.31512398 0.59906793
vt 0.32029700 0.59769297
vt 0.33467400 0.60300601
vt 0.33323503 0.60473299
vt 0.33127499 0.60698104
vt 0.34663701 0.58143902
vt 0.31996602 0.54711902
vt 0.32071602 0.54831600
vt 0.31677598 0.54769301
vt 0.32169199 0.54932201
vt 0.32024801 0.55112100
vt 0.31326199 0.54883397
vt 0.31898701 0.52572393
vt 0.31558001 0.55753899
vt 0.31815702 0.55521393
vt 0.32023603 0.55361104
vt 0.33874100 0.56101000
vt 0.34529799 0.56378698
vt 0.32504201 0.51997900
vt 0.33141899 0.52913404
vt 0.33341402 0.52718902
vt 0.33875698 0.59730995
vt 0.33952099 0.59518600
vt 0.34004599 0.59356904
vt 0.33490098 0.58817804
vt 0.30802798 0.59403503
vt 0.30909699 0.59240699
vt 0.31021100 0.59104502
vt 0.31845701 0.60448003
vt 0.31913501 0.60627198
vt 0.31984299 0.60814595
vt 0.30252999 0.55829597
vt 0.30293900 0.55656993
vt 0.30336100 0.55503297
vt 0.96100998 0.50273502
vt 0.96151799 0.50403595
vt 0.96144801 0.50189698
vt 0.96191001 0.50127900
vt 0.96455503 0.50138903
vt 0.96446502 0.50218797
vt 0.96583700 0.50633299
vt 0.96577901 0.50735593
vt 0.96609801 0.50645995
vt 0.96663797 0.50629902
vt 0.97077203 0.51862299
vt 0.96895099 0.50425398
vt 0.96926302 0.50337803
vt 0.96965700 0.50240803
vt 0.97276300 0.50787604
vt 0.97737700 0.51301801
vt 0.97777402 0.51205003
vt 0.98059499 0.51337397
vt 0.97776699 0.51716399
vt 0.97685403 0.51730502
vt 0.97603101 0.51736701
vt 0.97522098 0.52812302
vt 0.97533703 0.52690196
vt 0.97426403 0.52989995
vt 0.97532201 0.52562499
vt 0.98369902 0.51819897
vt 0.98364699 0.51744497
vt 0.98368800 0.51661694
vt 0.97774798 0.52737904
vt 0.97801203 0.52810299
vt 0.98529899 0.51246202
vt 0.98517102 0.51453304
vt 0.98485303 0.51578498
vt 0.98443800 0.51435804
vt 0.97835600 0.52771997
vt 0.97807801 0.52778399
vt 0.97773397 0.52795601
vt 0.97794497 0.52505493
vt 0.97604400 0.53102398
vt 0.02398300 0.57718098
vt 0.02664602 0.58481693
vt 0.00602400 0.55451095
vt 1.00602400 0.55451095
vt 1.01029396 0.54832304
vt 0.02780497 0.52893603
vt 0.99274802 0.53865302
vt 0.99210799 0.53402698
vt 0.99005300 0.54589593
vt 0.99145401 0.53004801
vt 0.98694199 0.51195598
vt 0.98813200 0.50895202
vt 0.98918003 0.50597596
vt 0.98193300 0.52482903
vt 0.98375702 0.50558293
vt 0.98369503 0.50515294
vt 0.97979599 0.52436602
vt 0.97922599 0.52775204
vt 0.98393601 0.50600004
vt 0.97873998 0.52936399
vt 0.98213601 0.52154303
vt 0.98225898 0.52092302
vt 0.98240697 0.52035499
vt 0.98675400 0.51244903
vt 0.98676902 0.51219702
vt 0.98680001 0.51179099
vt 0.98602802 0.51288700
vt 0.98883998 0.50626302
vt 0.98764801 0.50158298
vt 0.98542303 0.51332903
vt 0.98563498 0.51218200
vt 0.98582399 0.51104200
vt 0.98542500 0.51020396
vt 0.97681201 0.53336501
vt 0.97701001 0.53216600
vt 0.97637200 0.53419197
vt 0.97640598 0.52995002
vt 0.97719598 0.53093398
vt 0.97714299 0.52841294
vt 0.05694997 0.53808498
vt 0.05655801 0.55559504
vt 0.05856901 0.52778399
vt 0.06019598 0.51899195
vt 0.45237797 0.56106102
vt 0.43204099 0.60856903
vt 0.52649099 0.51688302
vt 0.53263998 0.51028204
vt 0.51840997 0.52822995
vt 0.52526999 0.52670395
vt 0.12499702 0.45219600
vt 0.12199903 0.45284998
vt 0.13562298 0.42168200
vt 0.13001400 0.42119002
vt 0.12466401 0.43459803
vt 0.12427598 0.43462002
vt 0.12573898 0.43416202
vt 0.12667203 0.43370599
vt 0.12633598 0.42927903
vt 0.12552398 0.42737901
vt 0.12135798 0.44955701
vt 0.12146300 0.45100701
vt 0.12157297 0.45242000
vt 0.12824601 0.48463398
vt 0.12987101 0.48473400
vt 0.13980198 0.47705501
vt 0.14432901 0.47609198
vt 0.13701200 0.48041302
vt 0.13851100 0.49176300
vt 0.13535899 0.49508202
vt 0.13751298 0.49078202
vt 0.13480902 0.49093598
vt 0.13543302 0.48768800
vt 0.13401699 0.48429799
vt 0.14664799 0.47372699
vt 0.14692700 0.46768802
vt 0.13280201 0.49646902
vt 0.12342799 0.48327303
vt 0.12361503 0.48515099
vt 0.12379497 0.48733902
vt 0.12908101 0.48695600
vt 0.12949800 0.48391402
vt 0.12309998 0.47689998
vt 0.14504498 0.42985803
vt 0.14228302 0.42336899
vt 0.13692302 0.41696298
vt 0.12357497 0.43516099
vt 0.12215799 0.43629301
vt 0.12081301 0.43786800
vt 0.12640399 0.42280400
vt 0.12574601 0.42392898
vt 0.12512702 0.42508602
vt 0.13068402 0.41830099
vt 0.12951100 0.41882199
vt 0.12826502 0.41942298
vt 0.12368798 0.44647199
vt 0.12559801 0.44849902
vt 0.13370299 0.43763399
vt 0.13569498 0.44123298
vt 0.13852698 0.44921303
vt 0.13469601 0.45296401
vt 0.14416301 0.45426297
vt 0.13064802 0.45408303
vt 0.13182300 0.42532200
vt 0.12722403 0.45681101
vt 0.12392497 0.46016300
vt 0.12328601 0.46214300
vt 0.12264001 0.46402597
vt 0.12659502 0.47615999
vt 0.12989002 0.48155701
vt 0.13163400 0.47179699
vt 0.12212402 0.47528601
vt 0.12226099 0.47420299
vt 0.12243700 0.47324198
vt 0.12728298 0.46721703
vt 0.14682198 0.45881802
vt 0.14754999 0.45311701
vt 0.14819300 0.44805199
vt 0.12681901 0.44891399
vt 0.13400799 0.42029703
vt 0.11845201 0.44451600
vt 0.11856198 0.44615299
vt 0.11867797 0.44803900
vt 0.12397099 0.43746102
vt 0.12523699 0.43652898
vt 0.13320202 0.41586900
vt 0.13108200 0.49441499
vt 0.13240802 0.49308097
vt 0.13348299 0.49198198
vt 0.12626499 0.43548203
vt 0.33786899 0.41615099
vt 0.32070601 0.42297000
vt 0.31926900 0.42379999
vt 0.31849903 0.41860002
vt 0.31816500 0.42508501
vt 0.33174503 0.39663798
vt 0.32500798 0.39565802
vt 0.32355702 0.39668399
vt 0.32216698 0.39773399
vt 0.33785701 0.42699802
vt 0.34004998 0.42981303
vt 0.33624101 0.42786801
vt 0.33501297 0.42794198
vt 0.33119398 0.46214098
vt 0.33144999 0.45880598
vt 0.32631600 0.47555798
vt 0.31841397 0.43709898
vt 0.31628799 0.43802100
vt 0.31415099 0.43899798
vt 0.32709998 0.45490301
vt 0.32538998 0.44823802
vt 0.33223301 0.41360402
vt 0.30817699 0.40742701
vt 0.30766898 0.40697801
vt 0.30713302 0.40660000
vt 0.30269098 0.43517703
vt 0.30433798 0.43806201
vt 0.30248600 0.42916000
vt 0.30339998 0.42775500
vt 0.30420703 0.42520100
vt 0.30780101 0.44425601
vt 0.32210898 0.41805398
vt 0.32258201 0.42341900
vt 0.32869798 0.45333201
vt 0.32463300 0.46135199
vt 0.32591599 0.44475698
vt 0.32115698 0.43358600
vt 0.35000300 0.45542997
vt 0.35282302 0.45130801
vt 0.34932703 0.44988000
vt 0.34875500 0.44306803
vt 0.33856899 0.46423101
vt 0.32551903 0.45919597
vt 0.32378101 0.45953000
vt 0.32207501 0.45959699
vt 0.31668597 0.46084702
vt 0.31939697 0.47049201
vt 0.33150798 0.45689899
vt 0.31022602 0.44917899
vt 0.30624598 0.42414898
vt 0.30541098 0.42321497
vt 0.30449498 0.42243898
vt 0.32130003 0.48495501
vt 0.32315499 0.48484898
vt 0.32253897 0.48334998
vt 0.32506800 0.48478001
vt 0.32997602 0.47984701
vt 0.33529001 0.39984500
vt 0.33771300 0.42040098
vt 0.33972299 0.42101598
vt 0.32087398 0.41374898
vt 0.31882697 0.41405201
vt 0.31674099 0.41442299
vt 0.34240299 0.42152703
vt 0.34547800 0.42376202
vt 0.33587700 0.47328001
vt 0.32067001 0.46453297
vt 0.32138699 0.46706402
vt 0.32534599 0.47896302
vt 0.32414597 0.47694898
vt 0.32085502 0.47632301
vt 0.32124501 0.47257000
vt 0.31923902 0.46999902
vt 0.96392399 0.49940097
vt 0.96379399 0.49901801
vt 0.96370298 0.49847198
vt 0.96404999 0.49752098
vt 0.96601498 0.49465001
vt 0.96588898 0.49409598
vt 0.97325802 0.48224998
vt 0.96963000 0.48141801
vt 0.96923697 0.48049700
vt 0.97022200 0.48548502
vt 0.97003102 0.49193299
vt 0.97492802 0.48954701
vt 0.97558099 0.48959798
vt 0.97601402 0.48660499
vt 0.97651500 0.48686200
vt 0.97696799 0.48732102
vt 0.97716898 0.48821098
vt 0.98213100 0.49358499
vt 0.98204100 0.49567300
vt 0.98199898 0.48554701
vt 0.98184901 0.48425800
vt 0.98182398 0.48316598
vt 0.97357500 0.47376800
vt 0.97266197 0.47213298
vt 0.97569102 0.47812498
vt 0.98482800 0.48712897
vt 0.97598100 0.47176200
vt 0.97548300 0.47014397
vt 0.98438197 0.49819303
vt 0.98435402 0.49798298
vt 0.98002201 0.47523302
vt 0.98037797 0.47829401
vt 0.98047203 0.47576702
vt 0.98093903 0.47627997
vt 0.97529298 0.46866900
vt 0.97501397 0.46738100
vt 0.03006798 0.46164697
vt 0.00967598 0.48205799
vt 0.00286603 0.48576301
vt 0.99699199 0.49047399
vt 1.00286603 0.48576301
vt 0.99990499 0.48612797
vt 0.99905002 0.48260701
vt 0.98554301 0.47701198
vt 0.98588401 0.47441697
vt 0.98014498 0.46960801
vt 0.97971201 0.46456999
vt 0.98471200 0.49145103
vt 0.98525500 0.49189699
vt 0.98626202 0.49402303
vt 0.98079997 0.48075199
vt 0.98313600 0.48930401
vt 0.98315901 0.48775297
vt 0.97920799 0.47209603
vt 0.97904199 0.47242302
vt 0.97989702 0.47349000
vt 0.98056799 0.47474700
vt 0.98283499 0.48471397
vt 0.98771203 0.49181497
vt 0.98738801 0.49252701
vt 0.98902500 0.49669999
vt 0.98906702 0.49765301
vt 0.98915398 0.49847800
vt 0.98767298 0.49218601
vt 0.98669398 0.49254698
vt 0.98661298 0.49429500
vt 0.98695397 0.49321800
vt 0.98721701 0.49388599
vt 0.97833401 0.47250599
vt 0.97856301 0.47586501
vt 0.97872901 0.47301900
vt 0.97913998 0.47358900
vt 0.05686200 0.49428201
vt 0.06562197 0.46311402
vt 0.07090199 0.47118998
vt 0.06309700 0.44102502
vt 0.07646298 0.47990602
vt 0.50792396 0.47328299
vt 0.96647698 0.46815300
vt 0.96778399 0.46957898
vt 0.96931797 0.46683699
vt 0.96647400 0.46658301
vt 0.96534002 0.46899098
vt 0.96668500 0.47148001
vt 0.96342999 0.46653003
vt 0.92685598 0.46481800
vt 0.92777902 0.46747601
vt 0.93303001 0.46629602
vt 0.92836702 0.46317798
vt 0.92449498 0.46523100
vt 0.92494202 0.46900100
vt 0.92499202 0.46079999
vt 0.92992598 0.46158499
vt 0.93333602 0.46208799
vt 0.92968702 0.45955098
vt 0.93360102 0.45984602
vt 0.94582599 0.43923199
vt 0.94296998 0.43672299
vt 0.94107199 0.43762898
vt 0.94630402 0.44058198
vt 0.94823301 0.43975902
vt 0.94435799 0.43706799
vt 0.95423198 0.44090998
vt 0.95288998 0.43714303
vt 0.95383102 0.43814498
vt 0.96053600 0.43885398
vt 0.95577800 0.43765599
vt 0.94970298 0.43590099
vt 0.94773000 0.43652999
vt 0.95169699 0.43619502
vt 0.94156599 0.46552998
vt 0.94496202 0.46577799
vt 0.94733000 0.46244198
vt 0.94027799 0.46394098
vt 0.93940401 0.46749002
vt 0.94306600 0.46901703
vt 0.93828899 0.46218997
vt 0.94030100 0.46009803
vt 0.94998300 0.45367903
vt 0.95390201 0.45590901
vt 0.95537603 0.45446599
vt 0.94813699 0.45157897
vt 0.94749498 0.45415503
vt 0.95289201 0.45725501
vt 0.93681097 0.45273203
vt 0.92363900 0.46537203
vt 0.92614502 0.46703702
vt 0.92585301 0.47122800
vt 0.92370403 0.46618497
vt 0.92370802 0.46173501
vt 0.92676198 0.46280801
vt 0.92371100 0.46692502
vt 0.92394298 0.47020400
vt 0.94247597 0.43834400
vt 0.94397497 0.44058001
vt 0.94142801 0.44090599
vt 0.94201899 0.43751800
vt 0.94365197 0.43774301
vt 0.94583601 0.44033903
vt 0.94153702 0.43645197
vt 0.94017798 0.43670601
vt 0.96541101 0.44502300
vt 0.96609098 0.44727701
vt 0.96496397 0.44697499
vt 0.96442300 0.44444001
vt 0.96472800 0.44303298
vt 0.96600401 0.44576597
vt 0.96079397 0.44054502
vt 0.96311599 0.44395602
vt 0.96282399 0.44464397
vt 0.96023202 0.44186300
vt 0.95870298 0.44209498
vt 0.95469898 0.45874000
vt 0.95366901 0.45740598
vt 0.95513898 0.45667100
vt 0.95506698 0.45795602
vt 0.95362902 0.45915103
vt 0.95150101 0.45940697
vt 0.95544100 0.45716298
vt 0.95635903 0.45689100
vt 0.96372402 0.44120401
vt 0.96443200 0.44213700
vt 0.96112597 0.43928099
vt 0.95930099 0.44458503
vt 0.95325601 0.44428498
vt 0.95607501 0.44231200
vt 0.96177500 0.45012099
vt 0.95913601 0.45204902
vt 0.96409798 0.44861102
vt 0.93734199 0.45389098
vt 0.93350500 0.44917297
vt 0.93767500 0.44655800
vt 0.94371802 0.45186502
vt 0.93702102 0.45774102
vt 0.92975199 0.45295602
vt 0.96207899 0.44433397
vt 0.95798302 0.44266301
vt 0.95842397 0.44272202
vt 0.96495700 0.44795501
vt 0.95399398 0.44149399
vt 0.94705200 0.43927598
vt 0.95819902 0.44240600
vt 0.94832700 0.43825603
vt 0.95501602 0.48519599
vt 0.95455301 0.48482502
vt 0.95340401 0.48801702
vt 0.95529300 0.48703402
vt 0.95586300 0.48435801
vt 0.95574600 0.48208302
vt 0.95661998 0.48640501
vt 0.90598100 0.47298503
vt 0.90759897 0.45935500
vt 0.90460503 0.45780897
vt 0.90404803 0.48027003
vt 0.90784800 0.47970402
vt 0.91108900 0.46223199
vt 0.90593803 0.50085294
vt 0.90171701 0.48777598
vt 0.90026802 0.48100001
vt 0.90091801 0.50154400
vt 0.89742702 0.49952000
vt 0.93095303 0.48793000
vt 0.93075299 0.48589301
vt 0.92805499 0.48562199
vt 0.93008798 0.48912698
vt 0.93260098 0.48835403
vt 0.93288302 0.48576897
vt 0.93236798 0.49253500
vt 0.92788100 0.47564203
vt 0.92609400 0.47772700
vt 0.92238599 0.48614103
vt 0.92678398 0.47800702
vt 0.93083400 0.47144699
vt 0.93068999 0.47017199
vt 0.93116403 0.47249502
vt 0.92619902 0.47842097
vt 0.92809403 0.47564799
vt 0.92430902 0.48154199
vt 0.92615700 0.47880298
vt 0.91184199 0.44704002
vt 0.91622198 0.44550401
vt 0.92434502 0.43349999
vt 0.91349000 0.44035703
vt 0.91562301 0.43360901
vt 0.92237800 0.42683500
vt 0.91282898 0.43401998
vt 0.92181402 0.42047602
vt 0.93265903 0.44296801
vt 0.92684698 0.44661200
vt 0.92920601 0.46121401
vt 0.93616802 0.44775897
vt 0.93484998 0.43504697
vt 0.94459897 0.43953401
vt 0.93891603 0.45145398
vt 0.93747801 0.45772600
vt 0.94411600 0.44945902
vt 0.94348097 0.45634502
vt 0.93660301 0.46720302
vt 0.93542802 0.46661901
vt 0.93485498 0.46860600
vt 0.93979502 0.46630198
vt 0.94116497 0.46338898
vt 0.93919897 0.46816599
vt 0.93485600 0.49754798
vt 0.93607402 0.50012398
vt 0.93867397 0.49917001
vt 0.93595999 0.49621099
vt 0.93256497 0.49690503
vt 0.93268198 0.50080299
vt 0.93690902 0.49461699
vt 0.93855399 0.49494398
vt 0.93606400 0.49202400
vt 0.93862998 0.49087000
vt 0.95119500 0.43595999
vt 0.95363998 0.44104201
vt 0.96132499 0.44317400
vt 0.95440602 0.43587500
vt 0.94469702 0.43213302
vt 0.94442803 0.42622203
vt 0.95747000 0.43601400
vt 0.96210003 0.43961799
vt 0.95443702 0.43084598
vt 0.96274102 0.43582398
vt 0.98008603 0.45736098
vt 0.97804099 0.45350099
vt 0.97925699 0.45776600
vt 0.98171902 0.46149200
vt 0.98025697 0.45534003
vt 0.97555399 0.44538403
vt 0.98397899 0.46394098
vt 0.93977797 0.49400401
vt 0.94044101 0.49541903
vt 0.94018197 0.49106401
vt 0.94208300 0.49183297
vt 0.94096798 0.49688798
vt 0.94034499 0.49985099
vt 0.94206101 0.49614602
vt 0.94196302 0.50063503
vt 0.96385300 0.45131999
vt 0.96133697 0.44924098
vt 0.95846999 0.45597798
vt 0.96306801 0.45505798
vt 0.96546698 0.44969702
vt 0.96582299 0.45470703
vt 0.94334000 0.49688798
vt 0.94398898 0.49977100
vt 0.94409698 0.49546999
vt 0.94490701 0.49418402
vt 0.94631201 0.49556702
vt 0.94425201 0.49133497
vt 0.94672102 0.49149001
vt 0.97290498 0.44925600
vt 0.97182298 0.44985098
vt 0.97236103 0.45223200
vt 0.97372001 0.45051998
vt 0.97311801 0.44822502
vt 0.97035998 0.44805503
vt 0.97527999 0.44973099
vt 0.95821398 0.46579099
vt 0.95642900 0.46645498
vt 0.95510697 0.46742201
vt 0.95831198 0.46555799
vt 0.95949697 0.46458799
vt 0.95745897 0.46504402
vt 0.96133000 0.46358800
vt 0.95558602 0.47660297
vt 0.95469600 0.47655803
vt 0.95387799 0.48070300
vt 0.95565701 0.47819400
vt 0.95624799 0.47399598
vt 0.95532298 0.47308099
vt 0.95732200 0.47497302
vt 0.95182300 0.47676998
vt 0.95160502 0.47935402
vt 0.95282799 0.47604698
vt 0.95016199 0.47530299
vt 0.94933897 0.47827703
vt 0.95162302 0.47144502
vt 0.94927400 0.48827797
vt 0.94734001 0.48788202
vt 0.94996899 0.49009198
vt 0.95061100 0.48651397
vt 0.94808000 0.48448098
vt 0.95077199 0.49232602
vt 0.94919598 0.49446702
vt 0.95318699 0.49269903
vt 0.95872700 0.48724502
vt 0.96017003 0.48816103
vt 0.96006000 0.48614001
vt 0.95800799 0.48584199
vt 0.95839298 0.48832500
vt 0.96063501 0.49052298
vt 0.95926303 0.47363001
vt 0.96007597 0.47341001
vt 0.96098298 0.47144097
vt 0.95920599 0.47307599
vt 0.95839798 0.47522300
vt 0.95943499 0.47546202
vt 0.96046698 0.46691501
vt 0.96131003 0.46827000
vt 0.96073103 0.46538502
vt 0.95918900 0.46787101
vt 0.95990801 0.47002900
vt 0.95798802 0.46527100
vt 0.96727198 0.45810699
vt 0.96613699 0.46023798
vt 0.96724099 0.46349502
vt 0.96837002 0.45878398
vt 0.96677798 0.45601600
vt 0.96514100 0.45814002
vt 0.96879399 0.45385897
vt 0.96955597 0.45945799
vt 0.96965498 0.46215302
vt 0.97047698 0.45710802
vt 0.97194201 0.46061498
vt 0.97412503 0.45305097
vt 0.97503299 0.45393097
vt 0.97349399 0.45521200
vt 0.97470999 0.45866698
vt 0.97157502 0.46698803
vt 0.97097999 0.46515501
vt 0.97146899 0.46864998
vt 0.97256303 0.46672398
vt 0.97209299 0.46413499
vt 0.97158098 0.47028100
vt 0.97083002 0.47064102
vt 0.96468902 0.49651301
vt 0.96477503 0.49585998
vt 0.96450400 0.49627298
vt 0.96445799 0.49425501
vt 0.96483600 0.49538702
vt 0.96500200 0.49579901
vt 0.96475297 0.49442101
vt 0.96497101 0.49465603
vt 0.96335799 0.47717601
vt 0.96335602 0.47622001
vt 0.96308303 0.47567600
vt 0.96327502 0.47737801
vt 0.96354103 0.47808099
vt 0.96372002 0.47705698
vt 0.96350998 0.47928703
vt 0.96451902 0.48237598
vt 0.96466500 0.48314899
vt 0.96484798 0.48236501
vt 0.96449798 0.48152900
vt 0.96431702 0.48220998
vt 0.96444798 0.48358703
vt 0.96413600 0.48067898
vt 0.96448600 0.48074901
vt 0.96470100 0.48079902
vt 0.96429300 0.47994900
vt 0.96457499 0.47946602
vt 0.96517599 0.48996699
vt 0.96511400 0.49063098
vt 0.96527600 0.49163699
vt 0.96526998 0.49013603
vt 0.96511799 0.48911601
vt 0.96492302 0.48961800
vt 0.96525699 0.48864400
vt 0.96541297 0.49029201
vt 0.96549302 0.49136800
vt 0.96548098 0.48942602
vt 0.96575099 0.49048901
vt 0.96010798 0.48386198
vt 0.96115202 0.48556799
vt 0.96198201 0.48531097
vt 0.96023798 0.48282802
vt 0.95898902 0.48315299
vt 0.95874703 0.48049498
vt 0.96171802 0.48102701
vt 0.96177500 0.48206902
vt 0.96208900 0.48285198
vt 0.96183997 0.48093301
vt 0.96156698 0.48015100
vt 0.96151102 0.48140198
vt 0.96182197 0.47904098
vt 0.96194798 0.48081201
vt 0.96215200 0.48199999
vt 0.96203399 0.47994000
vt 0.96231502 0.48118901
vt 0.96134502 0.47478700
vt 0.96093899 0.47449398
vt 0.96095002 0.47756100
vt 0.96150100 0.47641098
vt 0.96160603 0.47368097
vt 0.96204698 0.47559202
vt 0.96357900 0.47303700
vt 0.96344602 0.47389901
vt 0.96399498 0.47461802
vt 0.96398503 0.47284800
vt 0.96323103 0.47231901
vt 0.96290702 0.47357202
vt 0.96385801 0.47118402
vt 0.96763301 0.48125702
vt 0.96755201 0.48315799
vt 0.96809900 0.48049003
vt 0.96718001 0.48010802
vt 0.96681798 0.48261398
vt 0.96751398 0.47780299
vt 0.58879101 0.44285703
vt 0.60143000 0.43526900
vt 0.59885204 0.42777503
vt 0.58268499 0.44303602
vt 0.58271801 0.45043498
vt 0.60307503 0.44312698
vt 0.56199098 0.45896500
vt 0.48243201 0.48625398
vt 0.47954202 0.48816800
vt 0.47690099 0.48958600
vt 0.48224902 0.48656201
vt 0.48681301 0.48458999
vt 0.48445100 0.48712301
vt 0.49136001 0.48383802
vt 0.48208898 0.48687297
vt 0.48029000 0.48806602
vt 0.48519200 0.48645198
vt 0.48364902 0.48812300
vt 0.38232702 0.44422901
vt 0.38011497 0.44247502
vt 0.35867399 0.44683701
vt 0.37373102 0.44666398
vt 0.39524901 0.44101799
vt 0.39924598 0.43587703
vt 0.39172101 0.44413197
vt 0.98853600 0.33283198
vt 0.98357099 0.33202100
vt 0.96459198 0.32262701
vt 0.98315799 0.32683802
vt 0.99896002 0.33677602
vt 1.00083899 0.34614199
vt 0.99947000 0.32889998
vt 0.69319999 0.46627301
vt 0.68860698 0.45181102
vt 0.67653900 0.45940500
vt 0.69015801 0.47608900
vt 0.70205796 0.47262001
vt 0.70033503 0.44653100
vt 0.70347399 0.49941099
vt 0.68682003 0.48376697
vt 0.67767298 0.47969800
vt 0.69083202 0.49857599
vt 0.67795002 0.50064600
vt 0.45956898 0.17359900
vt 0.49947298 0.18961298
vt 0.28314900 0.04435700
vt 0.27694201 0.13331801
vt 0.44730300 0.24928999
vt 0.28007501 0.22262502
vt 0.76691002 0.45514202
vt 0.75951099 0.43311697
vt 0.73705196 0.43686402
vt 0.75924498 0.46750402
vt 0.78192496 0.45960301
vt 0.78026402 0.42646599
vt 0.78233600 0.49879700
vt 0.75190496 0.47860700
vt 0.73763400 0.46831799
vt 0.75935400 0.50083697
vt 0.73819000 0.50057101
vt 0.46172303 0.28893501
vt 0.46446800 0.34036303
vt 0.44555402 0.34672201
vt 0.45195800 0.27239698
vt 0.47819102 0.25234002
vt 0.47326899 0.19297302
vt 0.05933601 0.37937999
vt 0.05982703 0.37912202
vt 0.07320100 0.39699799
vt 0.06384200 0.38635200
vt 0.05173397 0.37015599
vt 0.04864001 0.36503798
vt 0.05300200 0.37553900
vt 0.96014100 0.33339000
vt 0.97137499 0.33543903
vt 0.96751201 0.32621998
vt 0.95169598 0.32756102
vt 0.96059799 0.34030199
vt 0.97552800 0.34762597
vt 0.93935901 0.33442402
vt 0.94473201 0.32249498
vt 0.94939703 0.31972098
vt 0.93385601 0.32240301
vt 0.93309802 0.31662101
vt 0.06239700 0.42389899
vt 0.06632000 0.41456699
vt 0.07722902 0.42383897
vt 0.06508797 0.43116099
vt 0.05706501 0.42645103
vt 0.05713999 0.40563202
vt 0.55290103 0.42513001
vt 0.55367899 0.44033402
vt 0.56706101 0.43758398
vt 0.56043899 0.41463798
vt 0.54509699 0.41921902
vt 0.53955799 0.44175702
vt 0.54986501 0.39288902
vt 0.91912198 0.40457398
vt 0.92486602 0.40482998
vt 0.94029701 0.40521097
vt 0.92156798 0.40167099
vt 0.90865397 0.41357899
vt 0.91291898 0.41610003
vt 0.90416700 0.41017598
vt 0.36905301 0.43728900
vt 0.36382198 0.44481701
vt 0.37672502 0.43793899
vt 0.37600100 0.43171299
vt 0.36441398 0.43656600
vt 0.39733303 0.42622799
vt 0.39368200 0.39402801
vt 0.39342701 0.38111800
vt 0.38647097 0.38418001
vt 0.39019501 0.39978099
vt 0.39628702 0.39903200
vt 0.40150398 0.37849802
vt 0.38902497 0.41261899
vt 0.38669199 0.40473503
vt 0.38344902 0.40164399
vt 0.38354498 0.41262197
vt 0.37720501 0.41421402
vt 0.49985498 0.49803603
vt 0.49897200 0.50008202
vt 0.49547398 0.49933702
vt 0.49826801 0.49690998
vt 0.50148296 0.49763203
vt 0.50190496 0.50046396
vt 0.50038099 0.49505198
vt 0.49654102 0.49555302
vt 0.49438101 0.49568403
vt 0.49693900 0.49383599
vt 0.49275798 0.49248803
vt 0.59091401 0.46192998
vt 0.58434498 0.45990902
vt 0.56868196 0.47377700
vt 0.58574200 0.47117299
vt 0.60288298 0.45691001
vt 0.60387504 0.46999800
vt 0.39682198 0.40530300
vt 0.39843398 0.40117401
vt 0.39143199 0.41484898
vt 0.39374602 0.41583598
vt 0.11403900 0.41401201
vt 0.10293901 0.40862697
vt 0.10064399 0.41061503
vt 0.11794400 0.41713601
vt 0.11792701 0.41576898
vt 0.10282499 0.40704399
vt 0.12141001 0.42000198
vt 0.11521298 0.41816097
vt 0.05388200 0.46601200
vt 0.05550402 0.45946401
vt 0.05761200 0.46700102
vt 0.06838000 0.45563298
vt 0.98056000 0.31835902
vt 0.98959303 0.31343102
vt 0.96894902 0.30227101
vt 0.97607100 0.27402800
vt 0.41949600 0.27881199
vt 0.43121898 0.27456403
vt 0.45253199 0.23804301
vt 0.41975701 0.26766598
vt 0.40843701 0.30375999
vt 0.41895503 0.30527198
vt 0.39641500 0.30790102
vt 0.42023200 0.25319201
vt 0.43767703 0.22520000
vt 0.40496898 0.26890397
vt 0.42294401 0.22363001
vt 0.77890402 0.31442499
vt 0.77178502 0.28543502
vt 0.73635304 0.28985101
vt 0.76581097 0.32981300
vt 0.79787397 0.32692897
vt 0.81241202 0.28367400
vt 0.79079300 0.36391902
vt 0.75430900 0.34282202
vt 0.73546201 0.33182299
vt 0.76251799 0.36554098
vt 0.73549604 0.36884701
vt 0.83237398 0.45703298
vt 0.82230997 0.46737599
vt 0.82201302 0.49952900
vt 0.83555502 0.46916097
vt 0.83884400 0.43483901
vt 0.82500201 0.42847800
vt 0.84683901 0.44179702
vt 0.83815998 0.48021400
vt 0.83274102 0.50364900
vt 0.84560299 0.46881902
vt 0.84365201 0.50112796
vt 0.48881000 0.18327302
vt 0.52082896 0.15971798
vt 0.52098900 0.13932502
vt 0.47048599 0.18935400
vt 0.48356402 0.20565498
vt 0.53004098 0.18043101
vt 0.45409399 0.19665498
vt 0.45768601 0.17864299
vt 0.01070499 0.33889300
vt 0.01594901 0.34588999
vt 0.02852303 0.35161602
vt 0.01491499 0.33945203
vt 0.00068903 0.33360201
vt 0.00153899 0.34300399
vt 1.00068903 0.33360201
vt 1.01070499 0.33889300
vt 1.01491499 0.33945203
vt 0.88966101 0.35775399
vt 0.89982200 0.34351802
vt 0.89745599 0.33330798
vt 0.88315302 0.36234200
vt 0.88849199 0.36942798
vt 0.90380299 0.35397398
vt 0.87541199 0.38809800
vt 0.87872499 0.36769700
vt 0.88199103 0.35645199
vt 0.87252700 0.38598597
vt 0.87177402 0.37897199
vt 0.61325204 0.14091802
vt 0.63627398 0.15407598
vt 0.65505803 0.15783203
vt 0.60407299 0.13718998
vt 0.58655298 0.13908303
vt 0.61744201 0.15190601
vt 0.36673403 0.44897401
vt 0.36305398 0.45835900
vt 0.36305702 0.45906001
vt 0.37287003 0.44942099
vt 0.43748099 0.40244401
vt 0.45663500 0.39469802
vt 0.45592201 0.38958597
vt 0.43118900 0.40533602
vt 0.42650801 0.41086203
vt 0.45181900 0.40012300
vt 0.40822297 0.42374700
vt 0.42484701 0.40845299
vt 0.43065500 0.40239400
vt 0.41142797 0.41911900
vt 0.41288400 0.41665399
vt 0.47863698 0.49682498
vt 0.48180801 0.49558502
vt 0.48256302 0.49203902
vt 0.47782898 0.49508899
vt 0.47695500 0.50000203
vt 0.48111302 0.50005794
vt 0.47408801 0.50002897
vt 0.47700399 0.49323100
vt 0.47946697 0.49081498
vt 0.47491002 0.49457401
vt 0.49300402 0.49149001
vt 0.49293703 0.49099600
vt 0.48800701 0.48977900
vt 0.49067903 0.49133301
vt 0.49486798 0.49253303
vt 0.49711901 0.49233800
vt 0.49225998 0.49354601
vt 0.48811901 0.49120200
vt 0.48532099 0.49034703
vt 0.48750001 0.49250001
vt 0.54781699 0.47350401
vt 0.54502404 0.47956800
vt 0.56402004 0.46683502
vt 0.53799599 0.47302002
vt 0.51890701 0.48325002
vt 0.11645299 0.41641700
vt 0.10639101 0.41126502
vt 0.12169802 0.42089999
vt 0.10759401 0.41587901
vt 0.45547599 0.40485799
vt 0.46540302 0.40828198
vt 0.44261801 0.40317899
vt 0.45346302 0.40544301
vt 0.47851902 0.41938299
vt 0.43542099 0.40357602
vt 0.85751599 0.47699100
vt 0.86376601 0.46599603
vt 0.86351001 0.43883997
vt 0.85480100 0.46847302
vt 0.85371602 0.49759001
vt 0.86346000 0.49313599
vt 0.85210401 0.45893800
vt 0.85503697 0.44000298
vt 0.39010000 0.37413001
vt 0.39811599 0.35808802
vt 0.40952599 0.38326800
vt 0.39133197 0.39222801
vt 0.38441998 0.37418699
vt 0.38858598 0.33130997
vt 0.38157803 0.40395302
vt 0.68184304 0.40257400
vt 0.68336403 0.38951200
vt 0.67235398 0.39025599
vt 0.67501903 0.40744501
vt 0.68474501 0.40879297
vt 0.69324398 0.39163399
vt 0.67490196 0.42211503
vt 0.89180100 0.30141598
vt 0.88006198 0.31801301
vt 0.89094901 0.33218002
vt 0.90345699 0.30309999
vt 0.88449198 0.28598100
vt 0.86576903 0.30614603
vt 0.91611201 0.26655501
vt 0.91343701 0.30659097
vt 0.91054600 0.31869900
vt 0.92594302 0.29928601
vt 0.92678303 0.31429201
vt 0.64778399 0.16814703
vt 0.63955402 0.16925299
vt 0.66033900 0.20441902
vt 0.65619200 0.17744797
vt 0.66347003 0.18723398
vt 0.67063904 0.20887101
vt 0.66978699 0.18249702
vt 0.68270004 0.21385199
vt 0.02127600 0.35310203
vt 0.01786500 0.35506099
vt 0.02953899 0.35810000
vt 0.03087801 0.36715198
vt 0.91251302 0.33535302
vt 0.91953599 0.34054601
vt 0.91707402 0.32871503
vt 0.05990601 0.38370198
vt 0.06935799 0.38924199
vt 0.07157600 0.38733703
vt 0.05688399 0.37875903
vt 0.05705202 0.38530803
vt 0.07001001 0.39399499
vt 0.04651302 0.37714499
vt 0.58835500 0.41591799
vt 0.59995401 0.40661502
vt 0.59544003 0.37709802
vt 0.58063900 0.40926403
vt 0.58344603 0.43210000
vt 0.38353503 0.42762601
vt 0.38587701 0.41619301
vt 0.39004201 0.42399299
vt 0.38591701 0.43554997
vt 0.38112098 0.42802602
vt 0.37916899 0.44681001
vt 0.49502599 0.49859399
vt 0.49659902 0.49827498
vt 0.49710703 0.49611199
vt 0.49447602 0.49766999
vt 0.49406201 0.50019300
vt 0.49608302 0.50042403
vt 0.49117202 0.50016201
vt 0.49401200 0.49631703
vt 0.49516499 0.49475801
vt 0.49176502 0.49675000
vt 0.41744298 0.41765600
vt 0.40598702 0.42689198
vt 0.40315503 0.42763799
vt 0.42338300 0.41425598
vt 0.08720601 0.40746599
vt 0.07574701 0.39987803
vt 0.09273100 0.41037798
vt 0.09397501 0.41250402
vt 0.07708901 0.40334499
vt 0.11116999 0.42140502
vt 0.09791303 0.41283101
vt 0.09147501 0.40820497
vt 0.10888100 0.41848302
vt 0.50241804 0.44135398
vt 0.51187503 0.44683802
vt 0.49935400 0.42822498
vt 0.48957002 0.42645001
vt 0.50523496 0.44693702
vt 0.04206300 0.35777402
vt 0.03904599 0.35730898
vt 0.03867000 0.35665298
vt 0.04900700 0.36326301
vt 0.04796499 0.36217302
vt 0.06256700 0.39243603
vt 0.05518198 0.38916200
vt 0.06522799 0.38984102
vt 0.06629699 0.40098000
vt 0.02243000 0.39122802
vt 0.02780497 0.40189898
vt 0.03973699 0.39734203
vt 0.02545899 0.38381398
vt 0.01355398 0.39048201
vt 0.01096201 0.37353998
vt 0.45867097 0.27571797
vt 0.46842003 0.25407702
vt 0.44744301 0.27875000
vt 0.45963401 0.29423398
vt 0.48092300 0.27492499
vt 0.43871999 0.32139403
vt 0.43717700 0.28424400
vt 0.42903298 0.30903000
vt 0.41148198 0.30704802
vt 0.42794198 0.28843403
vt 0.41102898 0.33242798
vt 0.40024000 0.29111201
vt 0.41757601 0.25460798
vt 0.41013598 0.35085702
vt 0.42552400 0.36556500
vt 0.94906199 0.23441797
vt 0.97162098 0.22837502
vt 0.96006203 0.16162300
vt 0.93090302 0.21960402
vt 0.94903898 0.26314801
vt 0.90831399 0.20869398
vt 0.89721501 0.17159700
vt 0.88835001 0.22985101
vt 0.85244602 0.19525403
vt 0.67793000 0.27231503
vt 0.68216896 0.30661303
vt 0.68957800 0.30807501
vt 0.67751098 0.25636101
vt 0.66995502 0.25986099
vt 0.67574400 0.30832201
vt 0.98649001 0.35388398
vt 0.98248202 0.36087900
vt 0.98711801 0.37588698
vt 0.99095303 0.35641801
vt 0.98553503 0.34440798
vt 1.00153899 0.34300399
vt 0.99790698 0.36119699
vt 0.99571902 0.37116200
vt 1.00689602 0.35821003
vt 1.01096201 0.37353998
vt 0.88562500 0.34728497
vt 0.89545602 0.33282101
vt 0.88030899 0.35573602
vt 0.44201702 0.39733702
vt 0.42557502 0.39572197
vt 0.44397998 0.39267099
vt 0.44449103 0.38251501
vt 0.46406502 0.39165097
vt 0.44283402 0.37047201
vt 0.43531501 0.36843097
vt 0.41552103 0.39715397
vt 0.44041997 0.38010299
vt 0.46122903 0.35946703
vt 0.45953000 0.34199798
vt 0.46775401 0.37130398
vt 0.92497998 0.49600101
vt 0.92553103 0.49973798
vt 0.92778599 0.49909699
vt 0.92588997 0.49428803
vt 0.92375302 0.49387801
vt 0.92338699 0.49981701
vt 0.92453700 0.48853499
vt 0.92666101 0.49309498
vt 0.92792702 0.49473703
vt 0.92641002 0.49015701
vt 0.92803699 0.49141002
vt 0.92901802 0.48122400
vt 0.93023598 0.47918200
vt 0.93143201 0.47694099
vt 0.92912102 0.48105299
vt 0.92796701 0.48272502
vt 0.92922699 0.48010600
vt 0.93744999 0.48337197
vt 0.93890500 0.48435599
vt 0.94139999 0.48298103
vt 0.93760401 0.48228103
vt 0.93581599 0.48387599
vt 0.93715101 0.48586100
vt 0.93349397 0.48193902
vt 0.92899203 0.48336202
vt 0.92742598 0.48350400
vt 0.93036503 0.48402900
vt 0.92967802 0.48097003
vt 0.92644697 0.48011100
vt 0.93131399 0.48448598
vt 0.93301398 0.48408502
vt 0.58759999 0.27711302
vt 0.60563004 0.29766899
vt 0.63065201 0.29291999
vt 0.59081197 0.26102102
vt 0.56661296 0.28063202
vt 0.58648199 0.30962902
vt 0.53823400 0.25280702
vt 0.59569097 0.24462301
vt 0.61881500 0.24647701
vt 0.57256401 0.22459698
vt 0.60264701 0.21313500
vt 0.61547303 0.45578802
vt 0.62219101 0.46365201
vt 0.64059401 0.45732701
vt 0.62154901 0.44953102
vt 0.62771100 0.44251502
vt 0.64014804 0.44160402
vt 0.62407899 0.43405098
vt 0.64217997 0.42654598
vt 0.49779898 0.22090000
vt 0.51116699 0.17844200
vt 0.50593901 0.22751999
vt 0.54171896 0.16830403
vt 0.98362797 0.45405102
vt 0.98341101 0.44726002
vt 0.97985399 0.43901497
vt 0.98214197 0.45238400
vt 0.98519599 0.46167600
vt 0.96790498 0.43554503
vt 0.96900201 0.44059700
vt 0.97364300 0.44494599
vt 0.97005898 0.43614203
vt 0.96346200 0.42947102
vt 0.96495301 0.42531401
vt 0.97737700 0.42466497
vt 0.97430700 0.42735797
vt 0.98162001 0.43107599
vt 0.97494203 0.41659999
vt 0.96408701 0.41219598
vt 0.98449498 0.42032301
vt 0.98565000 0.47167301
vt 0.98631501 0.47202301
vt 0.98419303 0.46731001
vt 0.96134603 0.47933298
vt 0.96115100 0.47955197
vt 0.96139699 0.47840798
vt 0.96291202 0.47512501
vt 0.96282399 0.47507900
vt 0.96275300 0.47661501
vt 0.96292001 0.47592998
vt 0.96303803 0.47459501
vt 0.96535701 0.48334599
vt 0.96520799 0.48206699
vt 0.96521598 0.48406798
vt 0.96558499 0.48406202
vt 0.96560800 0.48195899
vt 0.96548998 0.48615903
vt 0.96505600 0.48461300
vt 0.96482998 0.48405701
vt 0.96509302 0.48567700
vt 0.96475297 0.48559397
vt 0.96620500 0.49071002
vt 0.96622902 0.48958898
vt 0.96598297 0.49190497
vt 0.96518099 0.48733097
vt 0.96536303 0.48757702
vt 0.96512002 0.48682898
vt 0.96506000 0.48790598
vt 0.96483600 0.48752201
vt 0.96517003 0.49582100
vt 0.96521097 0.49497497
vt 0.96432602 0.49214298
vt 0.96429598 0.49124599
vt 0.96363002 0.49047297
vt 0.96414900 0.49232399
vt 0.96455997 0.49288797
vt 0.96476299 0.49199402
vt 0.96396798 0.49243301
vt 0.96353900 0.49165201
vt 0.96404600 0.49344701
vt 0.96351701 0.49278301
vt 0.99328601 0.38100803
vt 0.99050200 0.39076400
vt 0.99923903 0.38631803
vt 0.99350899 0.40582299
vt 0.88593602 0.58160400
vt 0.88705599 0.57050502
vt 0.87921399 0.55295396
vt 0.88133597 0.58154500
vt 0.89310598 0.59453404
vt 0.89924198 0.58864403
vt 0.88999999 0.60332596
vt 0.93296999 0.52551401
vt 0.93396497 0.52840602
vt 0.92590100 0.52788103
vt 0.92772102 0.52377295
vt 0.93568403 0.52405000
vt 0.94184601 0.52896404
vt 0.92900801 0.51994503
vt 0.93375003 0.54388201
vt 0.93330801 0.54371297
vt 0.93971199 0.54958999
vt 0.93724900 0.54612601
vt 0.93098199 0.54027402
vt 0.92699999 0.53830194
vt 0.93536198 0.54214096
vt 0.95119399 0.56121302
vt 0.95315099 0.55909002
vt 0.95101398 0.55870497
vt 0.94950497 0.56157804
vt 0.95108402 0.56261396
vt 0.95528102 0.55939603
vt 0.94769800 0.56490302
vt 0.95450699 0.56184995
vt 0.95278502 0.56286693
vt 0.95143902 0.56451499
vt 0.95450199 0.56222701
vt 0.95656699 0.55978596
vt 0.95735401 0.55946398
vt 0.93896902 0.52940595
vt 0.93735301 0.52758300
vt 0.93397200 0.53297997
vt 0.93854302 0.53311300
vt 0.94059801 0.52720404
vt 0.93965101 0.52290297
vt 0.94218302 0.53171194
vt 0.95133102 0.55444598
vt 0.94909000 0.55781698
vt 0.95372498 0.55205202
vt 0.95163399 0.55187094
vt 0.94696599 0.55626094
vt 0.95553201 0.54549193
vt 0.96050698 0.55477095
vt 0.95933098 0.55494201
vt 0.95962399 0.55612600
vt 0.96249002 0.55272102
vt 0.96192700 0.55176902
vt 0.96237898 0.55342901
vt 0.94047701 0.56231999
vt 0.94076198 0.56165600
vt 0.93792301 0.55908298
vt 0.93953097 0.56085300
vt 0.94204301 0.56255400
vt 0.94324398 0.56365502
vt 0.94407302 0.55812895
vt 0.93861002 0.56004095
vt 0.93659598 0.55943894
vt 0.94136602 0.55615795
vt 0.93879700 0.55430901
vt 0.95513099 0.56113601
vt 0.95380002 0.56173098
vt 0.95742702 0.55871296
vt 0.95717102 0.55756903
vt 0.95242900 0.56236601
vt 0.95034099 0.56445694
vt 0.95409900 0.55992293
vt 0.95077401 0.56265199
vt 0.96318901 0.55145502
vt 0.96301800 0.55156195
vt 0.96290398 0.55091298
vt 0.96176803 0.55131698
vt 0.95014000 0.53782296
vt 0.95002800 0.54024398
vt 0.95250201 0.54311693
vt 0.95117700 0.53826296
vt 0.94815701 0.53553295
vt 0.94703197 0.53742599
vt 0.94731599 0.53494799
vt 0.95216000 0.53872097
vt 0.95363402 0.54083097
vt 0.94956702 0.53723896
vt 0.95175898 0.54083693
vt 0.95351201 0.55878401
vt 0.95553797 0.55637503
vt 0.95615000 0.55684400
vt 0.94924700 0.56280398
vt 0.94804198 0.56230593
vt 0.95702302 0.55649793
vt 0.95987302 0.55395794
vt 0.94322199 0.53661096
vt 0.93979597 0.53866303
vt 0.93965799 0.53481996
vt 0.92785197 0.53457296
vt 0.94578600 0.55316901
vt 0.94917899 0.55308199
vt 0.94717097 0.55143404
vt 0.95510602 0.54404199
vt 0.92447197 0.52601600
vt 0.92546499 0.52446997
vt 0.92646497 0.51891601
vt 0.92501301 0.52361095
vt 0.92399102 0.52945793
vt 0.92495400 0.53134000
vt 0.96347600 0.51989603
vt 0.96354198 0.52015698
vt 0.96372402 0.51909804
vt 0.96357203 0.51908803
vt 0.96337003 0.52038801
vt 0.96342301 0.52089095
vt 0.96331000 0.51916599
vt 0.96315503 0.51362395
vt 0.96280301 0.51487398
vt 0.96256101 0.51725495
vt 0.96319002 0.51437497
vt 0.96343100 0.51212204
vt 0.96306199 0.51306593
vt 0.96374297 0.51165593
vt 0.96422100 0.51663899
vt 0.96441799 0.51606703
vt 0.96450299 0.51465297
vt 0.96412098 0.51669204
vt 0.96404397 0.51805997
vt 0.96426600 0.51772904
vt 0.96410799 0.51275194
vt 0.96394801 0.51344097
vt 0.96398300 0.51399195
vt 0.96442699 0.51051199
vt 0.96444100 0.50985694
vt 0.96438497 0.51121795
vt 0.96409202 0.51372004
vt 0.96401101 0.51498604
vt 0.96440500 0.51161695
vt 0.96447700 0.51224196
vt 0.96388698 0.51752293
vt 0.96399897 0.51653194
vt 0.91159201 0.51991594
vt 0.91497397 0.52951801
vt 0.92015898 0.52179503
vt 0.91289103 0.51211095
vt 0.90742803 0.52171493
vt 0.91042399 0.53926504
vt 0.91388500 0.50662196
vt 0.91703600 0.50938797
vt 0.91140997 0.49785101
vt 0.91548598 0.49799299
vt 0.92670900 0.51161397
vt 0.92602098 0.50985003
vt 0.92417800 0.51148498
vt 0.92615902 0.51349294
vt 0.92799401 0.51109004
vt 0.92803198 0.50785398
vt 0.92797101 0.51435602
vt 0.92831099 0.51988304
vt 0.92693198 0.51816201
vt 0.92615700 0.52117598
vt 0.92869997 0.52257502
vt 0.92912102 0.51892698
vt 0.93097997 0.52259302
vt 0.91861802 0.54011393
vt 0.91811401 0.55033898
vt 0.92748302 0.55829799
vt 0.92289299 0.54015303
vt 0.92589200 0.53898597
vt 0.92951000 0.54575598
vt 0.92594701 0.53121603
vt 0.93058097 0.53720093
vt 0.93816000 0.57242203
vt 0.94512099 0.57044899
vt 0.94500703 0.56432796
vt 0.93482399 0.57027602
vt 0.93371898 0.57660401
vt 0.94464099 0.57728100
vt 0.92150402 0.57131493
vt 0.93196797 0.56794596
vt 0.93597400 0.56332302
vt 0.92514300 0.56605804
vt 0.93663597 0.53118801
vt 0.93958199 0.53156495
vt 0.93914700 0.52943504
vt 0.93505800 0.53032696
vt 0.93623298 0.53225398
vt 0.94089597 0.53340793
vt 0.93183100 0.53020298
vt 0.93367398 0.52961397
vt 0.93502402 0.52866793
vt 0.93088102 0.52831602
vt 0.93119001 0.52713001
vt 0.94467199 0.53601801
vt 0.94623101 0.53741002
vt 0.95189798 0.53767395
vt 0.94601202 0.53557599
vt 0.94096100 0.53496695
vt 0.94091201 0.53674293
vt 0.94714600 0.53534198
vt 0.95019501 0.53580797
vt 0.94481498 0.53401899
vt 0.94868702 0.53422701
vt 0.95766699 0.57438803
vt 0.95448798 0.57128799
vt 0.95455098 0.57904994
vt 0.96304899 0.57206297
vt 0.96141499 0.56632996
vt 0.96281600 0.58015501
vt 0.95054799 0.58427799
vt 0.94275498 0.58614695
vt 0.95125598 0.58834195
vt 0.93835002 0.59302199
vt 0.93995398 0.51376104
vt 0.94131899 0.51295102
vt 0.94137400 0.50917399
vt 0.93951201 0.51200104
vt 0.93901199 0.51577199
vt 0.94107699 0.51748204
vt 0.93780702 0.51432204
vt 0.94880801 0.53158498
vt 0.94722700 0.53222895
vt 0.95030898 0.53196096
vt 0.94851100 0.52969694
vt 0.94572699 0.52972996
vt 0.95147002 0.52908397
vt 0.95197099 0.53211796
vt 0.95225501 0.53358293
vt 0.95345902 0.53148293
vt 0.95536399 0.53289700
vt 0.95742702 0.53756893
vt 0.95571202 0.53598094
vt 0.95718700 0.53926694
vt 0.95981699 0.53794801
vt 0.95837498 0.53533995
vt 0.96120501 0.54074299
vt 0.94292599 0.51146495
vt 0.94370198 0.51261997
vt 0.94353998 0.50845098
vt 0.94595098 0.50778496
vt 0.94845498 0.52734697
vt 0.94998598 0.52549899
vt 0.94889301 0.52202702
vt 0.94686598 0.52642596
vt 0.96807599 0.54727101
vt 0.96716398 0.54812694
vt 0.97008902 0.55145001
vt 0.96961200 0.54874098
vt 0.96706498 0.54551899
vt 0.96449602 0.54425502
vt 0.96933198 0.54632497
vt 0.96177298 0.53938198
vt 0.96331000 0.54152298
vt 0.96515203 0.54231799
vt 0.96160698 0.53860903
vt 0.96150500 0.53784895
vt 0.96318698 0.53893197
vt 0.95976698 0.53560495
vt 0.96136898 0.53621793
vt 0.95501697 0.53062093
vt 0.95499802 0.53208601
vt 0.95811701 0.53473103
vt 0.95664698 0.53095603
vt 0.95373303 0.52781594
vt 0.95558900 0.52686203
vt 0.95764399 0.52659202
vt 0.95870298 0.52674198
vt 0.95748901 0.52416897
vt 0.95645100 0.52513397
vt 0.95779598 0.52817798
vt 0.95982802 0.52927601
vt 0.95314002 0.51826596
vt 0.95210999 0.51773298
vt 0.95224202 0.52079093
vt 0.95460099 0.51646399
vt 0.95467103 0.51264894
vt 0.95476401 0.51954198
vt 0.95752901 0.51200795
vt 0.95869899 0.51194203
vt 0.96023703 0.50934803
vt 0.95783901 0.51056004
vt 0.95633399 0.51358998
vt 0.95736897 0.51431203
vt 0.95850199 0.50863194
vt 0.96011102 0.50712895
vt 0.95725602 0.50785100
vt 0.95780200 0.52204299
vt 0.95861697 0.52414298
vt 0.95955503 0.52373397
vt 0.95805597 0.52107799
vt 0.95690000 0.52098501
vt 0.95693702 0.51808202
vt 0.96301401 0.53017294
vt 0.96283501 0.52861094
vt 0.96129203 0.52795994
vt 0.96240503 0.53066099
vt 0.96393001 0.53055298
vt 0.96419901 0.52841794
vt 0.96363997 0.53331399
vt 0.96418500 0.53525198
vt 0.96257502 0.53518295
vt 0.96444601 0.53640902
vt 0.96553802 0.53473198
vt 0.96742100 0.53602493
vt 0.97197402 0.54550898
vt 0.97323602 0.54545593
vt 0.97452301 0.54152501
vt 0.97188598 0.54394293
vt 0.97100902 0.54756594
vt 0.97234303 0.54825294
vt 0.97190398 0.54234195
vt 0.97320402 0.54075503
vt 0.97046298 0.54290700
vt 0.97184598 0.53956902
vt 0.96579999 0.52764201
vt 0.96547800 0.52837801
vt 0.96691102 0.52803397
vt 0.96671599 0.52690601
vt 0.96520102 0.52749598
vt 0.96621001 0.52634597
vt 0.97053099 0.52730393
vt 0.97078001 0.52981496
vt 0.96973902 0.52766800
vt 0.96916598 0.53267193
vt 0.96781397 0.52544296
vt 0.96846700 0.52566004
vt 0.96805298 0.52436900
vt 0.96328402 0.52206004
vt 0.96339601 0.52181900
vt 0.96328002 0.52143204
vt 0.96321398 0.52279699
vt 0.96338099 0.52308404
vt 0.96299100 0.52198803
vt 0.96427202 0.51934898
vt 0.96444798 0.51803493
vt 0.96408600 0.51946902
vt 0.96428400 0.52043295
vt 0.96464199 0.51887393
vt 0.96392399 0.52142203
vt 0.96462601 0.51368093
vt 0.96470702 0.51480293
vt 0.96488202 0.51563895
vt 0.96463501 0.51353693
vt 0.96445900 0.51352096
vt 0.96464300 0.51321995
vt 0.96476501 0.51396799
vt 0.96459800 0.51224101
vt 0.96472698 0.51264298
vt 0.96454400 0.51005602
vt 0.96453798 0.51049995
vt 0.96461302 0.51070893
vt 0.96457398 0.50994003
vt 0.96460301 0.50979698
vt 0.96462101 0.50994301
vt 0.96454400 0.50957799
vt 0.96455503 0.50968599
vt 0.96003199 0.52159703
vt 0.96048099 0.52296901
vt 0.96125799 0.52120697
vt 0.96021003 0.52025294
vt 0.95929301 0.52145195
vt 0.95934403 0.51909196
vt 0.96281397 0.52046394
vt 0.96310300 0.52084494
vt 0.96270698 0.51972902
vt 0.96253800 0.52066493
vt 0.96216601 0.51938093
vt 0.96263301 0.51906800
vt 0.96287400 0.51816797
vt 0.96237499 0.51861501
vt 0.96233797 0.52576804
vt 0.96192199 0.52540493
vt 0.96245301 0.52683604
vt 0.96275300 0.52455795
vt 0.96233600 0.52364099
vt 0.96336299 0.52555096
vt 0.96669501 0.51323402
vt 0.96716797 0.51475000
vt 0.96666801 0.51231802
vt 0.96618098 0.51285803
vt 0.96656799 0.51496398
vt 0.96568102 0.51090097
vt 0.96657097 0.51144695
vt 0.96601802 0.51034296
vt 0.49686003 0.50661302
vt 0.49839002 0.50644600
vt 0.49955702 0.50481999
vt 0.49677199 0.50590098
vt 0.49467701 0.50740004
vt 0.49597698 0.50787401
vt 0.49350703 0.50613701
vt 0.49691099 0.50526798
vt 0.49832797 0.50430393
vt 0.49580699 0.50493598
vt 0.49735898 0.50358593
vt 0.49919599 0.51743495
vt 0.49843401 0.51962793
vt 0.51166201 0.52461195
vt 0.50356901 0.51775002
vt 0.49414802 0.51439893
vt 0.49142200 0.51610303
vt 0.49802101 0.51085901
vt 0.50809503 0.51778901
vt 0.51654398 0.52082598
vt 0.50824600 0.51375401
vt 0.51932502 0.51615596
vt 0.39664000 0.55663002
vt 0.39094102 0.55233693
vt 0.39297301 0.55619204
vt 0.39827901 0.56151998
vt 0.39678401 0.55880702
vt 0.38920301 0.55000198
vt 0.40397602 0.57087195
vt 0.90306103 0.63126397
vt 0.91681898 0.63414693
vt 0.92547399 0.62052894
vt 0.90066600 0.62330604
vt 0.89114898 0.63185096
vt 0.90662503 0.64770901
vt 0.87830698 0.61082101
vt 0.89567101 0.61697102
vt 0.90569800 0.61641300
vt 0.88355201 0.60639393
vt 0.58502197 0.74749303
vt 0.57740200 0.76523399
vt 0.61936998 0.75689292
vt 0.60556501 0.73732400
vt 0.56915402 0.74085999
vt 0.52974200 0.76724195
vt 0.60169500 0.70983398
vt 0.70042002 0.64931703
vt 0.70501196 0.68039000
vt 0.73415101 0.70226300
vt 0.70906699 0.64450693
vt 0.69000000 0.62729204
vt 0.68326199 0.66341794
vt 0.69341898 0.59934402
vt 0.71782196 0.63996696
vt 0.73494697 0.66402793
vt 0.71209699 0.61366999
vt 0.73559499 0.62943196
vt 0.86343199 0.66006899
vt 0.86230397 0.67184997
vt 0.88947898 0.67863202
vt 0.87325400 0.65699804
vt 0.85355604 0.64595902
vt 0.83327997 0.64846396
vt 0.86357403 0.63849294
vt 0.63826501 0.84417593
vt 0.60422701 0.82555795
vt 0.35904801 0.96241295
vt 0.69754803 0.92086303
vt 0.65291899 0.81311500
vt 0.58702302 0.78394592
vt 0.72307003 0.87289703
vt 0.88846898 0.56083703
vt 0.89329600 0.56784296
vt 0.88614202 0.54487801
vt 0.89199299 0.54619193
vt 0.89885598 0.57584000
vt 0.90640402 0.58770204
vt 0.90108800 0.57199204
vt 0.91522998 0.58604002
vt 0.90544200 0.60156798
vt 0.91022801 0.60716498
vt 0.91543502 0.59902894
vt 0.93385798 0.60020304
vt 0.91559303 0.61241198
vt 0.93027300 0.60939693
vt 0.05212200 0.61237395
vt 0.05893201 0.61105001
vt 0.05765098 0.62228596
vt 0.04807401 0.61959195
vt 0.05045599 0.60347497
vt 0.06013000 0.59578598
vt 0.04023403 0.61462903
vt 0.52361399 0.58030403
vt 0.51331300 0.59399700
vt 0.51654196 0.60828102
vt 0.52938801 0.58250999
vt 0.52598101 0.56576502
vt 0.51010704 0.57987297
vt 0.53991199 0.55497503
vt 0.53611803 0.58750904
vt 0.53222597 0.60525203
vt 0.54484600 0.57645404
vt 0.55002600 0.60218799
vt 0.38252002 0.57295001
vt 0.37377501 0.57257402
vt 0.39253098 0.58219600
vt 0.39570600 0.57775199
vt 0.37600100 0.56825900
vt 0.36430699 0.56462300
vt 0.39764798 0.57265604
vt 0.50577301 0.50367498
vt 0.49969900 0.50525403
vt 0.50847197 0.50607002
vt 0.50962698 0.49957299
vt 0.50082600 0.49975801
vt 0.52211499 0.50138199
vt 0.49936199 0.50620198
vt 0.49829799 0.50699902
vt 0.49989003 0.50561404
vt 0.50028002 0.50531793
vt 0.50098300 0.50458002
vt 0.50147700 0.50409603
vt 0.50091600 0.50385702
vt 0.50187200 0.50287604
vt 0.40052402 0.56276500
vt 0.39469898 0.55823195
vt 0.39882702 0.56261003
vt 0.40357798 0.56760800
vt 0.39998102 0.56426096
vt 0.40696901 0.57452297
vt 0.40660501 0.57306397
vt 0.40660000 0.57217693
vt 0.41128302 0.57980394
vt 0.41471899 0.58495498
vt 0.97333598 0.57039297
vt 0.97696298 0.56062198
vt 0.97508699 0.55692196
vt 0.97038800 0.57288599
vt 0.97393501 0.57633698
vt 0.98024899 0.56371593
vt 0.96471000 0.59106600
vt 0.05206901 0.58932602
vt 0.05075800 0.58887601
vt 0.05712998 0.57839894
vt 0.05272400 0.56099796
vt 0.05038297 0.55382895
vt 0.04850203 0.56364501
vt 0.06191403 0.56359196
vt 0.06242400 0.55531299
vt 0.06073099 0.57348001
vt 0.86158901 0.61648297
vt 0.86836600 0.63339698
vt 0.87261903 0.62902498
vt 0.86077100 0.60376799
vt 0.85597402 0.61504197
vt 0.84761798 0.57447600
vt 0.55546904 0.63598704
vt 0.55589402 0.65516102
vt 0.57683003 0.65507197
vt 0.56361300 0.62634504
vt 0.54500699 0.63152099
vt 0.53734201 0.65824103
vt 0.57359201 0.61680603
vt 0.58643699 0.62576997
vt 0.57167900 0.59935594
vt 0.59356904 0.59826601
vt 0.46781498 0.66175401
vt 0.47307003 0.66927195
vt 0.50174701 0.65651393
vt 0.47554898 0.65443301
vt 0.44945598 0.65632296
vt 0.44196999 0.66712201
vt 0.45148402 0.64344394
vt 0.67916399 0.80389702
vt 0.66585898 0.78736198
vt 0.73002803 0.83944297
vt 0.72971404 0.82132602
vt 0.84963000 0.62493193
vt 0.84130001 0.61450398
vt 0.83380902 0.60342193
vt 0.83440697 0.57797599
vt 0.82440102 0.61010599
vt 0.81951600 0.57272100
vt 0.48919499 0.57008803
vt 0.47640699 0.58839893
vt 0.49790001 0.55191004
vt 0.48070401 0.56760597
vt 0.46517903 0.60342002
vt 0.45693803 0.63409197
vt 0.46252602 0.59529102
vt 0.44279200 0.62554097
vt 0.66443396 0.54325795
vt 0.65776396 0.54643095
vt 0.67374504 0.56542897
vt 0.67577004 0.54938793
vt 0.66201103 0.53172100
vt 0.64174199 0.52609503
vt 0.67608100 0.53594100
vt 0.48114997 0.60508204
vt 0.48729098 0.59470201
vt 0.46053803 0.60438502
vt 0.46347702 0.61323798
vt 0.49036598 0.60438800
vt 0.46900302 0.62430894
vt 0.95850897 0.63288903
vt 0.96170300 0.63954902
vt 0.97756302 0.61969197
vt 0.96455699 0.62064302
vt 0.94644397 0.63878202
vt 0.93909299 0.65977800
vt 0.95101297 0.62204599
vt 0.53265500 0.63782799
vt 0.52878296 0.62978101
vt 0.52214396 0.65648293
vt 0.52472997 0.62287700
vt 0.51055002 0.63112402
vt 0.40547001 0.57202399
vt 0.39842600 0.56657100
vt 0.40714598 0.57840204
vt 0.40888202 0.58535504
vt 0.40647900 0.58510900
vt 0.41516697 0.59224498
vt 0.41539401 0.60128200
vt 0.49528801 0.50658393
vt 0.49433601 0.50474000
vt 0.49237001 0.50915802
vt 0.48965502 0.50828099
vt 0.49347001 0.50305295
vt 0.49542898 0.49996299
vt 0.49135798 0.50434601
vt 0.49242002 0.49996501
vt 0.50055802 0.50268996
vt 0.49978697 0.50261700
vt 0.50098503 0.50173903
vt 0.49963999 0.49999100
vt 0.49801898 0.52026796
vt 0.49217802 0.51648998
vt 0.50474000 0.51945794
vt 0.50846303 0.52367699
vt 0.49603498 0.51983297
vt 0.48355103 0.51370502
vt 0.41375500 0.63244200
vt 0.42180198 0.63887596
vt 0.40721101 0.61329496
vt 0.40459597 0.61681902
vt 0.41750801 0.64382899
vt 0.40104699 0.61939394
vt 0.53917503 0.50501096
vt 0.54281604 0.49553400
vt 0.54042101 0.50981104
vt 0.54624599 0.49544698
vt 0.06195998 0.62054694
vt 0.05901301 0.62303603
vt 0.07137102 0.60613096
vt 0.07079601 0.61139894
vt 0.05922401 0.62496102
vt 0.04904300 0.63530302
vt 0.07172900 0.61341393
vt 0.94314200 0.60405004
vt 0.94681001 0.60668802
vt 0.95010400 0.59677994
vt 0.95551503 0.59119701
vt 0.96319503 0.58472300
vt 0.95109403 0.59178102
vt 0.94751298 0.59253001
vt 0.93724000 0.59610701
vt 0.71270597 0.53782296
vt 0.71759403 0.55804396
vt 0.73748100 0.56387103
vt 0.71938896 0.53036499
vt 0.70212996 0.52552998
vt 0.69905901 0.55125701
vt 0.72563899 0.52082598
vt 0.73797297 0.53259802
vt 0.71978199 0.50005198
vt 0.06129599 0.70199800
vt 0.04733199 0.73306501
vt 0.05440199 0.80723596
vt 0.07227600 0.70261896
vt 0.05510700 0.67306399
vt 0.03842199 0.69880593
vt 0.07082999 0.63435996
vt 0.08413702 0.70360899
vt 0.09229702 0.75341892
vt 0.08938998 0.66884601
vt 0.10958397 0.70988595
vt 0.68448699 0.55119693
vt 0.68665600 0.54148102
vt 0.68735099 0.55974793
vt 0.68909001 0.57040501
vt 0.69670099 0.57611597
vt 0.68456900 0.57891703
vt 0.52640700 0.55230200
vt 0.53343999 0.54061699
vt 0.51900399 0.55387294
vt 0.94074100 0.68585396
vt 0.92784601 0.68851793
vt 0.92729402 0.69447803
vt 0.94679302 0.68448400
vt 0.94977200 0.68086600
vt 0.93009800 0.68461204
vt 0.96746397 0.67539096
vt 0.95331800 0.68260300
vt 0.95030701 0.68825901
vt 0.96655601 0.67665398
vt 0.96840400 0.68171895
vt 0.06371897 0.55727899
vt 0.07164502 0.56292403
vt 0.07300299 0.57077193
vt 0.06129003 0.55780303
vt 0.06007600 0.54992402
vt 0.07120800 0.55534494
vt 0.55397600 0.54194093
vt 0.55939400 0.53806496
vt 0.55044997 0.52494097
vt 0.54770499 0.53821695
vt 0.55308700 0.55224204
vt 0.56621397 0.55203402
vt 0.37918901 0.57976198
vt 0.37239897 0.57583797
vt 0.35908598 0.57151604
vt 0.37402397 0.57942998
vt 0.39154100 0.58536601
vt 0.39097703 0.58900297
vt 0.43218499 0.64310002
vt 0.42740601 0.63062704
vt 0.50168800 0.50107002
vt 0.50250900 0.50136197
vt 0.50157404 0.49999100
vt 0.50277603 0.49963701
vt 0.38813299 0.55589998
vt 0.38448697 0.55037796
vt 0.39161497 0.55904198
vt 0.38540298 0.56227994
vt 0.37861103 0.55371201
vt 0.39076400 0.57553399
vt 0.39503002 0.56267500
vt 0.39816898 0.57080901
vt 0.53472900 0.79379404
vt 0.50828803 0.79475701
vt 0.49335098 0.77199793
vt 0.53444004 0.78571796
vt 0.56215400 0.79227901
vt 0.53534997 0.80413795
vt 0.53821003 0.77772999
vt 0.51833296 0.76457202
vt 0.56212497 0.77939701
vt 0.54434699 0.76832294
vt 0.02538103 0.64634693
vt 0.03315002 0.64362597
vt 0.02930403 0.64678895
vt 0.01973301 0.65018404
vt 0.02440500 0.64410996
vt 0.03706598 0.63956094
vt 0.00855702 0.65392601
vt 0.98110998 0.63294995
vt 0.97559702 0.63763893
vt 0.97694802 0.65349901
vt 0.98450702 0.63707197
vt 0.98381197 0.62375903
vt 0.98845202 0.62609899
vt 0.18991798 0.75370193
vt 0.18335003 0.67971802
vt 0.16236198 0.73666799
vt 0.31033099 0.87871599
vt 0.33000600 0.79202294
vt 0.68432200 0.61195803
vt 0.68360603 0.59457898
vt 0.67399502 0.59364498
vt 0.68080699 0.62222898
vt 0.68512797 0.72289896
vt 0.69200701 0.75568998
vt 0.73241103 0.78389597
vt 0.69665301 0.71822095
vt 0.67299300 0.70460904
vt 0.66429996 0.73717201
vt 0.70937598 0.71379304
vt 0.73197901 0.74483502
vt 0.81083602 0.60145795
vt 0.80139500 0.57570601
vt 0.78136098 0.57150197
vt 0.80580103 0.61149800
vt 0.80032998 0.62118697
vt 0.78434998 0.60532403
vt 0.81169999 0.64768898
vt 0.78881502 0.64194798
vt 0.64900696 0.58454096
vt 0.65639400 0.57844400
vt 0.63987899 0.56790900
vt 0.63582599 0.58009899
vt 0.65486199 0.59702003
vt 0.63329697 0.59943497
vt 0.98730397 0.61542201
vt 0.99120098 0.61499596
vt 0.99377799 0.60062802
vt 0.98697698 0.60883498
vt 0.05211997 0.58283794
vt 0.04847902 0.57527494
vt 0.04869199 0.58681595
vt 0.06073701 0.58403599
vt 0.06153297 0.59406495
vt 0.04481900 0.59256697
vt 0.03738701 0.59111500
vt 0.04846799 0.60025096
vt 0.03662503 0.60642195
vt 0.40316403 0.58416295
vt 0.40360397 0.59061098
vt 0.40403903 0.59756303
vt 0.40048403 0.59566200
vt 0.41067803 0.60744202
vt 0.59243798 0.51189303
vt 0.60459399 0.51035202
vt 0.60571504 0.49738997
vt 0.58700901 0.50774300
vt 0.58537996 0.51933503
vt 0.60304797 0.52285600
vt 0.56455100 0.51828194
vt 0.93091100 0.50534904
vt 0.93250901 0.50454199
vt 0.93024302 0.50421298
vt 0.93013000 0.50787103
vt 0.93210500 0.50801504
vt 0.93263197 0.52211702
vt 0.93402702 0.52356493
vt 0.93694997 0.52397001
vt 0.93310398 0.52157700
vt 0.93023598 0.52079797
vt 0.94102001 0.52098596
vt 0.94023198 0.51993597
vt 0.94103700 0.52296603
vt 0.94163299 0.52084398
vt 0.94114298 0.52377903
vt 0.96409100 0.51027596
vt 0.96411097 0.51067793
vt 0.96420199 0.51010001
vt 0.96384603 0.51087499
vt 0.96382499 0.51099801
vt 0.96434599 0.50989997
vt 0.96429902 0.51007402
vt 0.59908104 0.63522303
vt 0.60108602 0.65476203
vt 0.62237400 0.65051699
vt 0.60856998 0.62521398
vt 0.61729801 0.61598504
vt 0.62971497 0.62603402
vt 0.61334699 0.59871495
vt 0.61324704 0.54986000
vt 0.60047603 0.54722202
vt 0.60127497 0.55602193
vt 0.61952198 0.55393493
vt 0.61674201 0.54592896
vt 0.60083604 0.54119396
vt 0.63558304 0.55159402
vt 0.09037298 0.60556304
vt 0.07955301 0.59689999
vt 0.09386098 0.62745595
vt 0.09910899 0.65003395
vt 0.12087703 0.66960394
vt 0.98645198 0.53140402
vt 0.98518097 0.53880799
vt 0.98630100 0.52801299
vt 0.98400301 0.53614795
vt 0.97331798 0.55286002
vt 0.97488499 0.55218804
vt 0.97527200 0.55024493
vt 0.97296399 0.55169594
vt 0.97154301 0.55402899
vt 0.97311801 0.55611503
vt 0.97748899 0.54543698
vt 0.97722501 0.54694402
vt 0.97926098 0.54223502
vt 0.97871202 0.54225099
vt 0.97658002 0.54636097
vt 0.97788799 0.54231095
vt 0.96193898 0.51599896
vt 0.96173698 0.51730597
vt 0.96205598 0.51693201
vt 0.96224099 0.51514196
vt 0.96186101 0.51531303
vt 0.96128500 0.51759601
vt 0.96249199 0.51308894
vt 0.96251100 0.51436794
vt 0.96249998 0.51491594
vt 0.96279502 0.51312304
vt 0.96298301 0.51304102
vt 0.96361703 0.52439404
vt 0.96395397 0.52492893
vt 0.96443403 0.52374399
vt 0.96373701 0.52375996
vt 0.96335697 0.52429199
vt 0.96532100 0.51733994
vt 0.96519798 0.51594901
vt 0.96516597 0.51789594
vt 0.96565700 0.51818502
vt 0.96562999 0.51603198
vt 0.96547502 0.51989996
vt 0.96500403 0.51828802
vt 0.96482801 0.51724100
vt 0.96500099 0.51964104
vt 0.96463901 0.50971794
vt 0.96459001 0.50948298
vt 0.96465397 0.50980794
vt 0.96461499 0.50896001
vt 0.96520197 0.50950098
vt 0.96505600 0.50904894
vt 0.96494198 0.50991595
vt 0.96521097 0.51021993
vt 0.96538401 0.50938797
vt 0.96521199 0.50812900
vt 0.96452898 0.51091003
vt 0.96455699 0.51125300
vt 0.96458602 0.51163197
vt 0.96465802 0.51161397
vt 0.96478498 0.50527298
vt 0.96462399 0.50591099
vt 0.96481401 0.50688398
vt 0.96497202 0.50543702
vt 0.96476603 0.50445104
vt 0.96445698 0.50484502
vt 0.96390802 0.50933599
vt 0.96402103 0.50878704
vt 0.96335900 0.50898099
vt 0.96355200 0.50978398
vt 0.96407801 0.50972104
vt 0.96361703 0.51063204
vt 0.96210200 0.50653100
vt 0.96287400 0.50516593
vt 0.96170402 0.50619900
vt 0.96170199 0.50819099
vt 0.96286601 0.50702500
vt 0.42732698 0.59828293
vt 0.43445998 0.59717500
vt 0.43556100 0.60516298
vt 0.99438697 0.62064993
vt 1.00000000 0.61535501
vt 0.99449301 0.62951195
vt 1.01091194 0.62824500
vt 0.96375901 0.50665402
vt 0.96356797 0.50600696
vt 0.96370798 0.50720501
vt 0.96403301 0.50636494
vt 0.96393502 0.50542104
vt 0.96423000 0.50727403
vt 0.96457499 0.50777304
vt 0.96440399 0.50808096
vt 0.96472901 0.50792193
vt 0.96453798 0.50715899
vt 0.96489900 0.51077795
vt 0.96477801 0.51031804
vt 0.96487999 0.51121998
vt 0.96505398 0.51077700
vt 0.96523899 0.51189697
vt 0.96561402 0.50775003
vt 0.96538001 0.50706804
vt 0.96565497 0.50869799
vt 0.96405500 0.51016402
vt 0.96375102 0.51082098
vt 0.96423501 0.50999296
vt 0.96438599 0.50982201
vt 0.96484601 0.52110100
vt 0.96453798 0.52144098
vt 0.96514398 0.52181804
vt 0.96428800 0.52163100
vt 0.96404999 0.52268600
vt 0.96321797 0.52370000
vt 0.96313000 0.52375102
vt 0.96177101 0.51814497
vt 0.96166801 0.51865900
vt 0.96200901 0.51823902
vt 0.98565400 0.52832603
vt 0.98419702 0.53269303
vt 0.97144002 0.56365097
vt 0.97427601 0.55630302
vt 0.96950197 0.56636000
vt 0.96986598 0.56888604
vt 0.98031902 0.53898394
vt 0.98159200 0.53709996
vt 0.98069501 0.53817296
vt 0.97989202 0.55114698
vt 0.98193198 0.54902995
vt 0.98006999 0.54566193
vt 0.05564898 0.59755397
vt 0.05083698 0.61818004
vt 0.06441301 0.58933699
vt 0.07149202 0.58239293
vt 0.60904700 0.58308601
vt 0.61622298 0.57677197
vt 0.59768301 0.57510698
vt 0.62344003 0.57239902
vt 0.62162197 0.56246603
vt 0.51053703 0.67169499
vt 0.49407101 0.67697001
vt 0.48326099 0.69668102
vt 0.51442504 0.67892694
vt 0.51889396 0.68818796
vt 0.50578904 0.70437694
vt 0.53559399 0.68065798
vt 0.53073096 0.70887303
vt 0.92884600 0.51565003
vt 0.92955703 0.51636398
vt 0.93281901 0.51440001
vt 0.93013901 0.51412201
vt 0.92738497 0.51623201
vt 0.93843102 0.51914597
vt 0.93771100 0.51786995
vt 0.93714297 0.52079999
vt 0.93346500 0.51861000
vt 0.92713499 0.51711202
vt 0.92796701 0.51725495
vt 0.92664897 0.51908994
vt 0.92509800 0.50696194
vt 0.92565101 0.50468194
vt 0.92364699 0.50579202
vt 0.92630100 0.50293195
vt 0.92786998 0.50363100
vt 0.44293702 0.62457097
vt 0.45981401 0.63597000
vt 0.44049197 0.61609399
vt 0.43211198 0.62269902
vt 0.45455801 0.59245598
vt 0.44097602 0.60351801
vt 0.45671600 0.58415902
vt 0.43389797 0.59068394
vt 0.42912102 0.60925698
vt 0.42409301 0.62490094
vt 0.42101997 0.60101902
vt 0.40889400 0.61852002
vt 0.87524700 0.64922297
vt 0.88058901 0.65523303
vt 0.99656600 0.64735496
vt 1.00701404 0.64395297
vt 0.99296701 0.64257193
vt 0.99069202 0.65551603
vt 1.00413096 0.65476704
vt 0.99092299 0.63645303
vt 0.96477997 0.93874395
vt 1.35904801 0.96241295
vt 1.07264996 0.88222992
vt 0.92570603 0.91843092
vt 1.05440199 0.80723596
vt 0.10259300 0.81279993
vt 0.07265002 0.88222992
vt 0.13230801 0.78696096
vt 0.82901096 0.82949603
vt 0.79219699 0.80493498
vt 0.81046700 0.83771503
vt 0.88878101 0.82757902
vt 0.84995198 0.79715002
vt 0.92632800 0.84786701
vt 0.78660297 0.84086394
vt 0.73377001 0.80875099
vt 0.83761203 0.86802292
vt 0.64283502 0.63770998
vt 0.64371598 0.65780497
vt 0.66590601 0.66153002
vt 0.65160203 0.62808204
vt 0.66067004 0.61575496
vt 0.67271602 0.62484097
vt 0.45196003 0.71031094
vt 0.44983703 0.69871294
vt 0.41925001 0.68749404
vt 0.43815899 0.71580398
vt 0.47132599 0.71653700
vt 0.46300799 0.73615193
vt 0.02094400 0.60988593
vt 0.01303500 0.61069298
vt 0.01091200 0.62824500
vt 0.02396297 0.61636496
vt 0.02535200 0.60079598
vt 0.06926203 0.59419298
vt 0.07591403 0.59175599
vt 0.07580799 0.60021496
vt 0.06698298 0.60086596
vt 0.06655300 0.58846998
vt 0.07579601 0.58168197
vt 0.03712600 0.64187002
vt 0.03968197 0.64055800
vt 0.04939502 0.63428795
vt 0.04002702 0.64065897
vt 0.02991098 0.64688897
vt 0.02944100 0.64455497
vt 0.50751299 0.54001904
vt 0.50512701 0.54381204
vt 0.09811300 0.58838296
vt 0.10886598 0.58204293
vt 0.10857600 0.58343697
vt 0.09176099 0.59233594
vt 0.09291297 0.58963299
vt 0.10774702 0.58014095
vt 0.08494800 0.59620094
vt 0.09028202 0.59408998
vt 0.07418197 0.60297501
vt 0.42815500 0.58576894
vt 0.41738999 0.58091700
vt 0.42341101 0.58334196
vt 0.44277102 0.59008896
vt 0.44809902 0.59313393
vt 0.49359399 0.50223398
vt 0.49184698 0.50354099
vt 0.49466801 0.50312102
vt 0.49562901 0.50358903
vt 0.49674797 0.50224698
vt 0.38353503 0.57227695
vt 0.38112098 0.57192802
vt 0.38446498 0.58649504
vt 0.38144100 0.59843302
vt 0.58683598 0.56655002
vt 0.58231801 0.55374098
vt 0.57905501 0.57380593
vt 0.05947500 0.62235200
vt 0.05517298 0.62447596
vt 0.06724697 0.61374998
vt 0.06358498 0.61010599
vt 0.92040801 0.67702901
vt 0.91663599 0.67125893
vt 0.89770901 0.67142701
vt 0.91102803 0.68150699
vt 0.93429202 0.67418694
vt 0.49571502 0.63249695
vt 0.49485099 0.61933398
vt 0.48478103 0.64121902
vt 0.47488803 0.64527798
vt 0.70728803 0.59080899
vt 0.71512997 0.58710003
vt 0.72267497 0.58026099
vt 0.73649096 0.59552097
vt 0.20215303 0.62811899
vt 0.28702700 0.64734697
vt 0.38476998 0.60619497
vt 0.38812500 0.61033797
vt 0.38356501 0.62505102
vt 0.38773102 0.65169501
vt 0.98060101 0.66803396
vt 0.98476899 0.67203498
vt 1.00253606 0.66914904
vt 0.98610502 0.66482401
vt 0.97131097 0.66725993
vt 0.99191701 0.66273594
vt 1.00291204 0.66324997
vt 0.05913198 0.54996800
vt 0.06696802 0.55392194
vt 0.05750799 0.54717100
vt 0.05440098 0.54799795
vt 0.05582601 0.54497600
vt 0.45569402 0.58582902
vt 0.46561497 0.58199894
vt 0.37405598 0.58093703
vt 0.38463098 0.58768904
vt 0.36537302 0.57801294
vt 0.37713099 0.58578300
vt 0.54568398 0.52733696
vt 0.53461301 0.52912700
vt 0.56259900 0.53392601
vt 0.56356597 0.52656698
vt 0.53786099 0.52425098
vt 0.50192899 0.50296998
vt 0.50117004 0.50319898
vt 0.50241697 0.50185895
vt 0.50279200 0.50110996
vt 0.50285101 0.49981898
vt 0.49238300 0.50656295
vt 0.50203502 0.51051402
vt 0.48973799 0.50929093
vt 0.48839200 0.50027597
vt 0.50091803 0.50007904
vt 0.48029101 0.50017595
vt 0.48729199 0.51127803
vt 0.48146200 0.50744200
vt 0.36651999 0.54902899
vt 0.36300802 0.54328203
vt 0.35879302 0.55265093
vt 0.37285000 0.55023301
vt 0.37162799 0.54816997
vt 0.36240298 0.54247797
vt 0.08488399 0.56329203
vt 0.09658802 0.55682302
vt 0.09779102 0.54946899
vt 0.07951802 0.56201398
vt 0.07828200 0.57103193
vt 0.09534198 0.56526995
vt 0.07401103 0.56020701
vt 0.07871199 0.55430901
vt 0.61261100 0.77118802
vt 0.59194303 0.77888000
vt 0.60536301 0.77623701
vt 0.63130200 0.75816393
vt 0.64162099 0.75954592
vt 0.02187902 0.65498400
vt 0.01747501 0.65823698
vt 0.01772201 0.65821803
vt 0.00253600 0.66914904
vt 0.39989501 0.63757098
vt 0.39356399 0.61871397
vt 0.38653702 0.61570501
vt 0.39891398 0.64854300
vt 0.40858299 0.64863193
vt 0.39726001 0.66057801
vt 0.38958699 0.64526701
vt 0.40397298 0.68621302
vt 0.39307499 0.68136501
vt 0.67409503 0.76714802
vt 0.67526102 0.77684903
vt 0.68845600 0.77423894
vt 0.65471697 0.75116003
vt 0.70209002 0.78067493
vt 0.82571197 0.67424393
vt 0.82223099 0.68671393
vt 0.84384704 0.68358004
vt 0.85886598 0.71600199
vt 0.81749302 0.69890702
vt 0.79586303 0.68242300
vt 0.83042097 0.72320998
vt 0.80002499 0.71819901
vt 0.65065503 0.56235600
vt 0.63827199 0.55990303
vt 0.65667099 0.56749201
vt 0.65416098 0.55816400
vt 0.66320801 0.57419896
vt 0.67454499 0.57859802
vt 0.97683299 0.59691703
vt 0.97654998 0.58686101
vt 0.97157598 0.60395801
vt 0.98214298 0.59959698
vt 0.98583299 0.58143294
vt 0.96592903 0.60978603
vt 0.95872700 0.60751796
vt 1.01346600 0.69330597
vt 0.99980998 0.68952799
vt 0.97882199 0.73856103
vt 1.01669598 0.71907902
vt 1.02648997 0.67437196
vt 1.00855696 0.65392601
vt 0.02648997 0.67437196
vt 0.01346600 0.69330597
vt 0.01669598 0.71907902
vt 0.03624701 0.62016904
vt 0.03567499 0.62724197
vt 0.04170603 0.62548101
vt 0.04032999 0.61615193
vt 0.03238899 0.61926198
vt 0.03014302 0.62843299
vt 0.09224302 0.59974396
vt 0.10249901 0.59240699
vt 0.09835899 0.59210396
vt 0.08546299 0.60280693
vt 0.08767802 0.60330498
vt 0.10481203 0.59239495
vt 0.07821101 0.60564196
vt 0.08298099 0.60017896
vt 0.39795202 0.59300399
vt 0.39889997 0.59903002
vt 0.49903399 0.50425398
vt 0.49683702 0.50626302
vt 0.49344802 0.50655603
vt 0.49812901 0.50343800
vt 0.49725699 0.50239897
vt 0.49478501 0.50312197
vt 0.39128500 0.59653604
vt 0.38980699 0.60134602
vt 0.39633101 0.60123801
vt 0.38843101 0.60580003
vt 0.38334203 0.59857595
vt 0.38477802 0.56158900
vt 0.38011497 0.55749595
vt 0.37672502 0.56203198
vt 0.92470598 0.59721696
vt 0.92048198 0.59540296
vt 0.56973004 0.58258295
vt 0.55944401 0.57489204
vt 0.06627601 0.57268500
vt 0.06426799 0.57393396
vt 0.06258303 0.56666303
vt 0.07418799 0.57588804
vt 0.94928300 0.66829693
vt 0.95534700 0.67067695
vt 0.95779097 0.65745997
vt 0.95972401 0.67250597
vt 0.06750298 0.60990202
vt 0.06412798 0.61463296
vt 0.06603301 0.61117101
vt 0.45907402 0.72477698
vt 0.45459998 0.75738800
vt 0.41830498 0.72601604
vt 0.45119900 0.69797194
vt 0.47939402 0.72023296
vt 0.76662201 0.52405596
vt 0.75941002 0.53534794
vt 0.78064597 0.53671801
vt 0.75195503 0.54540598
vt 0.75950801 0.56770897
vt 0.50019002 0.73409593
vt 0.46253198 0.70382798
vt 0.51559299 0.79849899
vt 0.50285399 0.71856999
vt 0.51486200 0.85545194
vt 0.56725699 0.82639003
vt 1.00032496 0.58857703
vt 0.99621302 0.58337796
vt 1.00226402 0.59917998
vt 0.00032502 0.58857703
vt 0.00226402 0.59917998
vt 0.99111199 0.66867495
vt 0.98505801 0.66726995
vt 1.00366902 0.66348803
vt 0.38232702 0.55574000
vt 0.37701303 0.55344999
vt 0.48496902 0.51435399
vt 0.48655897 0.51405895
vt 0.48282701 0.51222396
vt 0.48225403 0.51335394
vt 0.48814797 0.51599193
vt 0.47973001 0.51243997
vt 0.47920400 0.51158500
vt 0.47827297 0.51128495
vt 0.47681397 0.50941300
vt 0.57629299 0.54567194
vt 0.58177799 0.54435194
vt 0.56667501 0.54116094
vt 0.96742398 0.51667094
vt 0.96709502 0.51756001
vt 0.96740901 0.52075994
vt 0.96793401 0.51759803
vt 0.96458697 0.52699399
vt 0.96470302 0.52628100
vt 0.96374398 0.52713096
vt 0.96078598 0.52468300
vt 0.96034700 0.52587402
vt 0.96123302 0.52456903
vt 0.96219599 0.51815701
vt 0.96222901 0.51753104
vt 0.96228999 0.51688302
vt 0.96244800 0.51640296
vt 0.96229899 0.51623404
vt 0.96251601 0.51539695
vt 0.96156698 0.51451194
vt 0.96101600 0.51540995
vt 0.96183503 0.51293802
vt 0.96079803 0.51291203
vt 0.96328801 0.51229095
vt 0.96303803 0.51295495
vt 0.96343601 0.51193297
vt 0.96340001 0.51195693
vt 0.96623999 0.51910901
vt 0.96631503 0.52055204
vt 0.96651697 0.51839304
vt 0.96661502 0.51740098
vt 0.96617699 0.51570499
vt 0.96362603 0.52141201
vt 0.96378201 0.52039599
vt 0.96353900 0.52120697
vt 0.96364301 0.52245593
vt 0.96310198 0.51215100
vt 0.96332800 0.51176000
vt 0.96315902 0.51158500
vt 0.96349502 0.51150501
vt 0.96885097 0.52773702
vt 0.96794897 0.53015697
vt 0.96683401 0.53431094
vt 0.96832502 0.53469896
vt 0.96663201 0.53330004
vt 0.97587502 0.54514694
vt 0.97618997 0.54219699
vt 0.97503299 0.54604900
vt 0.96823901 0.53932095
vt 0.96857399 0.54120898
vt 0.96956199 0.53777993
vt 0.96639800 0.53911698
vt 0.96065497 0.53294694
vt 0.96089298 0.53453398
vt 0.96154398 0.53150403
vt 0.95920503 0.53217101
vt 0.95950001 0.52575099
vt 0.95944101 0.52638102
vt 0.95959198 0.51215899
vt 0.95908397 0.51352704
vt 0.96061200 0.51102996
vt 0.95145297 0.51029396
vt 0.95372802 0.50787604
vt 0.94990897 0.50922799
vt 0.95096999 0.51404500
vt 0.94777799 0.51444399
vt 0.94858003 0.50868702
vt 0.94866198 0.50566196
vt 0.94682300 0.51136494
vt 0.95568299 0.52317595
vt 0.95595801 0.52159297
vt 0.95472997 0.52334499
vt 0.95824999 0.53419602
vt 0.95836699 0.53443003
vt 0.95670998 0.53374195
vt 0.96637303 0.54449999
vt 0.96737999 0.54446304
vt 0.96510899 0.54334295
vt 0.96403003 0.54247200
vt 0.96295702 0.54227102
vt 0.94336998 0.52114499
vt 0.94454199 0.52310002
vt 0.94441301 0.51985693
vt 0.94541299 0.51835299
vt 0.94807798 0.51823497
vt 0.94444102 0.51612902
vt 0.96107399 0.54796898
vt 0.96328300 0.54990804
vt 0.96092600 0.54408395
vt 0.95839101 0.54947400
vt 0.96104097 0.55741501
vt 0.95688498 0.54351604
vt 0.95232803 0.53499198
vt 0.95385200 0.53487396
vt 0.95524198 0.53461993
vt 0.94190001 0.52785599
vt 0.94316399 0.52689898
vt 0.94040698 0.52656698
vt 0.94291997 0.52993000
vt 0.93937200 0.52562094
vt 0.93895197 0.52389002
vt 0.93818098 0.52655995
vt 0.97999299 0.54314399
vt 0.98173201 0.53854501
vt 0.97786897 0.54727304
vt 0.94607103 0.53897893
vt 0.94247699 0.53926194
vt 0.94356602 0.54369104
vt 0.94849503 0.53980803
vt 0.95116699 0.54089594
vt 0.95152003 0.54379499
vt 0.95431399 0.54054499
vt 0.93621099 0.52723002
vt 0.93492901 0.52612793
vt 0.93370497 0.52508998
vt 0.93141699 0.52528095
vt 0.93466997 0.53336799
vt 0.93651700 0.53534198
vt 0.93615699 0.53374493
vt 0.93125802 0.53026903
vt 0.93077499 0.53147197
vt 0.93402398 0.58788300
vt 0.93070799 0.58450496
vt 0.92706597 0.59157801
vt 0.92776603 0.58098102
vt 0.91762000 0.57935393
vt 0.92377901 0.52270603
vt 0.92060798 0.51731896
vt 0.92567998 0.52651703
vt 0.92463803 0.52269995
vt 0.92023003 0.51422596
vt 0.92729402 0.52978301
vt 0.93085301 0.53397799
vt 0.92377603 0.51605499
vt 0.92285198 0.51249897
vt 0.92226702 0.51422000
vt 0.92430902 0.51843703
vt 0.92482603 0.51676702
vt 0.92936200 0.51002693
vt 0.93008798 0.51085293
vt 0.92587298 0.51623297
vt 0.91932899 0.50933802
vt 0.92124099 0.51425195
vt 0.91924399 0.50686800
vt 0.91821802 0.50713301
vt 0.91715598 0.49931997
vt 0.91938400 0.50450695
vt 0.92067802 0.50659001
vt 0.91865897 0.49995100
vt 0.92023802 0.49993700
vt 0.95568001 0.51542604
vt 0.95600200 0.51653600
vt 0.94039297 0.54807198
vt 0.93982500 0.54479599
vt 0.94532198 0.54955399
vt 0.93509299 0.55072200
vt 0.93192399 0.54469800
vt 0.95474899 0.55369496
vt 0.95965803 0.54927504
vt 0.95998800 0.55102694
vt 0.95202398 0.55726397
vt 0.95228702 0.55410194
vt 0.95874602 0.54746604
vt 0.94021600 0.53277099
vt 0.93597299 0.53198802
vt 0.94441199 0.53230393
vt 0.93190598 0.53094900
vt 0.92619199 0.53143096
vt 0.94460702 0.53258300
vt 0.94456100 0.53465402
vt 0.94547802 0.53296995
vt 0.94312900 0.53038001
vt 0.94634098 0.53333402
vt 0.96060199 0.54859698
vt 0.96047300 0.55050898
vt 0.96105999 0.54879403
vt 0.95964700 0.54681897
vt 0.95893300 0.54870999
vt 0.96150500 0.54891002
vt 0.96223998 0.55011499
vt 0.94889903 0.56550801
vt 0.94927299 0.56541097
vt 0.94818401 0.56508493
vt 0.94755298 0.56456602
vt 0.94669497 0.56473804
vt 0.93426400 0.55710900
vt 0.93423998 0.55505800
vt 0.93141901 0.54928994
vt 0.93313998 0.55461204
vt 0.93203598 0.55190301
vt 0.92995602 0.54770195
vt 0.95540297 0.55559993
vt 0.95741200 0.55408394
vt 0.95558900 0.55331600
vt 0.95916098 0.55323195
vt 0.95229101 0.54888093
vt 0.94989002 0.55067003
vt 0.95424998 0.54453301
vt 0.92777401 0.52232802
vt 0.92887300 0.52477002
vt 0.92940700 0.51873803
vt 0.93010598 0.52795601
vt 0.92937803 0.53285599
vt 0.93316501 0.52622294
vt 0.94721001 0.55960703
vt 0.94530302 0.55900204
vt 0.94707400 0.56108999
vt 0.93592101 0.55219495
vt 0.93913400 0.55249202
vt 0.93469602 0.54865897
vt 0.96556598 0.55092704
vt 0.96650600 0.55429995
vt 0.37523401 0.54841399
vt 0.36711800 0.54877293
vt 0.44493800 0.38352501
vt 0.43551499 0.39200598
vt 0.46330202 0.38016599
vt 0.42730600 0.39993501
vt 0.41516501 0.40824902
vt 0.96197802 0.49448699
vt 0.96242601 0.49386501
vt 0.96066397 0.49278998
vt 0.96410900 0.48945999
vt 0.96436900 0.48904800
vt 0.96365499 0.48813403
vt 0.96356797 0.48911798
vt 0.96428400 0.49007702
vt 0.96469998 0.48700601
vt 0.96480101 0.48659003
vt 0.96466500 0.48681700
vt 0.96471399 0.48765099
vt 0.96454901 0.48749799
vt 0.96462703 0.48666000
vt 0.96463102 0.48598897
vt 0.96442902 0.48637003
vt 0.96439201 0.48543298
vt 0.96550399 0.48840499
vt 0.96562499 0.48830998
vt 0.96218002 0.48663598
vt 0.96233302 0.48733097
vt 0.96285802 0.48685002
vt 0.96491200 0.48865902
vt 0.96493298 0.48854899
vt 0.96484798 0.48828501
vt 0.96486700 0.48903000
vt 0.96480697 0.48876202
vt 0.96329600 0.47448599
vt 0.96343201 0.47503901
vt 0.96160400 0.47747803
vt 0.96193802 0.47730500
vt 0.96223199 0.47709000
vt 0.96233201 0.47770202
vt 0.96244103 0.47612798
vt 0.98376101 0.43949002
vt 0.98595202 0.44135898
vt 0.98861998 0.44460899
vt 0.98981798 0.43686599
vt 0.96427798 0.49642700
vt 0.96416801 0.49557197
vt 0.96401203 0.49461502
vt 0.96359402 0.49444199
vt 0.97338802 0.44719201
vt 0.97189403 0.44610798
vt 0.97489101 0.44782799
vt 0.99074900 0.42705297
vt 0.99309200 0.42984301
vt 0.98922402 0.41356599
vt 0.99509299 0.43253499
vt 0.99636501 0.42286700
vt 0.61715901 0.48512900
vt 0.62359297 0.49467498
vt 0.64154696 0.49136901
vt 0.62281203 0.47972900
vt 0.60502899 0.48361498
vt 0.62876403 0.47343802
vt 0.64112902 0.47457600
vt 0.61384797 0.42722601
vt 0.62021899 0.42669398
vt 0.61663902 0.41796702
vt 0.63500798 0.41114700
vt 0.50674200 0.23438001
vt 0.52795899 0.21667302
vt 0.49348801 0.23004800
vt 0.50540197 0.25971401
vt 0.48072898 0.22947598
vt 0.96451598 0.48854601
vt 0.96435499 0.48824900
vt 0.96475601 0.48889798
vt 0.96431899 0.48836100
vt 0.96376002 0.48741102
vt 0.96451300 0.48831099
vt 0.94126999 0.47934502
vt 0.94199800 0.48007101
vt 0.94167298 0.47694600
vt 0.94128799 0.47743702
vt 0.94038302 0.48034602
vt 0.93971699 0.47745299
vt 0.93320298 0.47906798
vt 0.93567002 0.47834200
vt 0.93753600 0.47595602
vt 0.93310398 0.47840399
vt 0.93246001 0.47993600
vt 0.93523598 0.47905302
vt 0.92930299 0.49459100
vt 0.92998302 0.49614698
vt 0.92972600 0.49209398
vt 0.59317499 0.48701400
vt 0.58674800 0.48348099
vt 0.56799400 0.49585700
vt 0.58768904 0.49595898
vt 0.40637702 0.40569901
vt 0.41023701 0.39136702
vt 0.40612400 0.38922298
vt 0.40352303 0.40894401
vt 0.40643400 0.41456300
vt 0.40086699 0.41219401
vt 0.40034801 0.40421802
vt 0.39515698 0.42138100
vt 0.05585802 0.41243798
vt 0.05231398 0.40254802
vt 0.05229902 0.41594899
vt 0.06466198 0.41825402
vt 0.06537300 0.40702498
vt 0.06381398 0.43203300
vt 0.04922098 0.42164201
vt 0.04153502 0.41658300
vt 0.05169499 0.43336999
vt 0.98816001 0.40086102
vt 0.98563898 0.39843398
vt 0.65015900 0.39223200
vt 0.65279603 0.37722301
vt 0.63267100 0.36513400
vt 0.63709402 0.39081001
vt 0.65414596 0.40219301
vt 0.82017899 0.38638401
vt 0.81641102 0.36408001
vt 0.81066597 0.39711499
vt 0.83317798 0.39300400
vt 0.83983499 0.36226398
vt 0.80115801 0.40791100
vt 0.78644001 0.39757001
vt 0.80207199 0.42976701
vt 0.69973898 0.26942700
vt 0.70924103 0.29887599
vt 0.70773000 0.24791300
vt 0.68505400 0.25725102
vt 0.71619099 0.22830200
vt 0.73780501 0.24111301
vt 0.70417297 0.20145601
vt 0.74091101 0.19284201
vt 0.68564796 0.33813798
vt 0.68470597 0.35134101
vt 0.69200999 0.35219002
vt 0.18154901 0.25019902
vt 0.15868700 0.26664799
vt 0.17888200 0.31987000
vt 0.98015600 0.36763501
vt 0.98189902 0.37938201
vt 0.97495198 0.36200601
vt 0.97546297 0.37796801
vt 0.01840699 0.35287201
vt 0.01626801 0.35558599
vt 0.00083899 0.34614199
vt 0.01340699 0.34916800
vt 0.02762902 0.35563701
vt 0.02825600 0.35998797
vt 0.02685398 0.35276502
vt 0.54841900 0.14565998
vt 0.56414700 0.14739698
vt 0.53698999 0.14875501
vt 0.55836600 0.13735598
vt 0.59565699 0.13458401
vt 0.51965296 0.15527397
vt 0.49608999 0.15622503
vt 0.39038599 0.43587297
vt 0.39501601 0.42722201
vt 0.39111298 0.44016802
vt 0.39204299 0.44454497
vt 0.39684099 0.44117498
vt 0.38540900 0.44968897
vt 0.39109099 0.44897598
vt 0.50168800 0.49891102
vt 0.50235301 0.49817902
vt 0.50098503 0.49824202
vt 0.50152302 0.49659097
vt 0.43490601 0.35604799
vt 0.44771302 0.33161098
vt 0.42562997 0.36367899
vt 0.36574602 0.42671001
vt 0.36149698 0.43381500
vt 0.37257397 0.42464900
vt 0.37058300 0.42220098
vt 0.35842699 0.43063498
vt 0.54109097 0.45978999
vt 0.54204798 0.46846801
vt 0.55118299 0.46659100
vt 0.54813302 0.45494801
vt 0.53262603 0.45510697
vt 0.06098801 0.44985998
vt 0.06426102 0.44006199
vt 0.07353199 0.43694502
vt 0.06400502 0.45125699
vt 0.95406103 0.32049400
vt 0.96592498 0.32401901
vt 0.94731903 0.31873900
vt 0.94158697 0.31727201
vt 0.94432998 0.31529099
vt 0.92993200 0.31575698
vt 0.51778698 0.42946100
vt 0.50435400 0.42117500
vt 0.52001798 0.43724197
vt 0.52693301 0.42676699
vt 0.51003200 0.41183698
vt 0.68916100 0.41986102
vt 0.68740600 0.43147999
vt 0.69733799 0.42141098
vt 0.68454301 0.44048703
vt 0.67590702 0.44040298
vt 0.07960099 0.29435802
vt 0.08795297 0.24018002
vt 0.06027597 0.21074498
vt 0.06563503 0.29505402
vt 0.08182299 0.33653003
vt 0.10940403 0.29208797
vt 0.06251502 0.35531700
vt 0.79673201 0.45298302
vt 0.80319297 0.46535498
vt 0.80941302 0.47832501
vt 0.80484802 0.50285399
vt 0.47649997 0.39729601
vt 0.48305798 0.40424103
vt 0.48360401 0.39590597
vt 0.48808998 0.41181803
vt 0.47820699 0.41159701
vt 0.94327903 0.39171100
vt 0.94814599 0.40044898
vt 0.94694698 0.38934600
vt 0.93145299 0.38674498
vt 0.93444300 0.39493001
vt 0.92685902 0.37322199
vt 0.94951898 0.38553900
vt 0.95987397 0.39517498
vt 0.94272900 0.37248600
vt 0.95647597 0.37899101
vt 0.03959000 0.35296202
vt 0.02824301 0.34972697
vt 0.03200400 0.38530999
vt 0.04550701 0.37505299
vt 0.04653001 0.32872498
vt 0.02612400 0.29888701
vt 0.06343597 0.38046700
vt 0.05879098 0.37387300
vt 0.07279700 0.39173901
vt 0.06014198 0.37752199
vt 0.08467799 0.40156198
vt 0.09023798 0.40272099
vt 0.09548002 0.40416902
vt 0.08883399 0.39861500
vt 0.41374600 0.36511803
vt 0.41748202 0.35211402
vt 0.40479201 0.38292402
vt 0.41831201 0.36235899
vt 0.50087899 0.47893798
vt 0.50176001 0.47913498
vt 0.51461804 0.47434503
vt 0.50849402 0.47651303
vt 0.49610901 0.48127401
vt 0.50478500 0.48072201
vt 0.48846197 0.49761802
vt 0.48700702 0.49625999
vt 0.48636103 0.50009501
vt 0.48556602 0.49463397
vt 0.51531601 0.49170601
vt 0.50208604 0.48959601
vt 0.52469802 0.48681700
vt 0.52329201 0.49898100
vt 0.53464603 0.48091203
vt 0.52706003 0.47586399
vt 0.54688597 0.48016798
vt 0.08684999 0.43271500
vt 0.07595801 0.43011600
vt 0.09320402 0.43305302
vt 0.08901000 0.43713701
vt 0.10781199 0.44175297
vt 0.09913403 0.43345600
vt 0.09419698 0.42818201
vt 0.10930002 0.43751901
vt 0.10823500 0.43236297
vt 0.03648800 0.36066699
vt 0.04010099 0.36236602
vt 0.03934002 0.36560601
vt 0.04351503 0.36326998
vt 0.03895199 0.35896701
vt 0.96583301 0.35250700
vt 0.96182001 0.35680199
vt 0.65196800 0.43527597
vt 0.65813601 0.43953103
vt 0.65793204 0.42320800
vt 0.48181403 0.40859902
vt 0.48095298 0.39858001
vt 0.49615502 0.43274099
vt 0.47856599 0.38325000
vt 0.84498298 0.39016098
vt 0.84684002 0.40177602
vt 0.85385001 0.37356198
vt 0.86155403 0.38363600
vt 0.84731501 0.41417700
vt 0.85418701 0.41244698
vt 0.66980803 0.14129001
vt 0.69640601 0.14628798
vt 0.75626099 0.12567002
vt 0.68269503 0.13160300
vt 0.62867904 0.14239103
vt 0.45886099 0.31115299
vt 0.46839201 0.31072402
vt 0.56436098 0.36323100
vt 0.57077503 0.38305700
vt 0.57081604 0.34806299
vt 0.54889101 0.36228102
vt 0.54413700 0.32857400
vt 0.57543600 0.33412498
vt 0.59121001 0.34074199
vt 0.56407499 0.31452203
vt 0.85768700 0.42037600
vt 0.86180800 0.41145498
vt 0.05791801 0.45103198
vt 0.06618500 0.44511902
vt 0.05382001 0.44798601
vt 0.05539101 0.43243200
vt 0.05395502 0.42383301
vt 0.97382301 0.43309200
vt 0.97092998 0.43073201
vt 0.97741002 0.44207102
vt 0.40377998 0.42895401
vt 0.40318602 0.43149000
vt 0.40004700 0.43568701
vt 0.53471398 0.49360901
vt 0.54335201 0.49958301
vt 0.54234600 0.48980701
vt 0.52117097 0.49272400
vt 0.55054998 0.48542702
vt 0.56732100 0.48483199
vt 0.49253899 0.49469697
vt 0.49239397 0.49589902
vt 0.49067003 0.49226499
vt 0.48966599 0.49161398
vt 0.49224001 0.49719399
vt 0.49333102 0.49997097
vt 0.49136800 0.49558097
vt 0.50468200 0.49093902
vt 0.49973100 0.49430001
vt 0.50853503 0.49224597
vt 0.50488997 0.48705602
vt 0.49726701 0.49019599
vt 0.07536000 0.41991299
vt 0.08071399 0.42488903
vt 0.08145201 0.41515303
vt 0.09725702 0.42052299
vt 0.08583897 0.42900097
vt 0.08060002 0.43460101
vt 0.09627998 0.42825401
vt 0.09597200 0.43664098
vt 0.04682100 0.38767397
vt 0.04511899 0.39724201
vt 0.04200298 0.38002801
vt 0.86876798 0.45621598
vt 0.87156898 0.46335900
vt 0.87021399 0.44150299
vt 0.88182700 0.44296497
vt 0.87398803 0.47115499
vt 0.87180698 0.48914099
vt 0.88128799 0.46710998
vt 0.88088202 0.49339098
vt 0.90397900 0.39285398
vt 0.91275698 0.39109898
vt 0.90543401 0.38227499
vt 0.89446098 0.40599000
vt 0.88575602 0.39860702
vt 0.89742398 0.43961000
vt 0.90293097 0.43849999
vt 0.89803898 0.43127102
vt 0.89196801 0.45145601
vt 0.89663798 0.46056801
vt 0.89880002 0.42482400
vt 0.89190102 0.42576200
vt 0.66072601 0.08742499
vt 0.83160800 0.02552903
vt 1.28314900 0.04435700
vt 0.61331701 0.10480303
vt 0.67379600 0.11025202
vt 0.82637799 0.06659400
vt 0.86589998 0.33422297
vt 0.85157698 0.33120799
vt 0.86559999 0.34810102
vt 0.70416600 0.35918200
vt 0.71240300 0.37968099
vt 0.71120101 0.34169102
vt 0.71827900 0.32415098
vt 0.61241800 0.16383898
vt 0.60849798 0.17238599
vt 0.58085799 0.15466303
vt 0.88697898 0.37954998
vt 0.87896699 0.39458001
vt 0.89490300 0.37461400
vt 0.90554202 0.37185502
vt 0.91532701 0.36059099
vt 0.40009397 0.43617398
vt 0.39894801 0.43930203
vt 0.50135201 0.48512697
vt 0.50351000 0.48275298
vt 0.49538499 0.48655999
vt 0.50583804 0.47995901
vt 0.51545399 0.47739702
vt 0.49596697 0.49365199
vt 0.49722499 0.49395198
vt 0.49823302 0.49431002
vt 0.49865299 0.49557900
vt 0.49885702 0.49397600
vt 0.49962699 0.49553901
vt 0.96662903 0.48603201
vt 0.96645999 0.48755300
vt 0.96696001 0.48547900
vt 0.96643400 0.48489702
vt 0.96608102 0.48673803
vt 0.96737498 0.48493099
vt 0.96256900 0.47181302
vt 0.96250403 0.47082198
vt 0.96211702 0.47238600
vt 0.96229100 0.47936201
vt 0.96254897 0.48018003
vt 0.96240097 0.47873998
vt 0.96305299 0.47922897
vt 0.96252400 0.47805101
vt 0.96282500 0.47769397
vt 0.96222800 0.48412299
vt 0.96266502 0.48540300
vt 0.96259201 0.48508900
vt 0.96207398 0.48353499
vt 0.96195197 0.48335701
vt 0.96259201 0.48532897
vt 0.96201301 0.48321199
vt 0.96237200 0.48427701
vt 0.96575999 0.48502100
vt 0.96578199 0.48658502
vt 0.96591902 0.48443699
vt 0.96619499 0.48382002
vt 0.96616900 0.48222202
vt 0.96373099 0.47899801
vt 0.96383202 0.48019499
vt 0.96388000 0.47887301
vt 0.96300000 0.47763199
vt 0.96311301 0.47812200
vt 0.96316200 0.47766602
vt 0.96300298 0.47716200
vt 0.96472502 0.49350899
vt 0.96490300 0.49345797
vt 0.96764600 0.47377700
vt 0.96647000 0.47239602
vt 0.96604300 0.47296798
vt 0.96791798 0.47468799
vt 0.96833599 0.47369999
vt 0.96958101 0.46388698
vt 0.96824300 0.46507102
vt 0.97049999 0.46370602
vt 0.97110498 0.46363199
vt 0.97196102 0.46248800
vt 0.96551102 0.47171098
vt 0.96496499 0.47189200
vt 0.96519202 0.47109401
vt 0.97298700 0.45717901
vt 0.97214800 0.45617199
vt 0.97332400 0.45921302
vt 0.96464503 0.46161401
vt 0.96436697 0.46358299
vt 0.96353102 0.46048701
vt 0.96270901 0.46941900
vt 0.96211600 0.46898401
vt 0.96364403 0.46909100
vt 0.95785302 0.47887701
vt 0.95738298 0.48091298
vt 0.95887500 0.47788799
vt 0.95761198 0.47826999
vt 0.95667398 0.48970503
vt 0.95659298 0.49175400
vt 0.95818603 0.49040502
vt 0.95905203 0.49051899
vt 0.95174402 0.48477203
vt 0.95333499 0.48448801
vt 0.95116597 0.48310697
vt 0.95063698 0.48141098
vt 0.94870603 0.48114902
vt 0.95685899 0.47083199
vt 0.95634300 0.46933699
vt 0.95761698 0.47002202
vt 0.95514703 0.46753103
vt 0.95342702 0.46893299
vt 0.95507097 0.46793097
vt 0.95673299 0.46605700
vt 0.96880400 0.45243102
vt 0.96725798 0.45445001
vt 0.97007400 0.45106298
vt 0.96830499 0.45141703
vt 0.94758499 0.47536099
vt 0.94679201 0.47397798
vt 0.94629097 0.47763002
vt 0.94649100 0.47254801
vt 0.94898897 0.47064000
vt 0.94390100 0.47336000
vt 0.94612902 0.46984202
vt 0.94541800 0.48644400
vt 0.94432098 0.48728698
vt 0.94474798 0.48385400
vt 0.95584202 0.46173501
vt 0.95475698 0.46359402
vt 0.95763803 0.46137398
vt 0.95429802 0.46013600
vt 0.95192403 0.46236402
vt 0.95128703 0.46945000
vt 0.95103002 0.46857399
vt 0.95053703 0.46745300
vt 0.95239198 0.46660101
vt 0.94803900 0.46730298
vt 0.94922000 0.46518600
vt 0.94190902 0.46922803
vt 0.94213998 0.47028702
vt 0.94366199 0.46833998
vt 0.93898702 0.46957397
vt 0.93825299 0.47128201
vt 0.94549400 0.46724802
vt 0.94436699 0.46637201
vt 0.94923401 0.45161700
vt 0.94982398 0.45634001
vt 0.95263302 0.44905502
vt 0.95603502 0.44661701
vt 0.93445998 0.48772299
vt 0.93533599 0.48885000
vt 0.93502599 0.48567200
vt 0.93634200 0.48971897
vt 0.93798500 0.48815900
vt 0.93404001 0.46388698
vt 0.93506598 0.46483499
vt 0.93603098 0.46253300
vt 0.93005598 0.46573901
vt 0.93044001 0.46752900
vt 0.93830001 0.46073502
vt 0.94271100 0.45994800
vt 0.91249901 0.42824501
vt 0.91814297 0.41634500
vt 0.90839803 0.43475902
vt 0.90420502 0.44305801
vt 0.90041900 0.45925301
vt 0.92404699 0.47973502
vt 0.92540097 0.47619998
vt 0.92140102 0.48536497
vt 0.92045099 0.48310000
vt 0.92831099 0.48009700
vt 0.92869997 0.47740501
vt 0.92693198 0.48181802
vt 0.92670900 0.48836601
vt 0.92799401 0.48888999
vt 0.92615902 0.48648602
vt 0.91032702 0.48631501
vt 0.91260099 0.48144698
vt 0.91490102 0.47894198
vt 0.91680199 0.48670399
vt 0.91569602 0.47004300
vt 0.91891003 0.47843802
vt 0.96323502 0.47857398
vt 0.96334302 0.47929800
vt 0.96329898 0.47833598
vt 0.96286702 0.48234397
vt 0.96281701 0.48367399
vt 0.96365601 0.48702699
vt 0.96324903 0.48354602
vt 0.96372902 0.48532897
vt 0.96414202 0.48769599
vt 0.96380103 0.48468900
vt 0.96402103 0.48301399
vt 0.96443701 0.48473102
vt 0.96381098 0.48158801
vt 0.96386802 0.48306400
vt 0.89478999 0.48690999
vt 0.89423102 0.50174797
vt 0.89670402 0.48062402
vt 0.89370400 0.47711903
vt 0.89186400 0.49826503
vt 0.89878899 0.47391498
vt 0.92447197 0.47396398
vt 0.92501301 0.47636801
vt 0.92537498 0.47400802
vt 0.94567502 0.44618601
vt 0.94928700 0.44703001
vt 0.93909198 0.44293398
vt 0.93383700 0.46060699
vt 0.93790102 0.46343100
vt 0.92782301 0.45771402
vt 0.94164997 0.47474802
vt 0.94224799 0.47316903
vt 0.94088298 0.47320002
vt 0.95034897 0.46318400
vt 0.94918400 0.46324199
vt 0.95124197 0.46172601
vt 0.94844401 0.46457100
vt 0.94630003 0.46615398
vt 0.95208198 0.46025997
vt 0.95050400 0.45925498
vt 0.96550798 0.44771999
vt 0.96464300 0.44849801
vt 0.96575803 0.44814801
vt 0.96551901 0.44610900
vt 0.96420401 0.44609100
vt 0.95684999 0.44022202
vt 0.95464003 0.43989301
vt 0.95184100 0.43804199
vt 0.95541000 0.43888402
vt 0.95396501 0.43760502
vt 0.95104897 0.43671101
vt 0.95592302 0.43778300
vt 0.93854398 0.43711603
vt 0.93758500 0.43850702
vt 0.93806702 0.43872499
vt 0.93507898 0.44049001
vt 0.92541003 0.45467901
vt 0.92488599 0.45608699
vt 0.92711997 0.45113897
vt 0.92781800 0.45156503
vt 0.92438698 0.45755303
vt 0.92616999 0.45556700
vt 0.95537603 0.44872397
vt 0.95766300 0.45246601
vt 0.96000898 0.45039499
vt 0.95535398 0.44550198
vt 0.95194203 0.44794297
vt 0.94750297 0.44457799
vt 0.93965298 0.45765299
vt 0.94356900 0.45675200
vt 0.93415898 0.45710498
vt 0.93583101 0.47542298
vt 0.93701202 0.47935200
vt 0.93727899 0.47255498
vt 0.93320602 0.47482902
vt 0.95783699 0.43819201
vt 0.95450300 0.43928403
vt 0.95137501 0.43954200
vt 0.95817798 0.43958801
vt 0.93100500 0.45759100
vt 0.93048501 0.45663899
vt 0.93530399 0.47940099
vt 0.93668902 0.47834200
vt 0.93729997 0.47866702
vt 0.93863702 0.47628999
vt 0.93654197 0.47565597
vt 0.94142503 0.47423100
vt 0.94170797 0.47177798
vt 0.88814199 0.41869301
vt 0.88092101 0.42167997
vt 0.03317398 0.41276997
vt 0.93296999 0.47446603
vt 0.92772102 0.47620702
vt 0.93587399 0.47180098
vt 0.92967099 0.45498902
vt 0.93193501 0.45224702
vt 0.94073403 0.44639897
vt 0.94316399 0.44327998
vt 0.93886799 0.44626999
vt 0.94229198 0.44813901
vt 0.93765700 0.44462800
vt 0.93577397 0.44740403
vt 0.94864899 0.43899202
vt 0.94605601 0.43692797
vt 0.93902302 0.47082198
vt 0.94733101 0.45645398
vt 0.95517701 0.44354397
vt 0.95868999 0.44458300
vt 0.95036203 0.44248003
vt 0.96475399 0.44354898
vt 0.96352398 0.44213599
vt 0.93672901 0.43935800
vt 0.93487900 0.44056600
vt 0.94549400 0.43750501
vt 0.94510001 0.43737102
vt 0.94670099 0.43658698
vt 0.94475800 0.43695402
vt 0.96590400 0.44852400
vt 0.95754701 0.45616800
vt 0.95680100 0.45455098
vt 0.95821500 0.45494902
vt 0.95891702 0.45380402
vt 0.96039498 0.45285898
vt 0.94272900 0.47231901
vt 0.94367898 0.47022003
vt 0.95201397 0.43910402
vt 0.95443398 0.44047499
vt 0.94935799 0.43763202
vt 0.95946902 0.44291902
vt 0.94244301 0.46421701
vt 0.93664801 0.46645302
vt 0.95262998 0.44932199
vt 0.94862801 0.44995099
vt 0.92586398 0.47807300
vt 0.92664897 0.48088998
vt 0.96366501 0.48069799
vt 0.96394098 0.48144299
vt 0.96398503 0.48434800
vt 0.96384901 0.48409301
vt 0.96401203 0.48538202
vt 0.96454298 0.48790097
vt 0.96405101 0.48147899
vt 0.96285802 0.48545098
vt 0.96314198 0.48631603
vt 0.96284300 0.48500401
vt 0.96262002 0.48379099
vt 0.91712099 0.49193001
vt 0.91658998 0.49861401
vt 0.91779602 0.48925102
vt 0.91833401 0.48723799
vt 0.91813600 0.49146801
vt 0.91990399 0.48080200
vt 0.92152703 0.49562103
vt 0.92173600 0.49993402
vt 0.92228800 0.49353701
vt 0.92084700 0.49330097
vt 0.92292398 0.49158698
vt 0.92311001 0.48752499
vt 0.92939502 0.47529298
vt 0.93142903 0.47422802
vt 0.92697400 0.47281599
vt 0.93063998 0.46855903
vt 0.92576003 0.47323197
vt 0.91923600 0.46500599
vt 0.92257398 0.46937197
vt 0.91955602 0.45788801
vt 0.92076397 0.44943798
vt 0.92961299 0.42439401
vt 0.93395102 0.42723101
vt 0.93230903 0.42034203
vt 0.93780202 0.43041599
vt 0.93349802 0.46969801
vt 0.93491298 0.46996701
vt 0.93619299 0.47024697
vt 0.93488503 0.47150600
vt 0.94309998 0.46566302
vt 0.94529498 0.46450001
vt 0.94760901 0.46353501
vt 0.95057201 0.46368098
vt 0.94785398 0.46240503
vt 0.95707601 0.42194700
vt 0.95543802 0.41566098
vt 0.95327199 0.42189300
vt 0.95018500 0.42268902
vt 0.94250500 0.41638303
vt 0.93921900 0.48630202
vt 0.94002199 0.48697799
vt 0.94065601 0.48814797
vt 0.94194603 0.48747301
vt 0.95927602 0.46065098
vt 0.95992702 0.46221501
vt 0.96239001 0.45890403
vt 0.96080601 0.45814699
vt 0.96550900 0.44283903
vt 0.96647298 0.44576198
vt 0.96742600 0.44332403
vt 0.96965998 0.44393599
vt 0.94345999 0.48840499
vt 0.97094202 0.45078498
vt 0.97085899 0.45256400
vt 0.96051502 0.46293700
vt 0.96179003 0.46139097
vt 0.96295601 0.45984101
vt 0.96397299 0.45794398
vt 0.95510000 0.46935999
vt 0.95393902 0.47217703
vt 0.95837700 0.46998298
vt 0.95872402 0.47208601
vt 0.94795102 0.49634302
vt 0.95710200 0.48458898
vt 0.95750499 0.48393297
vt 0.95746100 0.47737598
vt 0.95645398 0.47863698
vt 0.96142101 0.46929801
vt 0.96040797 0.47083402
vt 0.96406299 0.46472597
vt 0.96541202 0.46523100
vt 0.96243602 0.46477598
vt 0.97116899 0.45510101
vt 0.96466798 0.46971297
vt 0.97046798 0.47238803
vt 0.96964502 0.47197998
vt 0.96790200 0.47557199
vt 0.96858197 0.47739100
vt 0.96695501 0.47522300
vt 0.96300000 0.47659898
vt 0.96311700 0.47682798
vt 0.96407801 0.47893900
vt 0.96417397 0.47822303
vt 0.96462101 0.48536003
vt 0.96466601 0.48474801
vt 0.96471399 0.48393798
vt 0.96477598 0.48877400
vt 0.96477699 0.48847097
vt 0.96477503 0.48813200
vt 0.95956600 0.47836697
vt 0.95974499 0.48027098
vt 0.96068299 0.48080498
vt 0.96004897 0.47783899
vt 0.96038002 0.47769201
vt 0.96070498 0.47904903
vt 0.96036100 0.47610801
vt 0.96201003 0.47333199
vt 0.96243399 0.47438198
vt 0.96509898 0.47492403
vt 0.96468997 0.47600001
vt 0.96537501 0.47790301
vt 0.96568900 0.47520298
vt 0.96489298 0.47360402
vt 0.96631700 0.47580701
vt 0.96646798 0.47758698
vt 0.96872503 0.47947401
vt 0.48782200 0.48984802
vt 0.49044299 0.49072599
vt 0.48782003 0.49014902
vt 0.48508501 0.48886102
vt 0.48807698 0.49048603
vt 0.48645002 0.48923999
vt 0.39755201 0.44179100
vt 0.39111698 0.44774002
vt 0.54488999 0.47754198
vt 0.54056704 0.48267800
vt 0.63380396 0.23486000
vt 0.64493001 0.24849200
vt 0.62903798 0.20530403
vt 0.65654004 0.26446700
vt 0.65658796 0.29611701
vt 0.60723698 0.18442303
vt 0.57646900 0.19092000
vt 0.86512399 0.35911798
vt 0.87363201 0.35801899
vt 0.58497596 0.12849599
vt 0.56219304 0.13308799
vt 0.55963802 0.14760000
vt 0.87247199 0.42774999
vt 0.87101102 0.41955203
vt 0.87132001 0.41030997
vt 0.86905599 0.41164100
vt 0.92051399 0.39101899
vt 0.92034501 0.39782602
vt 0.03752500 0.37211400
vt 0.02861398 0.36966002
vt 0.53521502 0.41699201
vt 0.53173399 0.40493900
vt 0.52719301 0.39626098
vt 0.53310001 0.38427001
vt 0.51424599 0.39539599
vt 0.51409996 0.37611800
vt 0.38252002 0.42702001
vt 0.37727201 0.42601001
vt 0.51252800 0.49444801
vt 0.49984503 0.49458802
vt 0.50064099 0.49592400
vt 0.49987698 0.49440402
vt 0.50012302 0.49434602
vt 0.50132704 0.49564898
vt 0.49885100 0.49336499
vt 0.40282601 0.43424898
vt 0.40647900 0.42739201
vt 0.10920799 0.41792399
vt 0.09877199 0.41491997
vt 0.11317903 0.42172700
vt 0.96868700 0.42796397
vt 0.97046900 0.43427598
vt 0.96407098 0.41921800
vt 0.04745799 0.41220897
vt 0.04629099 0.41656297
vt 0.05025101 0.44394600
vt 0.86479801 0.40131998
vt 0.86794102 0.38101900
vt 0.86623096 0.40750700
vt 0.47989798 0.31313699
vt 0.48295802 0.33037698
vt 0.49255002 0.29890299
vt 0.50402498 0.32105798
vt 0.70281696 0.12002802
vt 0.76672697 0.10661602
vt 1.02423298 0.21915501
vt 1.01695502 0.17010498
vt 1.00829303 0.23141301
vt 0.04155999 0.25714600
vt 0.01695502 0.17010498
vt 0.02423298 0.21915501
vt 0.00829297 0.23141301
vt 0.99512702 0.24400997
vt 1.00055802 0.27946800
vt 1.02612400 0.29888701
vt 0.80300999 0.22284299
vt 0.79723597 0.18808901
vt 0.78157401 0.23847902
vt 0.83084399 0.23828602
vt 0.76318097 0.25508398
vt 0.66467500 0.44479501
vt 0.65897596 0.45730299
vt 0.49931800 0.38701999
vt 0.49110699 0.37307203
vt 0.49026000 0.38862801
vt 0.48099601 0.38784802
vt 0.95874399 0.36300999
vt 0.96678901 0.37943101
vt 0.94818699 0.35743600
vt 0.52068496 0.34453201
vt 0.50880700 0.35005897
vt 0.52880001 0.35541701
vt 0.52294397 0.32346600
vt 0.53675902 0.36728299
vt 0.40888900 0.41881800
vt 0.40705001 0.42095101
vt 0.40536898 0.42322302
vt 0.39840198 0.43227297
vt 0.49244899 0.49373502
vt 0.49438602 0.49512303
vt 0.49253899 0.49069297
vt 0.49641800 0.49664301
vt 0.50055802 0.49729103
vt 0.49978697 0.49736500
vt 0.49150699 0.48295301
vt 0.49221098 0.48402601
vt 0.41879600 0.33627599
vt 0.40979898 0.34050900
vt 0.53927696 0.48677897
vt 0.05680603 0.37352699
vt 0.01740998 0.34911400
vt 0.01594502 0.36242598
vt 0.01013100 0.32889998
vt 0.94742000 0.40343201
vt 0.93703002 0.39940900
vt 0.95299399 0.40829599
vt 0.95745701 0.41327697
vt 0.71310997 0.48107600
vt 0.71844304 0.47144300
vt 0.72429204 0.45986801
vt 0.71722603 0.44139701
vt 0.05228198 0.29560900
vt 0.39859098 0.31083900
vt 0.27676100 0.34308398
vt 0.52189499 0.44729501
vt 0.92314202 0.35033500
vt 0.93188202 0.35354900
vt 0.93981302 0.35956001
vt 0.06661600 0.45188302
vt 0.06455898 0.45883101
vt 0.07431000 0.44460601
vt 0.07559800 0.45196998
vt 0.55451000 0.45043200
vt 0.55997598 0.45318300
vt 0.37989402 0.42251098
vt 0.41785997 0.37172401
vt 0.47512698 0.49610603
vt 0.47681302 0.49387997
vt 0.47565800 0.50005293
vt 0.47866201 0.49135602
vt 0.48147500 0.49286401
vt 0.49774599 0.49863499
vt 0.49783099 0.49999100
vt 0.49844402 0.49789703
vt 0.08534199 0.44187200
vt 0.09076899 0.44573897
vt 0.01891601 0.36388600
vt 0.00862598 0.34168100
vt 0.01354301 0.34012699
vt 1.01354301 0.34012699
vt 1.00862598 0.34168100
vt 1.01340699 0.34916800
vt 0.88700998 0.47372699
vt 0.88838202 0.49213600
vt 0.88924003 0.46859097
vt 0.89132899 0.46508300
vt 0.14035702 0.27820700
vt 0.12194097 0.33893400
vt 0.13717300 0.20307398
vt 0.68256104 0.36594301
vt 0.67516899 0.34939498
vt 0.86158502 0.24581200
vt 0.86341703 0.26419598
vt 0.86466199 0.27869701
vt 0.84580702 0.29531199
vt 0.76996803 0.38771802
vt 0.76039803 0.40007198
vt 0.75184602 0.41213799
vt 0.73604596 0.40424401
vt 0.98315698 0.39347500
vt 0.98028803 0.39824700
vt 0.93994898 0.30372101
vt 0.94614601 0.29642600
vt 0.95423603 0.28759998
vt 0.03597200 0.35929799
vt 0.03879303 0.36298400
vt 0.04078197 0.36676401
vt 0.03865898 0.37220001
vt 0.04640698 0.36785197
vt 0.52089000 0.47415203
vt 0.53085899 0.47115499
vt 0.54130602 0.46736598
vt 0.53472900 0.46890199
vt 0.55564100 0.46191800
vt 0.58056402 0.48040801
vt 0.93077803 0.49750102
vt 0.93011099 0.50008500
vt 0.93263197 0.47786301
vt 0.93462098 0.47630900
vt 0.93466502 0.48433000
vt 0.96416301 0.48818898
vt 0.96382803 0.48757899
vt 0.60665101 0.34805000
vt 0.61601400 0.36900598
vt 0.61195999 0.33373201
vt 0.61778796 0.32083100
vt 0.63340199 0.33505100
vt 0.62683201 0.42676997
vt 0.63925600 0.41983199
vt 0.10345602 0.37915599
vt 0.09253001 0.37687498
vt 0.08234602 0.37272602
vt 0.07048398 0.39069700
vt 0.98643202 0.46870899
vt 0.97642601 0.45068300
vt 0.97668600 0.45121998
vt 0.97722501 0.45303398
vt 0.97748899 0.45454198
vt 0.97658002 0.45361799
vt 0.97788799 0.45766801
vt 0.97871202 0.45772702
vt 0.96177799 0.48399001
vt 0.96235502 0.48531401
vt 0.96165502 0.48323202
vt 0.96120697 0.48312002
vt 0.96156597 0.48253298
vt 0.96115202 0.48112100
vt 0.96350098 0.47559798
vt 0.96383399 0.47586501
vt 0.96516103 0.47964698
vt 0.96487600 0.47870600
vt 0.96507198 0.48042601
vt 0.96552300 0.48002201
vt 0.96499300 0.48104697
vt 0.96502101 0.48847997
vt 0.96272802 0.48830801
vt 0.96214098 0.48852402
vt 0.96574599 0.48799700
vt 0.96590501 0.48862302
vt 0.96513802 0.49395698
vt 0.96521997 0.49355698
vt 0.96525598 0.49303198
vt 0.96544898 0.49327499
vt 0.96506101 0.49191803
vt 0.96443999 0.49063402
vt 0.96477401 0.49076599
vt 0.96283799 0.49339199
vt 0.96246898 0.49184799
vt 0.55527103 0.20771402
vt 0.96666801 0.53163397
vt 0.96557999 0.53070998
vt 0.92839998 0.53726304
vt 0.92962599 0.53727996
vt 0.92539698 0.53518498
vt 0.93064600 0.53680694
vt 0.93409300 0.53807604
vt 0.94660503 0.56218398
vt 0.94785398 0.56170499
vt 0.94461900 0.56380403
vt 0.94551897 0.56396401
vt 0.95091200 0.56382298
vt 0.93774098 0.53665996
vt 0.94018000 0.53725004
vt 0.94268602 0.53735197
vt 0.94215602 0.54049897
vt 0.94674700 0.55128002
vt 0.94397998 0.55280101
vt 0.94702500 0.54748094
vt 0.92437398 0.53459799
vt 0.92416298 0.53312898
vt 0.92508799 0.53646302
vt 0.92401999 0.53162599
vt 0.94400102 0.56339896
vt 0.94351399 0.56261897
vt 0.94459599 0.56294501
vt 0.94545901 0.56066799
vt 0.94302899 0.56189704
vt 0.94487298 0.55991495
vt 0.95971203 0.55639398
vt 0.96066701 0.55464196
vt 0.96015501 0.55643404
vt 0.96158600 0.55293500
vt 0.95464402 0.54225302
vt 0.95508301 0.54203594
vt 0.95551097 0.54181194
vt 0.95637000 0.54304802
vt 0.95387000 0.54271996
vt 0.95896202 0.55738401
vt 0.94950300 0.55869794
vt 0.95190901 0.55750299
vt 0.94930202 0.54818904
vt 0.95788699 0.55374396
vt 0.95481700 0.55601394
vt 0.96164900 0.55058300
vt 0.95129597 0.55831397
vt 0.94678003 0.56138396
vt 0.95619702 0.51711702
vt 0.95705903 0.51602900
vt 0.95593798 0.51858795
vt 0.90037203 0.51578999
vt 0.89775199 0.52019298
vt 0.90243602 0.52200997
vt 0.89961803 0.54058897
vt 0.90440500 0.52785993
vt 0.90531898 0.54117501
vt 0.93095303 0.51205099
vt 0.93263400 0.51113594
vt 0.92619902 0.52155793
vt 0.92678398 0.52197194
vt 0.92809403 0.52433193
vt 0.92788100 0.52433693
vt 0.92697901 0.52356601
vt 0.90947002 0.55297601
vt 0.90808898 0.55791903
vt 0.91447502 0.55625904
vt 0.91893202 0.55884695
vt 0.93917501 0.55641198
vt 0.94459897 0.55459404
vt 0.93649101 0.55183399
vt 0.93426001 0.54661298
vt 0.93580699 0.54080403
vt 0.93745500 0.53372395
vt 0.93451399 0.50542402
vt 0.93504602 0.50798595
vt 0.93792802 0.50821102
vt 0.93574297 0.50431097
vt 0.93699598 0.50293303
vt 0.93840498 0.50355899
vt 0.95130002 0.56892502
vt 0.95403200 0.56578600
vt 0.95663500 0.56317294
vt 0.96181101 0.56207502
vt 0.95349300 0.56043100
vt 0.97634101 0.55051398
vt 0.97661400 0.54909003
vt 0.94049400 0.50578904
vt 0.94185197 0.50501299
vt 0.93997502 0.50425303
vt 0.93976498 0.50853598
vt 0.93960500 0.50277793
vt 0.96115601 0.54244494
vt 0.95929497 0.54180503
vt 0.94328898 0.50555503
vt 0.94405103 0.50396502
vt 0.94474602 0.50251293
vt 0.94616699 0.50340796
vt 0.97271103 0.55065000
vt 0.97365099 0.54943395
vt 0.97151703 0.55001295
vt 0.95834702 0.53491199
vt 0.95974803 0.53570199
vt 0.95679402 0.53393197
vt 0.95615900 0.52023101
vt 0.95353001 0.52481997
vt 0.95261699 0.52402699
vt 0.95157200 0.52340698
vt 0.95577598 0.50635493
vt 0.95881802 0.51655900
vt 0.95862800 0.51546299
vt 0.95821798 0.51849699
vt 0.95977700 0.51629400
vt 0.95960498 0.52719593
vt 0.96067601 0.52874899
vt 0.96107298 0.53539395
vt 0.96879202 0.54312599
vt 0.97412503 0.54692900
vt 0.97255099 0.53057301
vt 0.97196603 0.53134894
vt 0.97289401 0.53197503
vt 0.97206801 0.53593397
vt 0.97115803 0.53209996
vt 0.97053301 0.53433001
vt 0.96417397 0.50412095
vt 0.96418101 0.50510597
vt 0.96431303 0.50352299
vt 0.96398503 0.50410199
vt 0.96444201 0.50308096
vt 0.96458501 0.50352299
vt 0.96350300 0.52104104
vt 0.96453202 0.51661897
vt 0.96463698 0.51631904
vt 0.96472901 0.51609504
vt 0.96492600 0.50890398
vt 0.96492398 0.50842702
vt 0.96480203 0.50938296
vt 0.96488702 0.50796294
vt 0.96501100 0.50746202
vt 0.96359199 0.51150894
vt 0.96041501 0.51661003
vt 0.96034598 0.51825094
vt 0.96164399 0.52419794
vt 0.96189600 0.52258599
vt 0.96461898 0.52556098
vt 0.96531898 0.52515793
vt 0.96517998 0.50689995
vt 0.96517003 0.50630200
vt 0.96516001 0.50554693
vt 0.58784199 0.54334903
vt 0.58498901 0.53787994
vt 0.49563998 0.50806499
vt 0.49279100 0.50899601
vt 0.48893797 0.51005304
vt 0.49483901 0.50798702
vt 0.49414498 0.50784898
vt 0.49127603 0.50874197
vt 0.49899602 0.50296700
vt 0.49844402 0.50208497
vt 0.97953802 0.66943204
vt 0.98574603 0.67088902
vt 0.00505102 0.60910797
vt 0.00000000 0.61535501
vt 1.00505102 0.60910797
vt 0.69387996 0.51527500
vt 0.68949497 0.52267194
vt 0.68547899 0.52797997
vt 0.67725897 0.52043498
vt 0.91762799 0.87884796
vt 0.87946498 0.89038801
vt 0.99170399 0.83810401
vt 0.82684201 0.89351392
vt 0.44685698 0.67181599
vt 0.43165600 0.67165494
vt 0.65378702 0.50606704
vt 0.64134002 0.50824499
vt 0.65989000 0.51252401
vt 0.66021502 0.49477899
vt 0.66588801 0.52019095
vt 0.05997002 0.62092698
vt 0.05454302 0.62862599
vt 0.05945200 0.62142801
vt 0.91535997 0.68785393
vt 0.90999699 0.68545103
vt 0.90665001 0.69004297
vt 0.90490299 0.68246603
vt 0.89437103 0.67522299
vt 0.06270403 0.57993293
vt 0.05850601 0.57698500
vt 0.55219901 0.56693804
vt 0.91768903 0.59319103
vt 0.36905301 0.56268299
vt 0.36382198 0.55736899
vt 0.48951602 0.51319301
vt 0.48903197 0.51178694
vt 0.48888302 0.51065397
vt 0.48644900 0.51063597
vt 0.58895499 0.53221703
vt 0.60170799 0.53319299
vt 0.58334696 0.52807796
vt 0.57807696 0.52489793
vt 0.39967602 0.60519004
vt 0.12304002 0.58053493
vt 0.11748999 0.58340800
vt 0.12017000 0.58293796
vt 0.11184800 0.58603203
vt 0.11273599 0.58343303
vt 0.04905099 0.54809701
vt 0.98783898 0.68540597
vt 0.97308701 0.69855797
vt 0.40817302 0.70785093
vt 0.40395302 0.71584797
vt 0.43060899 0.75577092
vt 0.41792399 0.71737397
vt 0.43035400 0.72593296
vt 0.44582897 0.74771202
vt 0.77449799 0.66510999
vt 0.76250100 0.63656402
vt 0.76612902 0.67728496
vt 0.75632298 0.68705702
vt 0.77080500 0.71775401
vt 0.83676702 0.55175996
vt 0.84418499 0.53585303
vt 0.83212298 0.54064000
vt 0.82803100 0.52876103
vt 0.81898797 0.53539193
vt 0.47040302 0.76414299
vt 0.48139000 0.77752602
vt 0.48851901 0.75678599
vt 0.49465698 0.78993094
vt 0.46938097 0.79132795
vt 0.53263199 0.78847897
vt 0.01284802 0.65890300
vt 0.00291198 0.66324997
vt 0.01549703 0.65134001
vt 0.00413102 0.65476704
vt 0.88167500 0.62991703
vt 0.87429100 0.61836100
vt 0.88458097 0.63895404
vt 0.88741803 0.65030599
vt 0.88468301 0.65440893
vt 0.89936101 0.65978098
vt 0.59640396 0.77851403
vt 0.62338102 0.76814592
vt 0.37962300 0.55151594
vt 0.42118400 0.58568597
vt 0.43016398 0.59097099
vt 0.42252499 0.58462393
vt 0.44020098 0.59673893
vt 0.45569801 0.59845901
vt 0.47610497 0.50338602
vt 0.47493398 0.50546801
vt 0.47788501 0.50492799
vt 0.47954202 0.50636601
vt 0.47949600 0.50915098
vt 0.48185301 0.50451493
vt 0.48373002 0.50845897
vt 0.49128002 0.50798702
vt 0.48921102 0.50722599
vt 0.49036700 0.50858796
vt 0.48957700 0.50924301
vt 0.48616099 0.50987399
vt 0.53059500 0.52179193
vt 0.53650200 0.51810598
vt 0.11635500 0.58381796
vt 0.12165999 0.57919800
vt 0.10622299 0.58855200
vt 0.47636497 0.57675493
vt 0.48961800 0.56443894
vt 0.47366202 0.58303297
vt 0.49368101 0.56902802
vt 0.85068703 0.52083600
vt 0.85421002 0.53047502
vt 0.85745800 0.53878498
vt 0.85701102 0.56340802
vt 0.86353499 0.52308404
vt 0.86489898 0.55471396
vt 0.39362800 0.61242998
vt 0.39933902 0.59583294
vt 0.39645398 0.63731802
vt 0.68158603 0.58363497
vt 0.89934099 0.71985495
vt 0.91900301 0.71997094
vt 0.89551598 0.70763898
vt 0.88472599 0.73565197
vt 0.90893602 0.74472296
vt 0.89373899 0.69762504
vt 0.87720799 0.69547594
vt 0.64289099 0.74927700
vt 0.64389199 0.74568796
vt 0.64598000 0.74144399
vt 0.65636098 0.72793996
vt 0.63535601 0.74155998
vt 0.65019703 0.72226596
vt 0.02345401 0.63446093
vt 0.02282500 0.62864399
vt 0.01959902 0.63771200
vt 0.02941298 0.63576996
vt 0.01495600 0.64346004
vt 0.00701398 0.64395297
vt 0.91266799 0.66453600
vt 0.92256898 0.65681195
vt 0.05072099 0.62522399
vt 0.04477501 0.63167000
vt 0.05064499 0.61889493
vt 0.09903902 0.57633793
vt 0.11001700 0.57343793
vt 0.09316301 0.58190393
vt 0.09291500 0.57459402
vt 0.11086202 0.56603897
vt 0.08690500 0.58826494
vt 0.40721703 0.57769597
vt 0.40921003 0.58278799
vt 0.40963203 0.59103894
vt 0.56164896 0.53609097
vt 0.55465198 0.53065896
vt 0.41745502 0.58083403
vt 0.40606201 0.57327604
vt 0.50234699 0.55051994
vt 0.50913703 0.54933596
vt 0.04250598 0.64020693
vt 0.04912102 0.63538301
vt 0.03980702 0.64060700
vt 0.06432903 0.60844994
vt 0.86990398 0.60100198
vt 0.86977804 0.58625400
vt 0.86637902 0.59455299
vt 0.02625698 0.62141299
vt 0.44738901 0.68895197
vt 0.43161303 0.67715502
vt 0.46194601 0.68510795
vt 0.39856398 0.66255093
vt 0.40731001 0.65961301
vt 0.39407003 0.68276203
vt 0.41909498 0.65253496
vt 0.91925901 0.77006400
vt 0.89097202 0.77005994
vt 0.92463100 0.78419399
vt 0.93703598 0.74660301
vt 0.93316799 0.80257893
vt 0.97024202 0.79397595
vt 0.66530901 0.70724893
vt 0.66743100 0.69580603
vt 0.66989696 0.68452299
vt 0.67643702 0.66022694
vt 0.65945196 0.69526398
vt 0.88561600 0.66194797
vt 0.05289602 0.60485196
vt 0.04966301 0.60899997
vt 0.06255800 0.60227394
vt 0.04693902 0.61402798
vt 0.08774000 0.59396303
vt 0.09862101 0.58710098
vt 0.09786701 0.58090794
vt 0.08120197 0.59523201
vt 0.07429701 0.59612501
vt 0.07961398 0.58882701
vt 0.48002797 0.51068199
vt 0.48220301 0.51064098
vt 0.48424900 0.51063895
vt 0.48521799 0.51108098
vt 0.92901802 0.51875603
vt 0.93778300 0.52230895
vt 0.93821400 0.52230096
vt 0.93555802 0.52128994
vt 0.93569803 0.52166200
vt 0.93754399 0.51674902
vt 0.93590301 0.51615894
vt 0.93065202 0.51686394
vt 0.93287003 0.51623404
vt 0.56948698 0.69390500
vt 0.56188601 0.71449101
vt 0.58716702 0.68373501
vt 0.55830401 0.68262696
vt 0.60180801 0.67329299
vt 0.61680400 0.67757797
vt 0.61410296 0.53849697
vt 0.62081504 0.53650701
vt 0.62749100 0.53362894
vt 0.63964200 0.54076993
vt 0.62185901 0.52375400
vt 0.49937600 0.73156095
vt 0.98347902 0.54723001
vt 0.98404700 0.55228400
vt 0.96733999 0.56698096
vt 0.96775597 0.56201196
vt 0.97718298 0.57904303
vt 0.98229802 0.57277894
vt 0.98266101 0.53593099
vt 0.96153402 0.51935196
vt 0.96177000 0.52012396
vt 0.96112800 0.51931703
vt 0.96292800 0.52362204
vt 0.96266800 0.52271402
vt 0.96512103 0.51331997
vt 0.96494699 0.51225603
vt 0.96506202 0.51407993
vt 0.96543598 0.51379502
vt 0.96500403 0.51468194
vt 0.96565300 0.50944996
vt 0.96481901 0.51163197
vt 0.96474898 0.50372493
vt 0.96361798 0.50770295
vt 0.96309900 0.50819397
vt 0.96387899 0.50800598
vt 0.55080903 0.67273498
vt 0.55283999 0.73268497
vt 0.52741897 0.73854697
vt 0.44502801 0.61223698
vt 0.96128500 0.50573397
vt 0.96412098 0.50829697
vt 0.96450400 0.50643694
vt 0.96436399 0.50615895
vt 0.96521801 0.51077199
vt 0.96545202 0.51142204
vt 0.96320599 0.51068294
vt 0.96285301 0.51090503
vt 0.96231598 0.51142395
vt 0.96231502 0.51051104
vt 0.96472001 0.50984895
vt 0.96379697 0.52312899
vt 0.96225399 0.52203500
vt 0.96218699 0.52143204
vt 0.96215200 0.52078104
vt 0.98673099 0.56516898
vt 0.99012297 0.56493104
vt 0.98705101 0.55807602
vt 0.98687702 0.55270195
vt 0.96341300 0.50401795
vt 0.96356899 0.50447702
vt 0.96368802 0.50484002
vt 0.97642899 0.54930794
vt 0.99308097 0.58181202
vt 0.99294800 0.57323694
vt 0.98984802 0.59058297
vt 0.99317098 0.56484294
vt 0.61652601 0.51397693
vt 0.62308896 0.51005101
vt 0.62941504 0.50518799
vt 0.62561899 0.55786598
vt 0.49124700 0.71768296
vt 0.49613702 0.72894001
vt 0.50388199 0.74226403
vt 0.93472999 0.51566803
vt 0.93557501 0.51443994
vt 0.93320298 0.52091193
vt 0.93252301 0.52054000
vt 0.92943299 0.50287795
vt 0.58145404 0.50416398
vt 0.56769097 0.50691104
vt 0.53851902 0.52705801
vt 0.53076899 0.52758193
vt 0.52696097 0.52214897
vt 0.52361596 0.52745104
vt 0.03966397 0.63667893
vt 0.03650200 0.63500595
vt 0.03415102 0.63341093
vt 0.93702501 0.72480595
vt 0.94730502 0.71253395
vt 0.95546800 0.70027399
vt 0.98650903 0.60020804
vt 0.76815802 0.59042203
vt 0.76092201 0.60038197
vt 0.75276303 0.61054504
vt 0.87410998 0.75453997
vt 0.85522801 0.75273299
vt 0.83748299 0.74653697
vt 0.81855702 0.75639796
vt 0.67832196 0.63510501
vt 0.14183301 0.72384393
vt 0.88524801 0.52685094
vt 0.88775301 0.51767993
vt 0.88020498 0.52227998
vt 0.88937002 0.51054597
vt 0.89125502 0.52163100
vt 0.01404202 0.65754294
vt 0.00366902 0.66348803
vt 0.02738899 0.63606501
vt 0.02787101 0.63365698
vt 0.03637600 0.62988400
vt 0.08332402 0.56362498
vt 0.08918798 0.55884004
vt 0.10515398 0.55947196
vt 0.09033400 0.56616604
vt 0.49774599 0.50134599
vt 0.47745800 0.50444293
vt 0.47683501 0.50634003
vt 0.47625899 0.50797498
vt 0.42230099 0.61977303
vt 0.36613202 0.57169902
vt 0.36160499 0.56787097
vt 0.54075599 0.53375602
vt 0.54175699 0.52429998
vt 0.05888599 0.55846596
vt 0.93359399 0.64462197
vt 0.93167198 0.63701200
vt 0.92990500 0.63104403
vt 0.94028902 0.62029099
vt 0.51171499 0.55709493
vt 0.50337803 0.57192099
vt 0.40685397 0.66210294
vt 0.80739200 0.52806795
vt 0.80062598 0.53965402
vt 0.79401100 0.55064702
vt 0.49113101 0.58504701
vt 0.47999299 0.58805501
vt 0.47005802 0.59108794
vt 0.94938999 0.61042202
vt 0.04141700 0.66064596
vt 0.04016298 0.64484894
vt 0.03903699 0.63262594
vt 0.05623800 0.62643397
vt 0.09540099 0.59344602
vt 0.08908302 0.59869301
vt 0.08236003 0.60443294
vt 0.41884500 0.65745294
vt 0.49422097 0.51886201
vt 0.48491102 0.50287902
vt 0.48714203 0.50414395
vt 0.48923498 0.50515795
vt 0.53322697 0.50711703
vt 0.54639399 0.51069903
vt 0.52457297 0.51159298
vt 0.51658702 0.51512802
vt 0.09707201 0.56687593
vt 0.10853302 0.56258202
vt 0.09161901 0.57040703
vt 0.08589298 0.57413697
vt 0.04892701 0.63394797
vt 0.04418498 0.63775897
vt 0.04734302 0.63209999
vt 0.03962398 0.64059699
vt 0.96581203 0.64497900
vt 0.49935699 0.60595894
vt 0.65146101 0.54908800
vt 0.78963500 0.74880600
vt 0.77890402 0.76198900
vt 0.76532501 0.77322698
vt 1.02538097 0.74371195
vt 1.01370800 0.76846397
vt 0.02538103 0.74371195
vt 0.01370800 0.76846397
vt 1.00019801 0.79528999
vt 0.65666902 0.77502000
vt 0.47673202 0.67809403
vt 0.86098099 0.58810401
vt 0.04495901 0.56699598
vt 0.05744499 0.57078493
vt 0.96809798 0.57564104
vt 0.10907298 0.58239698
vt 0.11311698 0.57843304
vt 0.53377497 0.51241195
vt 0.54245001 0.50938404
vt 0.52064002 0.50980103
vt 0.55147201 0.50591099
vt 0.49127603 0.50549603
vt 0.49238598 0.50399697
vt 0.49078798 0.50767994
vt 0.49345398 0.50259793
vt 0.51135802 0.50942993
vt 0.08492601 0.58098602
vt 0.09566700 0.57348394
vt 0.07870799 0.58044994
vt 0.07219601 0.57938695
vt 0.04428601 0.62709498
vt 0.87295496 0.52759600
vt 0.87154698 0.51805401
vt 0.87072003 0.54930103
vt 0.86923802 0.50917995
vt 0.87081003 0.57186496
vt 0.87510401 0.58088899
vt 0.87870699 0.58952701
vt 0.56829101 0.78001201
vt 0.58198601 0.80175197
vt 0.86110598 0.68563604
vt 0.62231898 0.73278499
vt 0.62909001 0.71748495
vt 0.64228702 0.70127201
vt 0.63910300 0.68787897
vt 0.63477898 0.67570400
vt 0.54467201 0.51476002
vt 0.40037000 0.56620896
vt 0.48634702 0.51064098
vt 0.48831397 0.50978398
vt 0.48995203 0.50898504
vt 0.96863103 0.51891804
vt 0.96858603 0.52131402
vt 0.96610802 0.52402794
vt 0.96702600 0.52383995
vt 0.96601498 0.52271998
vt 0.96586198 0.52178395
vt 0.96291000 0.52748501
vt 0.96054000 0.51930296
vt 0.96248698 0.51521802
vt 0.96270102 0.51434493
vt 0.96283102 0.51375699
vt 0.96272999 0.51436901
vt 0.96582198 0.51424897
vt 0.96587098 0.51335895
vt 0.96581101 0.51247501
vt 0.96394098 0.51936793
vt 0.96327001 0.52091599
vt 0.96420199 0.50592697
vt 0.96800500 0.52329493
vt 0.97051501 0.53704703
vt 0.97185600 0.53784597
vt 0.96991497 0.53606796
vt 0.96961802 0.53520894
vt 0.96494198 0.52990401
vt 0.96468401 0.53837395
vt 0.96169400 0.53037095
vt 0.95836699 0.52039301
vt 0.95828402 0.51491094
vt 0.94787699 0.50343394
vt 0.95053202 0.51698399
vt 0.95791602 0.53056502
vt 0.95508897 0.53247893
vt 0.97065598 0.54908693
vt 0.94491798 0.52547801
vt 0.94474900 0.51354098
vt 0.96623200 0.56017995
vt 0.96762198 0.55768800
vt 0.96861500 0.55560303
vt 0.95702899 0.54065001
vt 0.93905401 0.51074600
vt 0.93795300 0.51173103
vt 0.94272602 0.53255594
vt 0.94384098 0.53223801
vt 0.94470400 0.53174198
vt 0.95017999 0.55544102
vt 0.95231402 0.55165601
vt 0.95404500 0.54842401
vt 0.93650299 0.51272500
vt 0.93568802 0.51163995
vt 0.93463099 0.51031101
vt 0.93487298 0.53743804
vt 0.93694401 0.53787196
vt 0.93862402 0.53786600
vt 0.90242600 0.55721200
vt 0.89583600 0.54511094
vt 0.90434599 0.56422794
vt 0.90683603 0.57233393
vt 0.92409897 0.52011096
vt 0.92606300 0.52274597
vt 0.92778099 0.52540600
vt 0.92939502 0.52468693
vt 0.92187703 0.50851297
vt 0.92208600 0.50622702
vt 0.92237699 0.50407994
vt 0.91853100 0.51149201
vt 0.91784501 0.50762093
vt 0.91728902 0.50446904
vt 0.96414697 0.51500404
vt 0.96387601 0.51286197
vt 0.96349800 0.51464093
vt 0.96314901 0.51588798
vt 0.96262199 0.51536894
vt 0.89318198 0.53071702
vt 0.89414603 0.52383697
vt 0.89505303 0.51661396
vt 0.92586398 0.52190697
vt 0.95280898 0.55090797
vt 0.95693702 0.54566801
vt 0.93626201 0.54116404
vt 0.93011802 0.53924894
vt 0.94128197 0.52568603
vt 0.94177401 0.52726603
vt 0.94219100 0.52810299
vt 0.94120198 0.52620697
vt 0.95741403 0.54461694
vt 0.95729899 0.54688501
vt 0.95801103 0.54476297
vt 0.95859003 0.54499900
vt 0.96270001 0.55031395
vt 0.94603598 0.56491494
vt 0.94649899 0.56448495
vt 0.94561303 0.56420898
vt 0.94514501 0.56311893
vt 0.92839199 0.54363799
vt 0.92941797 0.54296100
vt 0.92754602 0.54128504
vt 0.92654401 0.53909993
vt 0.95582402 0.55047297
vt 0.94129097 0.54416096
vt 0.94438398 0.54412103
vt 0.94754303 0.54375494
vt 0.93594003 0.52464402
vt 0.94800699 0.56237304
vt 0.94219702 0.55290699
vt 0.94290197 0.55525303
vt 0.94299102 0.55843198
vt 0.93267602 0.54439902
vt 0.93931502 0.52404702
vt 0.93814200 0.52378094
vt 0.93565500 0.52255297
vt 0.02975899 0.59194100
vt 0.55474997 0.29368299
vt 0.53951001 0.29260999
vt 0.96498698 0.49106598
vt 0.96501100 0.48638302
vt 0.96620101 0.48869902
vt 0.96458203 0.48891300
vt 0.96435702 0.48854500
vt 0.96415401 0.48815501
vt 0.96372497 0.48767501
vt 0.96430999 0.47645301
vt 0.96444398 0.47727698
vt 0.96449399 0.47797602
vt 0.96262598 0.47520101
vt 0.96098298 0.47992599
vt 0.98265600 0.46407199
vt 0.98159200 0.46288198
vt 0.97197598 0.43881398
vt 0.97469199 0.44542497
vt 0.98031902 0.46099502
vt 0.98069501 0.46180600
vt 0.98020500 0.45058399
vt 0.05309403 0.42038602
vt 0.05277503 0.40606803
vt 0.05535400 0.39283502
vt 0.61263800 0.40480399
vt 0.61836499 0.39369297
vt 0.62405300 0.38544399
vt 0.52574098 0.30049402
vt 0.51570296 0.28990698
vt 0.50466299 0.28297299
vt 0.93834400 0.48107499
vt 0.93780303 0.47781998
vt 0.93956602 0.47625202
vt 0.92713499 0.48286802
vt 0.48229802 0.48984599
vt 0.48215902 0.48925400
vt 0.48203999 0.48867202
vt 0.07745701 0.40358800
vt 0.06634998 0.39884901
vt 0.08270901 0.40842402
vt 0.08439600 0.40258902
vt 0.08772498 0.41251999
vt 0.05805600 0.39143699
vt 0.05398798 0.39174998
vt 0.04939198 0.39309800
vt 0.04288203 0.38608301
vt 0.87465602 0.36338502
vt 0.67657101 0.23959702
vt 0.08146298 0.16504800
vt 0.09296900 0.14300299
vt 0.03640002 0.12108499
vt 1.03639996 0.12108499
vt 1.08146298 0.16504800
vt 1.09296894 0.14300299
vt 0.10902798 0.11355698
vt 1.10902798 0.11355698
vt 1.13717294 0.20307398
vt 0.86753899 0.13931602
vt 0.86860800 0.11385202
vt 0.82320797 0.14631099
vt 0.78727102 0.15968102
vt 0.74596798 0.15507400
vt 0.64845002 0.35306299
vt 0.65533799 0.34256297
vt 0.66236901 0.32951802
vt 0.02769500 0.37807202
vt 0.03442001 0.38067597
vt 0.02150398 0.36896598
vt 0.86850101 0.40448999
vt 0.06946403 0.40856200
vt 0.07720602 0.41306299
vt 0.03533602 0.35610598
vt 0.02762699 0.35084701
vt 0.50766200 0.44901103
vt 0.42810100 0.41058397
vt 0.41947800 0.41314602
vt 0.56221402 0.45521498
vt 0.56734502 0.44949001
vt 0.39896101 0.41562301
vt 0.39597398 0.40932298
vt 0.40566701 0.40998900
vt 0.41488498 0.40630198
vt 0.08835799 0.42031902
vt 0.09431499 0.41963500
vt 0.09987402 0.41956103
vt 0.11039001 0.42738599
vt 0.05380201 0.37232500
vt 0.92145503 0.32333499
vt 0.91518098 0.32096797
vt 0.01538801 0.35962999
vt 0.00689602 0.35821003
vt 0.49296403 0.34744298
vt 0.48739702 0.35655302
vt 0.48061699 0.36103898
vt 0.70928699 0.42549199
vt 0.71481299 0.41418302
vt 0.72080201 0.39942998
vt 0.19776899 0.36931801
vt 0.39096498 0.40595198
vt 0.98148698 0.33727098
vt 0.98500401 0.33324498
vt 0.98954898 0.32990497
vt 0.98310697 0.32611299
vt 0.05802298 0.46826100
vt 0.06138200 0.46371102
vt 0.06469703 0.45977300
vt 0.07137299 0.45562798
vt 0.47620201 0.41406298
vt 0.37405598 0.41903299
vt 0.36537302 0.42195702
vt 0.52856499 0.47302002
vt 0.50215501 0.49707597
vt 0.50220704 0.49743700
vt 0.50236702 0.49815297
vt 0.48597699 0.49487698
vt 0.48979998 0.49182397
vt 0.49380797 0.48798901
vt 0.37943298 0.45025301
vt 0.37489700 0.45166200
vt 0.07608199 0.44117701
vt 0.08210498 0.44484597
vt 0.08784997 0.44788003
vt 0.08649600 0.45262700
vt 0.09720600 0.44520599
vt 0.10081702 0.45190001
vt 0.59347796 0.13705099
vt 0.01887703 0.34277803
vt 1.01887703 0.34277803
vt 0.40381801 0.33300298
vt 0.39785802 0.34836900
vt 0.39310902 0.36197901
vt 0.38934600 0.35235900
vt 0.68885601 0.18182701
vt 0.69875503 0.16856402
vt 0.71271002 0.15539902
vt 0.83864802 0.31960601
vt 0.82531202 0.33011299
vt 0.81332701 0.34070098
vt 0.66425896 0.41292602
vt 0.65800798 0.41086400
vt 0.65153700 0.41104102
vt 0.97390503 0.39478701
vt 0.97179997 0.40057898
vt 0.96959102 0.40506500
vt 1.00068402 0.30831999
vt 0.00055802 0.27946800
vt 0.00068402 0.30831999
vt 1.01013100 0.32889998
vt 0.03843200 0.37980801
vt 0.08140498 0.39552802
vt 0.08649099 0.39978701
vt 0.09135699 0.40345001
vt 0.40039700 0.39663202
vt 0.57749099 0.45891398
vt 0.48695701 0.48762202
vt 0.48965102 0.48780698
vt 0.49220300 0.48820102
vt 0.38477802 0.43838102
vt 0.92540097 0.39906800
vt 0.57120699 0.40258199
vt 0.06780303 0.43307400
vt 0.90609503 0.32401800
vt 0.91198099 0.32104403
vt 0.91810203 0.31832403
vt 0.06772202 0.39165801
vt 0.66621500 0.48217100
vt 0.65956903 0.47535598
vt 0.65321201 0.46982700
vt 0.44074500 0.25883198
vt 0.43831903 0.22226000
vt 0.99858201 0.12124097
vt 0.93126100 0.09883898
vt 1.06027603 0.21074498
vt 0.85417098 0.09736300
vt 0.52178901 0.18758500
vt 1.00477099 0.39270800
vt 1.00196898 0.40361202
vt 1.01355398 0.39048201
vt 0.00477099 0.39270800
vt 0.00196898 0.40361202
vt 1.00009501 0.41490400
vt 0.00009501 0.41490400
vt 0.97752798 0.32496899
vt 0.49899602 0.49701500
vt 0.49712098 0.49290001
vt 0.49510902 0.49210399
vt 0.49288797 0.49122202
vt 0.57716203 0.44269902
vt 0.96556300 0.49268699
vt 0.96569502 0.49299997
vt 0.96583402 0.49310702
vt 0.96457797 0.47263402
vt 0.96050203 0.47443801
vt 0.96036798 0.48207402
vt 0.96346402 0.48692000
vt 0.96329701 0.48667002
vt 0.96320200 0.48649400
vt 0.96310002 0.48633897
vt 0.96596098 0.48075902
vt 0.96621400 0.48014700
vt 0.96661001 0.47928399
vt 0.96324199 0.47753501
vt 0.96324599 0.48702502
vt 0.96302301 0.48652297
vt 0.96287203 0.48615301
vt 0.96871799 0.47185999
vt 0.96671098 0.46564001
vt 0.97587502 0.45483202
vt 0.97618997 0.45778298
vt 0.96093601 0.46456403
vt 0.95964301 0.46428698
vt 0.95936900 0.47234100
vt 0.95780599 0.48274601
vt 0.95565099 0.49357200
vt 0.95370197 0.47515798
vt 0.95562398 0.47961098
vt 0.95482200 0.48175699
vt 0.95827299 0.46507800
vt 0.96564400 0.45604801
vt 0.96404701 0.45706999
vt 0.96559298 0.45602298
vt 0.96550399 0.45620501
vt 0.94372499 0.48150998
vt 0.94498700 0.48093301
vt 0.94645500 0.48006701
vt 0.96250403 0.45700800
vt 0.95420003 0.46623498
vt 0.95361602 0.46537602
vt 0.95310301 0.46436203
vt 0.94093698 0.47201800
vt 0.93844002 0.47325897
vt 0.94151098 0.47293901
vt 0.94158298 0.47420400
vt 0.97654903 0.45036000
vt 0.95058900 0.46045899
vt 0.94944203 0.45980799
vt 0.94755900 0.45903301
vt 0.93372500 0.47310901
vt 0.93501902 0.47375798
vt 0.93610597 0.47447801
vt 0.93405199 0.46628201
vt 0.92498803 0.40919799
vt 0.92987102 0.41120499
vt 0.93483901 0.41501999
vt 0.92630798 0.47062802
vt 0.92432100 0.47270101
vt 0.92256498 0.47427702
vt 0.92377603 0.48392498
vt 0.92482603 0.48321199
vt 0.92936200 0.48995399
vt 0.92587298 0.48374701
vt 0.91863602 0.49489498
vt 0.91966403 0.49274302
vt 0.92040002 0.49069500
vt 0.95426601 0.48386002
vt 0.94936901 0.45201200
vt 0.95149398 0.44216597
vt 0.93966299 0.46966201
vt 0.93646002 0.46901202
vt 0.94419700 0.46890199
vt 0.93245399 0.46779299
vt 0.94514203 0.46866399
vt 0.94593203 0.46730500
vt 0.94671500 0.46591598
vt 0.96188498 0.45190603
vt 0.96263200 0.45073098
vt 0.96338397 0.44946498
vt 0.96247602 0.44835901
vt 0.94915599 0.43663299
vt 0.94869101 0.43627501
vt 0.94812799 0.43591797
vt 0.93254399 0.44438100
vt 0.93119800 0.44608903
vt 0.92976600 0.44751698
vt 0.93159801 0.44672501
vt 0.96119499 0.44549698
vt 0.96160501 0.44271302
vt 0.96154302 0.44085801
vt 0.94705600 0.44899100
vt 0.93059599 0.47638202
vt 0.92915499 0.47369099
vt 0.92748201 0.47171098
vt 0.94626802 0.44200802
vt 0.93349200 0.44884902
vt 0.96701002 0.44893402
vt 0.37523401 0.45155501
vt 0.36711800 0.45119601
vt 0.97853202 0.49459398
vt 0.97868103 0.49428898
vt 0.97816300 0.49311799
vt 0.97824299 0.49427998
vt 0.97882199 0.49508798
vt 0.97923601 0.49488002
vt 0.97849602 0.49499798
vt 0.97786599 0.48857301
vt 0.97799402 0.48882300
vt 0.97764802 0.48847800
vt 0.97795701 0.48875302
vt 0.97816300 0.48913097
vt 0.97760099 0.48881501
vt 0.98005700 0.49040300
vt 0.97994500 0.49110502
vt 0.98033702 0.49291003
vt 0.98033202 0.49083602
vt 0.97984302 0.48937899
vt 0.97961098 0.48996103
vt 0.98022598 0.48919302
vt 0.98066902 0.49147302
vt 0.98083103 0.49295300
vt 0.98083299 0.49110299
vt 0.98124897 0.49327499
vt 0.97588098 0.48998600
vt 0.97564799 0.49084401
vt 0.97632003 0.49128097
vt 0.97633898 0.48976803
vt 0.97802901 0.49061000
vt 0.97810298 0.49002802
vt 0.97770703 0.49046999
vt 0.97819501 0.49153298
vt 0.97842401 0.49114102
vt 0.97796702 0.49233001
vt 0.97821498 0.49435103
vt 0.97784299 0.49405497
vt 0.97774702 0.49636501
vt 0.97836500 0.49532598
vt 0.97832000 0.49362999
vt 0.97874302 0.49457997
vt 0.97861701 0.49615097
vt 0.97860003 0.49706799
vt 0.97900200 0.49593002
vt 0.97925699 0.49731398
vt 0.98164201 0.49445999
vt 0.98157299 0.49532199
vt 0.98180097 0.49759501
vt 0.98179197 0.49540001
vt 0.98142999 0.49287200
vt 0.98198801 0.49670702
vt 0.98211098 0.49832702
vt 0.97718400 0.49904400
vt 0.97777599 0.49869102
vt 0.97686899 0.49825197
vt 0.97701901 0.50038195
vt 0.97788000 0.50052893
vt 0.97599900 0.50023401
vt 0.97841197 0.49058700
vt 0.97846103 0.49026698
vt 0.97832203 0.49009901
vt 0.97831500 0.49059600
vt 0.97843498 0.49078000
vt 0.97862601 0.49040300
vt 0.97825199 0.49074501
vt 0.97838300 0.49197203
vt 0.97841901 0.49243402
vt 0.97858799 0.49172598
vt 0.97853500 0.49147499
vt 0.97829700 0.49206799
vt 0.97864199 0.49103200
vt 0.97864002 0.49098599
vt 0.97857302 0.49057698
vt 0.97861898 0.49021000
vt 0.97974402 0.49413300
vt 0.97936302 0.49446499
vt 0.97982299 0.49412602
vt 0.97986901 0.49351901
vt 0.97939801 0.49376899
vt 0.97987002 0.49416697
vt 0.97955698 0.49470299
vt 0.98014998 0.49407399
vt 0.97980797 0.49465102
vt 0.97841001 0.48967803
vt 0.97846699 0.48933500
vt 0.97828197 0.48929799
vt 0.97807902 0.48992097
vt 0.97818899 0.49044698
vt 0.97816598 0.49010599
vt 0.97806001 0.48960602
vt 0.97804898 0.48968399
vt 0.97908002 0.49250501
vt 0.97937202 0.49278802
vt 0.97917801 0.49145901
vt 0.97888499 0.49177301
vt 0.97897601 0.49286199
vt 0.98103899 0.50880504
vt 0.98072702 0.50937998
vt 0.98017198 0.51102495
vt 0.98082900 0.50955594
vt 0.98145401 0.50718200
vt 0.98127502 0.50713098
vt 0.97949302 0.51145196
vt 0.97951800 0.51177800
vt 0.97987098 0.51085603
vt 0.97919899 0.51126897
vt 0.97896200 0.51185501
vt 0.97957200 0.51027203
vt 0.97820699 0.51047993
vt 0.97811401 0.51095498
vt 0.97855198 0.51005697
vt 0.97844398 0.50974500
vt 0.97800499 0.51039696
vt 0.97740000 0.51161802
vt 0.97827202 0.50938702
vt 0.97981602 0.50504398
vt 0.98019600 0.50487494
vt 0.98063999 0.50301099
vt 0.97973597 0.50449693
vt 0.97945702 0.50580299
vt 0.97985202 0.50597501
vt 0.97890502 0.50586498
vt 0.97958499 0.50397801
vt 0.97994798 0.50294304
vt 0.97906202 0.50472498
vt 0.97917002 0.50302899
vt 0.98156601 0.50184000
vt 0.98192298 0.50140893
vt 0.98201001 0.50023603
vt 0.98139000 0.50146604
vt 0.98130101 0.50287402
vt 0.98174798 0.50293100
vt 0.98120302 0.50106597
vt 0.98142898 0.50020695
vt 0.98074800 0.50153196
vt 0.98078102 0.50025499
vt 0.97478002 0.50417793
vt 0.97508001 0.50583398
vt 0.97584897 0.50569093
vt 0.97502202 0.50327098
vt 0.97531098 0.50233102
vt 0.97588402 0.50309396
vt 0.97508198 0.50047696
vt 0.97966599 0.50895095
vt 0.98000801 0.50885594
vt 0.98038602 0.50721097
vt 0.97970599 0.50819302
vt 0.97932100 0.50951898
vt 0.97906202 0.50879204
vt 0.97789198 0.50756598
vt 0.97790200 0.50737703
vt 0.97790301 0.50808096
vt 0.97798300 0.50795901
vt 0.97789800 0.50712299
vt 0.97793198 0.50694895
vt 0.97805297 0.50758803
vt 0.97896498 0.51086998
vt 0.97901899 0.51025593
vt 0.97870398 0.51107204
vt 0.97856998 0.51003098
vt 0.97904003 0.50974393
vt 0.97880000 0.50944400
vt 0.97843599 0.50944400
vt 0.97850198 0.50928497
vt 0.97839898 0.50986195
vt 0.97838300 0.50914299
vt 0.97853702 0.50848103
vt 0.97815800 0.50958395
vt 0.97856700 0.50936794
vt 0.97856599 0.50915504
vt 0.97837901 0.50960803
vt 0.98213100 0.50108504
vt 0.98209101 0.50191796
vt 0.98222202 0.50050902
vt 0.97852200 0.50715995
vt 0.97832400 0.50805604
vt 0.97879499 0.50695503
vt 0.97852802 0.50649202
vt 0.97907001 0.50563598
vt 0.97903901 0.50673294
vt 0.97899997 0.50740898
vt 0.97930801 0.50603104
vt 0.97947001 0.50660801
vt 0.97795898 0.51092601
vt 0.97786897 0.51150596
vt 0.97792602 0.51066601
vt 0.97811502 0.51055300
vt 0.97804600 0.51121795
vt 0.97848397 0.51136100
vt 0.97834897 0.51096702
vt 0.97857600 0.51189995
vt 0.97994900 0.50663996
vt 0.98015398 0.50644100
vt 0.97972900 0.50624299
vt 0.97988701 0.50697899
vt 0.97953302 0.50589097
vt 0.97948402 0.50578701
vt 0.97838002 0.50901699
vt 0.97835898 0.50889099
vt 0.97823101 0.50857198
vt 0.97837800 0.50881195
vt 0.97815001 0.50983202
vt 0.97820401 0.50977504
vt 0.97807503 0.50992799
vt 0.97816002 0.51014400
vt 0.97823602 0.51016593
vt 0.97806400 0.51035297
vt 0.97649199 0.50358593
vt 0.97679698 0.50502503
vt 0.97761399 0.50406897
vt 0.97683400 0.50250697
vt 0.98180801 0.50512004
vt 0.98188800 0.50411093
vt 0.98191297 0.50347197
vt 0.98161799 0.50477898
vt 0.97865200 0.50580597
vt 0.97854102 0.50556803
vt 0.97842801 0.50670803
vt 0.97831798 0.50519001
vt 0.97838998 0.50375104
vt 0.97780102 0.50599599
vt 0.97712600 0.50992095
vt 0.97760397 0.51000404
vt 0.97691399 0.50892198
vt 0.97666001 0.51049602
vt 0.97601902 0.50918198
vt 0.97606301 0.51059794
vt 0.97611600 0.51105797
vt 0.97544903 0.50975895
vt 0.97891200 0.51199603
vt 0.97929001 0.51195002
vt 0.97773898 0.51176393
vt 0.97783703 0.51159894
vt 0.97751498 0.51186395
vt 0.97847098 0.50601900
vt 0.97867399 0.50551999
vt 0.97830600 0.50578797
vt 0.97817498 0.50634801
vt 0.98213202 0.49918503
vt 0.98193401 0.49910903
vt 0.98222202 0.49974799
vt 0.97877598 0.49127299
vt 0.97886598 0.49084502
vt 0.97860903 0.49115002
vt 0.97853398 0.49096799
vt 0.97844100 0.49118698
vt 0.97850102 0.49053299
vt 0.97841698 0.49000800
vt 0.97823000 0.48981202
vt 0.97840703 0.48955899
vt 0.97890502 0.49003702
vt 0.97904402 0.48985702
vt 0.97877198 0.48937702
vt 0.97902501 0.48845100
vt 0.97921199 0.48978299
vt 0.97941297 0.49061900
vt 0.97931600 0.48909098
vt 0.97820801 0.49213499
vt 0.97806799 0.49260700
vt 0.97971797 0.49287999
vt 0.97975898 0.49217999
vt 0.97490001 0.49862802
vt 0.97522599 0.49768102
vt 0.97547197 0.49670798
vt 0.97596598 0.49727201
vt 0.97526002 0.49491602
vt 0.97588199 0.49470800
vt 0.98114502 0.49855202
vt 0.98073798 0.49897403
vt 0.98137301 0.49897701
vt 0.98127300 0.49752301
vt 0.98063499 0.49742198
vt 0.98160702 0.49937397
vt 0.97933400 0.49546897
vt 0.97962201 0.49599999
vt 0.97928798 0.49472702
vt 0.97996598 0.49655199
vt 0.97991699 0.49761301
vt 0.98024303 0.49587399
vt 0.97661000 0.49407703
vt 0.97670799 0.49559200
vt 0.97697902 0.49370301
vt 0.97606897 0.49299097
vt 0.97819400 0.48916101
vt 0.97821897 0.48942602
vt 0.98107302 0.49140197
vt 0.98087001 0.49063802
vt 0.97564697 0.49204201
vt 0.97539401 0.49260199
vt 0.97512102 0.49331099
vt 0.98057503 0.48989397
vt 0.98008603 0.48880899
vt 0.97956198 0.48878902
vt 0.97959203 0.48843998
vt 0.97830200 0.48992503
vt 0.97733098 0.49324399
vt 0.97718400 0.49179000
vt 0.98083901 0.49451101
vt 0.98058498 0.49501002
vt 0.98106200 0.49532402
vt 0.98133397 0.49612898
vt 0.97877502 0.49811101
vt 0.97855103 0.49845099
vt 0.97926003 0.49866402
vt 0.97928602 0.50001895
vt 0.97831100 0.49901301
vt 0.97855401 0.50022995
vt 0.97972202 0.49139500
vt 0.97797602 0.49302900
vt 0.97797799 0.49349302
vt 0.97802198 0.49314600
vt 0.97803998 0.49380600
vt 0.97917998 0.49501199
vt 0.97913897 0.49485397
vt 0.97905099 0.49470800
vt 0.97864902 0.49477297
vt 0.97813398 0.48970002
vt 0.97824299 0.49022597
vt 0.97811800 0.48935598
vt 0.97813702 0.48898703
vt 0.97846800 0.49107099
vt 0.98228002 0.49997902
vt 0.98224998 0.50012398
vt 0.97799599 0.50654900
vt 0.97801501 0.50636303
vt 0.97718400 0.51187003
vt 0.97681201 0.51174200
vt 0.98034698 0.50981700
vt 0.98042399 0.50902700
vt 0.98043901 0.50844204
vt 0.98087001 0.50724900
vt 0.97959799 0.51185298
vt 0.98001897 0.51137400
vt 0.97620100 0.51135397
vt 0.97793603 0.50985098
vt 0.97811300 0.50896204
vt 0.98034400 0.50548196
vt 0.98062301 0.50501204
vt 0.98026198 0.50201094
vt 0.98003900 0.50160897
vt 0.97979403 0.50118697
vt 0.98005599 0.50029695
vt 0.97926903 0.50142694
vt 0.97716403 0.50169802
vt 0.97775000 0.50222397
vt 0.97830200 0.50977802
vt 0.97834897 0.51007700
vt 0.97834402 0.50658000
vt 0.97815102 0.50674593
vt 0.97854698 0.50589204
vt 0.97800601 0.50680602
vt 0.97829300 0.51063895
vt 0.97819299 0.51085198
vt 0.97795898 0.51043499
vt 0.97792101 0.51089799
vt 0.97900200 0.50793099
vt 0.97876203 0.50860894
vt 0.97930402 0.50763702
vt 0.98228002 0.50026500
vt 0.97853798 0.50898695
vt 0.97830999 0.51036799
vt 0.97830099 0.51080501
vt 0.97795200 0.51129699
vt 0.97806400 0.51100397
vt 0.97814101 0.51069200
vt 0.97930098 0.50585294
vt 0.97901100 0.50569999
vt 0.97875601 0.50555599
vt 0.97812301 0.50839496
vt 0.97966403 0.50752294
vt 0.97877902 0.50121903
vt 0.97852600 0.50177300
vt 0.97826701 0.50254297
vt 0.98124701 0.50578201
vt 0.98116302 0.50503302
vt 0.98102301 0.50428593
vt 0.97657901 0.50794494
vt 0.97687501 0.50711703
vt 0.97593302 0.50766003
vt 0.97716600 0.50620401
vt 0.97808403 0.51120198
vt 0.98052198 0.51028895
vt 0.97538501 0.50716698
vt 0.97519898 0.50781500
vt 0.97502202 0.50860000
vt 0.97893798 0.49418902
vt 0.97881401 0.49360102
vt 0.97871500 0.49299198
vt 0.97808099 0.48941898
vt 0.97859901 0.48892498
vt 0.97869200 0.48835701
vt 0.97834700 0.49455398
vt 0.97815102 0.49447000
vt 0.97831601 0.49407798
vt 0.97823298 0.49349701
vt 0.97826302 0.49054098
vt 0.97654498 0.49718100
vt 0.97974902 0.49855798
vt 0.98001403 0.49900001
vt 0.98028302 0.49942100
vt 0.98035902 0.49495602
vt 0.97723901 0.49058598
vt 0.97692698 0.48986799
vt 0.97676003 0.48937500
vt 0.97705698 0.48872000
vt 0.97901702 0.48822898
vt 0.97937900 0.48825902
vt 0.97967499 0.48834699
vt 0.97732502 0.48848403
vt 0.97806901 0.49408799
vt 0.96183401 0.48356700
vt 0.96141100 0.48277998
vt 0.96089000 0.48287702
vt 0.96190798 0.48408598
vt 0.96224201 0.48347998
vt 0.96184999 0.48242599
vt 0.96265298 0.48439801
vt 0.96213800 0.48489201
vt 0.96169001 0.48479903
vt 0.96268302 0.48547399
vt 0.96264201 0.48636699
vt 0.96384102 0.48455602
vt 0.96379501 0.48542798
vt 0.96401900 0.48630798
vt 0.96394902 0.48435599
vt 0.96366000 0.48356199
vt 0.96350503 0.48451197
vt 0.96378702 0.48291802
vt 0.96410501 0.48382699
vt 0.96424598 0.48470199
vt 0.96403098 0.48263699
vt 0.96432400 0.48268503
vt 0.96271503 0.47996700
vt 0.96310902 0.47994697
vt 0.96315700 0.47919703
vt 0.96247602 0.47972000
vt 0.96250403 0.48061103
vt 0.96303600 0.48093599
vt 0.96210301 0.48050499
vt 0.96207702 0.47949201
vt 0.96221399 0.47887999
vt 0.96169400 0.48001599
vt 0.96127898 0.47928798
vt 0.96377403 0.48180598
vt 0.96372002 0.48133200
vt 0.96351498 0.48182499
vt 0.96355802 0.48057002
vt 0.96386701 0.48076302
vt 0.96304601 0.48541701
vt 0.96322900 0.48571497
vt 0.96313500 0.48455298
vt 0.96352202 0.48598999
vt 0.96341801 0.48670602
vt 0.96161401 0.48085099
vt 0.96140403 0.48110199
vt 0.96191001 0.48142099
vt 0.96117502 0.48166198
vt 0.96083802 0.48090702
vt 0.95916700 0.47894502
vt 0.95963198 0.47716898
vt 0.95880997 0.47723502
vt 0.95877701 0.47992498
vt 0.95944500 0.48023599
vt 0.96020901 0.47774100
vt 0.95942098 0.48327202
vt 0.95835000 0.48116398
vt 0.95797199 0.48067302
vt 0.95861101 0.48354203
vt 0.95804298 0.48456299
vt 0.96318799 0.48976099
vt 0.96222103 0.48960799
vt 0.96220201 0.49077100
vt 0.96348900 0.49001497
vt 0.96362001 0.48899299
vt 0.96244198 0.48857498
vt 0.96441299 0.48836899
vt 0.96387500 0.49023497
vt 0.96358001 0.49087501
vt 0.96447402 0.48929501
vt 0.96453500 0.48961598
vt 0.96459901 0.48071802
vt 0.96501899 0.48285401
vt 0.96496898 0.48220700
vt 0.96430099 0.47967100
vt 0.96421301 0.47985798
vt 0.96487600 0.48278397
vt 0.96315503 0.47749799
vt 0.96389699 0.47837901
vt 0.96400398 0.47863901
vt 0.96303397 0.47682101
vt 0.96250498 0.47606301
vt 0.96250802 0.47820401
vt 0.96318901 0.47827798
vt 0.96207899 0.47794300
vt 0.96144497 0.47770703
vt 0.96168602 0.47708303
vt 0.96073800 0.47844601
vt 0.96427298 0.48125798
vt 0.96464401 0.48272002
vt 0.96411097 0.48048902
vt 0.96385503 0.47936797
vt 0.96437502 0.48596102
vt 0.96426100 0.48738003
vt 0.96450400 0.48549002
vt 0.96468401 0.48462701
vt 0.96474898 0.48586398
vt 0.96320897 0.48750800
vt 0.96257102 0.48751301
vt 0.96347302 0.48786598
vt 0.96384299 0.48819900
vt 0.96096003 0.48445100
vt 0.96018803 0.48305601
vt 0.96115202 0.48532403
vt 0.96156901 0.48653197
vt 0.96078402 0.48623300
vt 0.96051097 0.47979599
vt 0.96018702 0.48035198
vt 0.95981401 0.48127502
vt 0.95757103 0.47878098
vt 0.95785201 0.48004502
vt 0.95732599 0.48376399
vt 0.95746702 0.48020297
vt 0.95851803 0.47666198
vt 0.95895803 0.47686303
vt 0.95741999 0.48148501
vt 0.95715898 0.48420697
vt 0.95798200 0.48695600
vt 0.95879000 0.48772198
vt 0.96077800 0.49074501
vt 0.95906901 0.48817599
vt 0.96011102 0.48925698
vt 0.96135700 0.49124402
vt 0.96007800 0.48817003
vt 0.96232903 0.49194598
vt 0.96257502 0.49149400
vt 0.96367902 0.49091601
vt 0.96302801 0.49163300
vt 0.96363902 0.49129897
vt 0.96424001 0.49062300
vt 0.96454501 0.48862201
vt 0.96420401 0.48827398
vt 0.96430600 0.48360002
vt 0.96474499 0.48703200
vt 0.96494800 0.48557198
vt 0.96494800 0.48298699
vt 0.96492702 0.48611897
vt 0.96439803 0.48037601
vt 0.96353698 0.47920102
vt 0.96265799 0.47691500
vt 0.96400899 0.47904003
vt 0.96364599 0.47783601
vt 0.96253002 0.47603297
vt 0.96109402 0.47554302
vt 0.96084100 0.47616601
vt 0.96046102 0.47571099
vt 0.95988798 0.47586602
vt 0.96058398 0.47598898
vt 0.96206498 0.47654903
vt 0.96141398 0.47643501
vt 0.96060300 0.47633702
vt 0.96473098 0.48739302
vt 0.96483302 0.48651898
vt 0.96497500 0.48536301
vt 0.95974201 0.48558199
vt 0.96016401 0.48676199
vt 0.96076101 0.48818099
vt 0.96316803 0.48931998
vt 0.96228498 0.48808002
vt 0.96195000 0.47807503
vt 0.96133202 0.47958201
vt 0.95990098 0.48119098
vt 0.96064103 0.48396802
vt 0.96062201 0.48689902
vt 0.95976102 0.52051103
vt 0.96007001 0.51914299
vt 0.96010399 0.51629400
vt 0.95938599 0.51967096
vt 0.96022600 0.52205694
vt 0.96079099 0.52123499
vt 0.95975399 0.52282393
vt 0.95901603 0.51865399
vt 0.95934200 0.51633000
vt 0.95868403 0.51988196
vt 0.95861602 0.51636803
vt 0.96297997 0.50929999
vt 0.96343499 0.50973201
vt 0.96423203 0.50980794
vt 0.96324998 0.50891495
vt 0.96210897 0.50982594
vt 0.96240300 0.51061499
vt 0.96168298 0.50922394
vt 0.96359599 0.50850904
vt 0.96425498 0.50896895
vt 0.96305603 0.50816393
vt 0.96414900 0.50832200
vt 0.96480203 0.51721799
vt 0.96457601 0.51853597
vt 0.96357101 0.52174604
vt 0.96446002 0.51865602
vt 0.96504200 0.51440096
vt 0.96510899 0.51442897
vt 0.96451199 0.51438498
vt 0.96404302 0.52024996
vt 0.96321303 0.52247894
vt 0.96377999 0.51814997
vt 0.96250600 0.52170300
vt 0.96030903 0.52363193
vt 0.96053302 0.52225602
vt 0.96124101 0.52343404
vt 0.95912498 0.52307498
vt 0.95865798 0.52174497
vt 0.96206802 0.52325094
vt 0.96186203 0.52303302
vt 0.96127403 0.52229500
vt 0.96171898 0.52244902
vt 0.96208698 0.52165794
vt 0.96356499 0.52090597
vt 0.96229601 0.52259493
vt 0.96350700 0.52164698
vt 0.96300203 0.50923002
vt 0.96258497 0.50766897
vt 0.96378899 0.50832403
vt 0.96412802 0.51032102
vt 0.96267402 0.51119995
vt 0.96069598 0.50902796
vt 0.95829701 0.51584196
vt 0.95772302 0.51875103
vt 0.95789599 0.51538301
vt 0.95873499 0.51251400
vt 0.95916802 0.51621699
vt 0.96028000 0.51795995
vt 0.96137798 0.51559699
vt 0.96263599 0.51463199
vt 0.96443599 0.50941002
vt 0.96468198 0.51076198
vt 0.96455300 0.51040900
vt 0.96392399 0.50776696
vt 0.96472502 0.51160097
vt 0.96233302 0.50793803
vt 0.96264100 0.50762594
vt 0.96110398 0.50867498
vt 0.96300298 0.50731301
vt 0.95891899 0.51363099
vt 0.96000099 0.51238894
vt 0.95926601 0.51219499
vt 0.95786703 0.51636899
vt 0.95965099 0.51066101
vt 0.95852298 0.52123702
vt 0.95809698 0.52010298
vt 0.95765698 0.51890695
vt 0.96108800 0.51918304
vt 0.96141499 0.51799893
vt 0.96147001 0.51615000
vt 0.96079201 0.51876593
vt 0.96129602 0.52031302
vt 0.96182400 0.51925802
vt 0.96047699 0.51802397
vt 0.96080601 0.51622796
vt 0.96144098 0.51467597
vt 0.96206403 0.51410294
vt 0.96277899 0.51238096
vt 0.96156102 0.51382697
vt 0.96183401 0.51263404
vt 0.96260899 0.51144600
vt 0.96117103 0.51315498
vt 0.96318901 0.51117897
vt 0.96347302 0.51175594
vt 0.96399099 0.51177597
vt 0.96340901 0.51074898
vt 0.96373802 0.51028299
vt 0.96414202 0.51073301
vt 0.96431702 0.51185894
vt 0.96426600 0.51303303
vt 0.96442401 0.51485193
vt 0.96444398 0.51218903
vt 0.96462399 0.51285696
vt 0.96472001 0.51470196
vt 0.96462703 0.51171803
vt 0.96494198 0.51457500
vt 0.96483600 0.51684499
vt 0.96451497 0.51785493
vt 0.96460003 0.51806903
vt 0.96508902 0.51449895
vt 0.96431798 0.51959503
vt 0.96196002 0.52035594
vt 0.96222299 0.52065003
vt 0.96254998 0.51957500
vt 0.96350700 0.51908004
vt 0.96267098 0.52092195
vt 0.96355599 0.52005398
vt 0.96449298 0.51632595
vt 0.96415502 0.51698196
vt 0.96440202 0.51719201
vt 0.96420801 0.51847899
vt 0.96455699 0.51039803
vt 0.96467000 0.51108301
vt 0.96486801 0.51205504
vt 0.96028900 0.51406801
vt 0.96056700 0.51288199
vt 0.96095198 0.51147294
vt 0.96211600 0.51776695
vt 0.96236598 0.51678598
vt 0.96223301 0.51622093
vt 0.96193200 0.51760197
vt 0.96219498 0.51840603
vt 0.96250600 0.51732302
vt 0.96173799 0.51716304
vt 0.96193397 0.51604295
vt 0.96323103 0.51303494
vt 0.96340001 0.51356602
vt 0.96364599 0.51328802
vt 0.96336800 0.51268995
vt 0.96292502 0.51314199
vt 0.96300900 0.51408195
vt 0.96359599 0.51231098
vt 0.96385002 0.51265395
vt 0.96253800 0.51836503
vt 0.96265399 0.51863503
vt 0.96283197 0.51749802
vt 0.96335900 0.51734102
vt 0.96291602 0.51887894
vt 0.96345699 0.51827204
vt 0.96399802 0.51594698
vt 0.96369702 0.51605701
vt 0.96398199 0.51644897
vt 0.96416700 0.51502597
vt 0.96388799 0.51492703
vt 0.96388501 0.51729500
vt 0.96393698 0.51338696
vt 0.96380198 0.51405299
vt 0.96404099 0.51350200
vt 0.96418101 0.51389503
vt 0.96228600 0.51516199
vt 0.96257401 0.51510096
vt 0.96233499 0.51466501
vt 0.96247798 0.51385498
vt 0.96260500 0.51575100
vt 0.96275800 0.51586401
vt 0.96357298 0.51412594
vt 0.96349001 0.51463604
vt 0.96343601 0.51547396
vt 0.96318001 0.51572394
vt 0.96293801 0.51630402
vt 0.98781800 0.50176394
vt 0.98785901 0.50079501
vt 0.98750401 0.50101101
vt 0.98768300 0.50237596
vt 0.98773599 0.50213695
vt 0.98775601 0.50074995
vt 0.98750502 0.50404704
vt 0.98754698 0.50295997
vt 0.98733097 0.50288796
vt 0.98738497 0.50412798
vt 0.98715699 0.50404894
vt 0.98493099 0.50826299
vt 0.98453200 0.50796103
vt 0.98280603 0.50945497
vt 0.98450500 0.50875604
vt 0.98589200 0.50732195
vt 0.98589998 0.50654101
vt 0.98587698 0.50715697
vt 0.98410302 0.50925398
vt 0.98304600 0.51006901
vt 0.98474401 0.50829399
vt 0.98325801 0.50902998
vt 0.97246701 0.51360095
vt 0.97305399 0.51256204
vt 0.97553098 0.51186001
vt 0.97319800 0.51335597
vt 0.97066700 0.51405394
vt 0.97063303 0.51342404
vt 0.97071397 0.51314700
vt 0.97390997 0.51311302
vt 0.97566402 0.51269901
vt 0.97285599 0.51236093
vt 0.97531497 0.51166296
vt 0.97754401 0.50894201
vt 0.97599500 0.50751793
vt 0.97592503 0.50312793
vt 0.97823298 0.50713801
vt 0.97786802 0.51138997
vt 0.98006499 0.51092803
vt 0.97888702 0.50548697
vt 0.97815001 0.50298202
vt 0.98016900 0.50688493
vt 0.98005998 0.50295293
vt 0.98689801 0.50395703
vt 0.98672998 0.50513196
vt 0.98665100 0.50369704
vt 0.96795100 0.50687599
vt 0.96820599 0.50340998
vt 0.97061598 0.50352299
vt 0.96874899 0.50889993
vt 0.96681303 0.50909603
vt 0.96675199 0.50501502
vt 0.96748102 0.51273704
vt 0.96950501 0.51071298
vt 0.97093397 0.50927794
vt 0.96879900 0.51388800
vt 0.97672701 0.50079393
vt 0.97516799 0.50120699
vt 0.97551399 0.50309300
vt 0.97738999 0.50118899
vt 0.97748101 0.49999201
vt 0.97524798 0.49999201
vt 0.97942501 0.49999100
vt 0.97802699 0.50158000
vt 0.97763199 0.50294793
vt 0.97933799 0.50117099
vt 0.97946602 0.50263703
vt 0.98454201 0.50121200
vt 0.98407400 0.50104702
vt 0.98237801 0.50279999
vt 0.98397303 0.50235403
vt 0.98553401 0.50076497
vt 0.98544401 0.50013900
vt 0.98543298 0.50193202
vt 0.98739702 0.50016701
vt 0.98788601 0.50025702
vt 0.98703003 0.50032294
vt 0.98703897 0.49992400
vt 0.98788202 0.49995601
vt 0.98588198 0.49991500
vt 0.97426403 0.50081599
vt 0.97592998 0.50121701
vt 0.97337300 0.50123203
vt 0.97338998 0.49999100
vt 0.97594398 0.49999303
vt 0.97078401 0.49998999
vt 0.97246701 0.50165200
vt 0.97337300 0.50313497
vt 0.97076398 0.50124693
vt 0.97745401 0.49918401
vt 0.97593403 0.49876797
vt 0.97593898 0.49677300
vt 0.97815102 0.49878597
vt 0.97816402 0.49999303
vt 0.98005700 0.49998999
vt 0.97882599 0.49839199
vt 0.97815901 0.49693602
vt 0.98005801 0.49880302
vt 0.98006397 0.49694902
vt 0.98637599 0.49952298
vt 0.98660898 0.49999100
vt 0.98765200 0.49997401
vt 0.98668498 0.49936098
vt 0.98556101 0.49940097
vt 0.98543203 0.49850202
vt 0.98149800 0.49921900
vt 0.98246998 0.49891502
vt 0.98237801 0.49734598
vt 0.98094499 0.49882799
vt 0.98105103 0.49999100
vt 0.98257703 0.50002897
vt 0.98038602 0.49843299
vt 0.98085201 0.49719799
vt 0.97933400 0.49881101
vt 0.97911698 0.49686801
vt 0.98803103 0.49981701
vt 0.98790699 0.49966300
vt 0.98789501 0.49899697
vt 0.98796701 0.49972701
vt 0.98797601 0.49999499
vt 0.98785698 0.49962997
vt 0.98779899 0.49919897
vt 0.98758501 0.49959803
vt 0.98737103 0.49873799
vt 0.98737699 0.49594402
vt 0.98773700 0.49704999
vt 0.98712599 0.49623603
vt 0.98712403 0.49474698
vt 0.98745900 0.49587703
vt 0.98616701 0.49330401
vt 0.98675799 0.49690598
vt 0.98704398 0.49860001
vt 0.98600101 0.49609601
vt 0.98604602 0.49841303
vt 0.97875500 0.48806202
vt 0.97860199 0.48871601
vt 0.97644001 0.48826700
vt 0.97791898 0.48788399
vt 0.97995400 0.48846900
vt 0.98042601 0.48968601
vt 0.97957700 0.48893797
vt 0.97706401 0.48770499
vt 0.97568798 0.48728198
vt 0.97755200 0.48869801
vt 0.97533399 0.48823398
vt 0.97176498 0.49372500
vt 0.97214699 0.49678397
vt 0.97464800 0.49678999
vt 0.97268999 0.49194402
vt 0.97008598 0.49270898
vt 0.96969002 0.49705702
vt 0.97016197 0.48711097
vt 0.97358501 0.49034297
vt 0.97517097 0.49237800
vt 0.97286099 0.48753601
vt 0.98111200 0.48888600
vt 0.98148501 0.48912197
vt 0.98177701 0.48976099
vt 0.98323101 0.49025798
vt 0.98186302 0.48936498
vt 0.98116302 0.48992699
vt 0.98294199 0.48993200
vt 0.98245603 0.49098200
vt 0.96563900 0.49913198
vt 0.96573699 0.49870700
vt 0.96566403 0.49651599
vt 0.96575600 0.49870199
vt 0.96579897 0.49998999
vt 0.96609598 0.49981898
vt 0.96656001 0.50046396
vt 0.96591699 0.49827099
vt 0.96570098 0.49654001
vt 0.96663600 0.49870199
vt 0.96671402 0.49629802
vt 0.98771101 0.49703300
vt 0.98746401 0.49584699
vt 0.98722100 0.49592102
vt 0.98768401 0.49766397
vt 0.98765498 0.49826503
vt 0.98735797 0.49740601
vt 0.98516202 0.49167699
vt 0.98476398 0.49182600
vt 0.98458701 0.49123198
vt 0.98590899 0.49266303
vt 0.98561198 0.49320602
vt 0.98395598 0.49077898
vt 0.98402399 0.49169499
vt 0.97222000 0.48641801
vt 0.97320199 0.48662400
vt 0.97070801 0.48593003
vt 0.97114599 0.48711199
vt 0.97418600 0.48683000
vt 0.97394103 0.48755699
vt 0.97896999 0.49112803
vt 0.98017901 0.49295598
vt 0.97824699 0.49257398
vt 0.97750700 0.49416900
vt 0.97602201 0.49231398
vt 0.96698499 0.48924202
vt 0.96578801 0.49102700
vt 0.96770203 0.49153101
vt 0.96761900 0.48614502
vt 0.96620500 0.48726100
vt 0.96843100 0.49360502
vt 0.96757799 0.49669898
vt 0.96854198 0.49914998
vt 0.97007900 0.49874198
vt 0.96771598 0.49872398
vt 0.96779603 0.49998999
vt 0.97015601 0.49998999
vt 0.96684003 0.49829400
vt 0.98464900 0.49951297
vt 0.98407799 0.49920303
vt 0.98418099 0.50005794
vt 0.98666501 0.49954301
vt 0.98587501 0.49924499
vt 0.98702800 0.49938899
vt 0.98108900 0.49920702
vt 0.98155898 0.49882501
vt 0.98156703 0.49998802
vt 0.98301899 0.49994999
vt 0.98203403 0.49845397
vt 0.98157400 0.49711102
vt 0.98300499 0.49885798
vt 0.98312902 0.49715501
vt 0.96929801 0.50083494
vt 0.96859002 0.50126398
vt 0.96860099 0.49998999
vt 0.96784300 0.50169599
vt 0.96667701 0.50257993
vt 0.98499203 0.50044894
vt 0.98587602 0.50060093
vt 0.98578602 0.50185597
vt 0.98450500 0.50075102
vt 0.98451501 0.49992198
vt 0.98400098 0.50119793
vt 0.98427403 0.50233698
vt 0.98300499 0.50105000
vt 0.98282897 0.50243402
vt 0.98699200 0.50064397
vt 0.98668599 0.50062203
vt 0.98659003 0.50141096
vt 0.98758698 0.50034094
vt 0.97181898 0.50081503
vt 0.97006100 0.50123799
vt 0.97016698 0.50348699
vt 0.97265601 0.50122201
vt 0.97274601 0.49999100
vt 0.97347701 0.50162494
vt 0.97300702 0.50310099
vt 0.96781701 0.51510799
vt 0.96835399 0.51482904
vt 0.96659398 0.51441002
vt 0.96613503 0.51360893
vt 0.96896398 0.51454401
vt 0.96836901 0.51367295
vt 0.98694700 0.50520599
vt 0.98677701 0.50576103
vt 0.98659903 0.50631595
vt 0.98681301 0.50557995
vt 0.97261500 0.50980699
vt 0.97345901 0.50777304
vt 0.97430003 0.50592399
vt 0.98466700 0.50622404
vt 0.98554999 0.50448704
vt 0.98409098 0.50553799
vt 0.98349702 0.50455999
vt 0.98248303 0.50621200
vt 0.98214000 0.50499094
vt 0.98313498 0.50551999
vt 0.98171502 0.50645804
vt 0.98157698 0.50279295
vt 0.98127198 0.50809097
vt 0.98178899 0.51014102
vt 0.96620500 0.51128197
vt 0.96603000 0.50888395
vt 0.96609598 0.50606394
vt 0.96594298 0.50693095
vt 0.96563900 0.50084794
vt 0.96575701 0.50105894
vt 0.96569401 0.50236404
vt 0.96586299 0.50290298
vt 0.96566802 0.50605202
vt 0.96577400 0.50775301
vt 0.98212999 0.51064396
vt 0.98152202 0.51083899
vt 0.98088402 0.51104593
vt 0.98117000 0.51013398
vt 0.97982198 0.51149201
vt 0.97947901 0.51019704
vt 0.97185498 0.50972199
vt 0.97266197 0.50770497
vt 0.97015297 0.50919902
vt 0.97347701 0.50587201
vt 0.97515398 0.50745296
vt 0.97845900 0.51188695
vt 0.97753698 0.51121497
vt 0.97789598 0.51209700
vt 0.97731400 0.51231003
vt 0.98663902 0.50434196
vt 0.98599797 0.50484800
vt 0.98689699 0.50299597
vt 0.98726398 0.50203598
vt 0.98698801 0.50112593
vt 0.98786700 0.50017893
vt 0.98787802 0.50026894
vt 0.98793298 0.50035298
vt 0.98049200 0.50076997
vt 0.98095602 0.50115299
vt 0.98140198 0.50153303
vt 0.98085201 0.50286901
vt 0.98247099 0.50113499
vt 0.98637599 0.50046003
vt 0.97883701 0.50079298
vt 0.98005497 0.50117695
vt 0.97815001 0.50119901
vt 0.97743702 0.50161004
vt 0.97248501 0.49915999
vt 0.97075403 0.49873298
vt 0.97111100 0.49704403
vt 0.97337800 0.49875098
vt 0.97425401 0.49834502
vt 0.97338700 0.49676400
vt 0.98738599 0.49937099
vt 0.98348898 0.49875402
vt 0.98397303 0.49783599
vt 0.97811800 0.49919599
vt 0.97737801 0.49879402
vt 0.97662503 0.49838698
vt 0.97693801 0.49695200
vt 0.97516900 0.49877602
vt 0.96806300 0.48916900
vt 0.96882898 0.48619199
vt 0.96869397 0.49146903
vt 0.96684098 0.48989302
vt 0.96744299 0.48602301
vt 0.96934003 0.49355501
vt 0.97087097 0.49264598
vt 0.96890301 0.49668199
vt 0.98628801 0.49691999
vt 0.98659003 0.49857098
vt 0.98665100 0.49628502
vt 0.98552197 0.49612498
vt 0.98689801 0.49602598
vt 0.98660302 0.49458700
vt 0.97811300 0.49120098
vt 0.97737700 0.49263400
vt 0.97936499 0.49233299
vt 0.97662801 0.49421698
vt 0.98508501 0.49628699
vt 0.98476398 0.49786699
vt 0.98465902 0.49495101
vt 0.98421800 0.49332100
vt 0.98318797 0.49319398
vt 0.98051298 0.49197698
vt 0.98097003 0.49360102
vt 0.98141098 0.49503797
vt 0.98248500 0.49399698
vt 0.96620500 0.48869801
vt 0.96590799 0.49088401
vt 0.96653599 0.48558003
vt 0.96560597 0.49306703
vt 0.98116899 0.49462402
vt 0.98170197 0.49322802
vt 0.98224199 0.49199402
vt 0.98360997 0.49340701
vt 0.98408902 0.49500698
vt 0.98455203 0.49630702
vt 0.97439498 0.49026000
vt 0.97349298 0.49187398
vt 0.97255898 0.49366999
vt 0.98710001 0.49473298
vt 0.98676801 0.49422801
vt 0.98643798 0.49371803
vt 0.96758002 0.48491800
vt 0.96853000 0.48516899
vt 0.96937698 0.48540902
vt 0.97357100 0.49917299
vt 0.97266501 0.49875897
vt 0.97174102 0.49834198
vt 0.98699200 0.49933797
vt 0.98401099 0.49924701
vt 0.98450500 0.49895298
vt 0.98498201 0.49879998
vt 0.96785498 0.49913597
vt 0.96854198 0.49871498
vt 0.96924001 0.49829799
vt 0.98204201 0.50075293
vt 0.98155802 0.50114393
vt 0.98107702 0.50154495
vt 0.98665601 0.50061595
vt 0.98359102 0.50074494
vt 0.96691900 0.50083899
vt 0.96764898 0.50125599
vt 0.96839499 0.50167000
vt 0.96757603 0.50337803
vt 0.96860498 0.51062894
vt 0.96776003 0.50883496
vt 0.96686900 0.50682902
vt 0.98628801 0.50306296
vt 0.97802001 0.50544095
vt 0.97737402 0.50707698
vt 0.97930801 0.50614798
vt 0.97670001 0.50886595
vt 0.98519897 0.50629604
vt 0.98466003 0.50557899
vt 0.98410600 0.50457597
vt 0.98151803 0.50792396
vt 0.98096102 0.50671995
vt 0.98039699 0.50533402
vt 0.97583699 0.46597898
vt 0.97598702 0.46927601
vt 0.97597098 0.46549201
vt 0.97564000 0.46573901
vt 0.97561800 0.46906900
vt 0.97570801 0.46416801
vt 0.97611099 0.46505803
vt 0.97609901 0.46401697
vt 0.97524899 0.46587801
vt 0.97535199 0.46646500
vt 0.97530597 0.46578598
vt 0.97503901 0.46511000
vt 0.97498500 0.46437901
vt 0.98370802 0.49426597
vt 0.98424703 0.49970901
vt 0.98514998 0.49941498
vt 0.98380500 0.49172097
vt 0.98284203 0.49088198
vt 0.98328400 0.49957001
vt 0.98396999 0.48975402
vt 0.98472297 0.49216902
vt 0.97993898 0.49216098
vt 0.98004502 0.49999100
vt 0.98106903 0.50116301
vt 0.98055500 0.49026102
vt 0.97932303 0.48782498
vt 0.97888398 0.49999100
vt 0.97631800 0.47774202
vt 0.97629201 0.48339099
vt 0.97702098 0.49778301
vt 0.97678900 0.48319602
vt 0.97577000 0.48956603
vt 0.97599900 0.49977499
vt 0.97552598 0.50284898
vt 0.97549200 0.48691797
vt 0.97600102 0.48460501
vt 0.97664601 0.49733698
vt 0.98028600 0.48452300
vt 0.98097199 0.48773998
vt 0.98004597 0.49799198
vt 0.97948200 0.48758900
vt 0.98362100 0.48955202
vt 0.98341203 0.49275601
vt 0.98196900 0.50068104
vt 0.98274100 0.49153799
vt 0.97542399 0.53453398
vt 0.97530597 0.53419602
vt 0.97504699 0.53578496
vt 0.97545302 0.53567493
vt 0.97565597 0.53442299
vt 0.97558302 0.53146398
vt 0.97576702 0.53588104
vt 0.98340702 0.51029801
vt 0.98394799 0.50714004
vt 0.98289597 0.50834501
vt 0.98441201 0.50455594
vt 0.98483300 0.50640500
vt 0.97993898 0.50782096
vt 0.97932303 0.51215601
vt 0.98044199 0.51118004
vt 0.97579199 0.52222800
vt 0.97591102 0.53072500
vt 0.97597700 0.51678598
vt 0.97561598 0.51657403
vt 0.97569501 0.50009298
vt 0.97591603 0.51996601
vt 0.97552902 0.51819897
vt 0.97614503 0.51452196
vt 0.97977799 0.50695896
vt 0.98063397 0.50864100
vt 0.97977400 0.51087296
vt 0.97896701 0.49960500
vt 0.97797102 0.50226295
vt 0.98362100 0.51042998
vt 0.98293400 0.51013994
vt 0.98341203 0.50722694
vt 0.98433602 0.50614393
vt 0.98385000 0.50612700
vt 0.98307800 0.49999100
vt 0.98392302 0.50312197
vt 0.98253900 0.51268697
vt 0.98180699 0.51002502
vt 0.98108101 0.50686002
vt 0.98101598 0.50022793
vt 0.97703999 0.50942302
vt 0.97738600 0.51392102
vt 0.97671199 0.51184499
vt 0.97724003 0.50016797
vt 0.97759497 0.52069604
vt 0.97822100 0.51664197
vt 0.97757202 0.51637304
vt 0.98102498 0.51354003
vt 0.98170799 0.50918293
vt 0.98234701 0.50579000
vt 0.98215598 0.49951297
vt 0.98595798 0.50294995
vt 0.98568100 0.50482297
vt 0.98628402 0.50365996
vt 0.98590100 0.49999100
vt 0.98639202 0.49980599
vt 0.97538400 0.53281593
vt 0.97535199 0.53351593
vt 0.97544700 0.52964294
vt 0.98433602 0.49383903
vt 0.98392302 0.49686098
vt 0.98385000 0.49385500
vt 0.98176003 0.49412602
vt 0.98185003 0.49092001
vt 0.98191398 0.48720598
vt 0.97755998 0.48184103
vt 0.97776002 0.48677200
vt 0.97684503 0.48336500
vt 0.97747898 0.48877299
vt 0.97785401 0.49999201
vt 0.97757202 0.48360801
vt 0.98147601 0.49224699
vt 0.98163599 0.48889703
vt 0.98182797 0.48652101
vt 0.98595798 0.49703300
vt 0.98626602 0.49608898
vt 0.98568100 0.49515897
vt 0.97542399 0.46544701
vt 0.97529602 0.46439397
vt 0.98528498 0.49251699
vt 0.97759497 0.47928500
vt 0.97822100 0.48333901
vt 0.97544497 0.48951000
vt 0.97549599 0.50012195
vt 0.97547901 0.48413700
vt 0.97551203 0.47850502
vt 0.97569603 0.48358703
vt 0.97546297 0.47033000
vt 0.97777200 0.49132299
vt 0.97833598 0.48922199
vt 0.98360902 0.49839801
vt 0.98323798 0.49999100
vt 0.98394400 0.49801499
vt 0.98353302 0.49999398
vt 0.97589999 0.53472400
vt 0.97604603 0.53591394
vt 0.97598499 0.53438294
vt 0.97606301 0.53409600
vt 0.97525001 0.53410304
vt 0.97504002 0.53487098
vt 0.98528498 0.50746500
vt 0.97746402 0.51120794
vt 0.97679001 0.51403296
vt 0.97544497 0.52145100
vt 0.97547698 0.51636803
vt 0.97551203 0.51100802
vt 0.97791398 0.51803803
vt 0.97856998 0.51486099
vt 0.98360902 0.50158501
vt 0.98394400 0.50196803
vt 0.98403001 0.50156796
vt 0.98377502 0.50000596
vt 0.98316300 0.50460994
vt 0.98263401 0.49999100
vt 0.97961599 0.51557899
vt 0.97629797 0.50951695
vt 0.97632003 0.51123202
vt 0.97634697 0.50004303
vt 0.97873002 0.51730895
vt 0.98682201 0.50380993
vt 0.98671597 0.50385499
vt 0.98660803 0.50290596
vt 0.98678601 0.50048804
vt 0.98403400 0.49842697
vt 0.98316300 0.49537301
vt 0.97881401 0.49143898
vt 0.97630203 0.48009598
vt 0.97611099 0.48895401
vt 0.97873002 0.48267299
vt 0.98653698 0.49614900
vt 0.98671699 0.49811101
vt 0.98689300 0.49907202
vt 0.97538298 0.46716499
vt 0.96226901 0.48133200
vt 0.96238703 0.48185003
vt 0.96346498 0.48254198
vt 0.96328700 0.48275900
vt 0.96309400 0.48333198
vt 0.96280599 0.48285002
vt 0.96249598 0.48272401
vt 0.13643497 0.55464804
vt 0.13668197 0.55819798
vt 0.13477498 0.55162501
vt 0.13472003 0.55519402
vt 0.13692999 0.56059694
vt 0.13467002 0.56546295
vt 0.13539201 0.55923903
vt 0.13245100 0.56598699
vt 0.97470403 0.46551400
vt 0.97443599 0.46587598
vt 0.97467101 0.46410900
vt 0.97400200 0.46207798
vt 0.97473598 0.46393001
vt 0.97456300 0.46289301
vt 0.97552699 0.46049201
vt 0.97538900 0.45902902
vt 0.97453302 0.45968997
vt 0.97520202 0.46170902
vt 0.97594297 0.46129602
vt 0.97620201 0.45938998
vt 0.97506303 0.46279001
vt 0.97475803 0.46207798
vt 0.11942500 0.44117701
vt 0.12248898 0.43983197
vt 0.13246101 0.44488001
vt 0.12376499 0.44436598
vt 0.12803799 0.44751000
vt 0.13467300 0.44892901
vt 0.12521702 0.44858700
vt 0.12228000 0.45902699
vt 0.11643702 0.45730799
vt 0.11999297 0.45691401
vt 0.10461903 0.45359302
vt 0.11065501 0.45583999
vt 0.11322099 0.45552099
vt 0.10151201 0.45408398
vt 0.12941402 0.43521303
vt 0.13539302 0.44146103
vt 0.12502003 0.43505502
vt 0.12713099 0.43029499
vt 0.13471699 0.43722200
vt 0.12033999 0.43480402
vt 0.34604198 0.43058401
vt 0.34950900 0.43225700
vt 0.34929299 0.43863499
vt 0.34433299 0.43203002
vt 0.34672397 0.42768502
vt 0.35213703 0.42740703
vt 0.35800099 0.43538100
vt 0.35594797 0.43265700
vt 0.35830098 0.43810600
vt 0.35354900 0.42944998
vt 0.35252303 0.42782497
vt 0.34321398 0.44815499
vt 0.34493297 0.45413703
vt 0.34498501 0.44659901
vt 0.35173601 0.45687002
vt 0.34962499 0.46380103
vt 0.35212302 0.46267802
vt 0.34807903 0.46213001
vt 0.36602199 0.43779600
vt 0.37536299 0.43649697
vt 0.36144400 0.44143701
vt 0.35946399 0.43324798
vt 0.37185597 0.42835498
vt 0.38735598 0.34453601
vt 0.38983202 0.31755000
vt 0.38528597 0.36212099
vt 0.38349402 0.37725502
vt 0.38286102 0.39191598
vt 0.46489400 0.17197400
vt 0.44604498 0.19414598
vt 0.97471100 0.53446794
vt 0.97467297 0.53587294
vt 0.97432297 0.53472900
vt 0.97413498 0.53767693
vt 0.97450203 0.53830898
vt 0.97481298 0.53844893
vt 0.97456300 0.53708804
vt 0.97413999 0.53919101
vt 0.97429401 0.54006696
vt 0.97568899 0.53754902
vt 0.97557902 0.53853297
vt 0.97598398 0.53819895
vt 0.97608298 0.54098701
vt 0.97527999 0.53938496
vt 0.97510898 0.54078698
vt 0.11891699 0.55721200
vt 0.12056202 0.55369103
vt 0.12419701 0.55568504
vt 0.12893200 0.55420494
vt 0.12711197 0.55795300
vt 0.11331099 0.54424703
vt 0.10236597 0.54763401
vt 0.11694598 0.54269195
vt 0.12011200 0.54315293
vt 0.10719800 0.54832101
vt 0.12005103 0.54133296
vt 0.11335897 0.54463601
vt 0.12023199 0.57046795
vt 0.12497503 0.56559598
vt 0.12241399 0.57267904
vt 0.12940001 0.56067896
vt 0.34508598 0.56877601
vt 0.34961998 0.57034600
vt 0.35021102 0.57436395
vt 0.34406799 0.57168996
vt 0.34424597 0.56451702
vt 0.35038400 0.56502199
vt 0.35354900 0.57363701
vt 0.35252303 0.57516599
vt 0.35594797 0.57033801
vt 0.35800099 0.56749499
vt 0.35830098 0.56485796
vt 0.34321398 0.55492198
vt 0.34498501 0.55630898
vt 0.34493297 0.54892004
vt 0.35219502 0.54611695
vt 0.34962499 0.53947103
vt 0.34807903 0.54103601
vt 0.35212302 0.54045200
vt 0.36703902 0.55675495
vt 0.37560600 0.56202102
vt 0.37345600 0.57171202
vt 0.36067098 0.55927598
vt 0.36333501 0.55170703
vt 0.38534701 0.62875998
vt 0.38286102 0.60790002
vt 0.38521999 0.63670897
vt 0.38513702 0.64497900
vt 0.38850099 0.67085803
vt 0.47163200 0.78410399
vt 0.46113801 0.78444397
vt 0.38011003 0.58953297
vt 0.37508398 0.57982004
vt 0.38023198 0.59129894
vt 0.38033700 0.59313703
vt 0.37879300 0.58242798
vt 0.36086798 0.54841793
vt 0.35772401 0.54272997
vt 0.35611802 0.55142295
vt 0.35807699 0.55664396
vt 0.35740203 0.54409993
vt 0.34958702 0.57643902
vt 0.34997803 0.57485700
vt 0.37910998 0.57141793
vt 0.11677301 0.57473898
vt 0.11338001 0.57285202
vt 0.12592298 0.54383898
vt 0.12176800 0.54749203
vt 0.11724001 0.55148304
vt 0.10627002 0.55355799
vt 0.35878301 0.54112995
vt 0.35689801 0.53978896
vt 0.97634602 0.53932202
vt 0.97540301 0.54074502
vt 0.97643399 0.53868294
vt 0.97695899 0.53850996
vt 0.97698998 0.53760004
vt 0.97733498 0.53541696
vt 0.97648400 0.53828394
vt 0.97285199 0.53881896
vt 0.97341299 0.53991902
vt 0.97322798 0.53870201
vt 0.97365302 0.53521097
vt 0.97350597 0.53350902
vt 0.97331202 0.53727102
vt 0.97346902 0.53195798
vt 0.96144599 0.50971293
vt 0.96195501 0.50966001
vt 0.38189602 0.40104598
vt 0.38017899 0.40866101
vt 0.37857699 0.41596103
vt 0.37836802 0.41973698
vt 0.37481803 0.42055500
vt 0.36086798 0.45183998
vt 0.36080998 0.44853300
vt 0.35772401 0.45950699
vt 0.35611802 0.45179600
vt 0.35740203 0.45902300
vt 0.35807699 0.44642001
vt 0.34958702 0.42658699
vt 0.34997803 0.42803502
vt 0.37910998 0.42854702
vt 0.11679798 0.42532802
vt 0.11130899 0.42627102
vt 0.11645401 0.45255101
vt 0.10648900 0.44886899
vt 0.12169302 0.45242000
vt 0.12670499 0.45260698
vt 0.35878301 0.46184897
vt 0.35689801 0.46326900
vt 0.97634602 0.46065801
vt 0.97695899 0.46147102
vt 0.97643399 0.46129698
vt 0.97561097 0.45908499
vt 0.97698998 0.46238101
vt 0.97648400 0.46169698
vt 0.97733498 0.46456403
vt 0.97269499 0.46186799
vt 0.97298503 0.46298897
vt 0.97306800 0.46104503
vt 0.97318500 0.46528703
vt 0.97371697 0.46620297
vt 0.97412902 0.46725100
vt 0.96276498 0.49109900
vt 0.96228099 0.49018902
vt 0.96159399 0.48898500
vt 0.97351700 0.46033502
vt 0.97413898 0.46055400
vt 0.97343397 0.45995897
vt 0.97616202 0.46223700
vt 0.97773397 0.46657300
vt 0.97674000 0.46034801
vt 0.97785997 0.46091098
vt 0.09585202 0.44871199
vt 0.08935601 0.45221698
vt 0.11592603 0.45267498
vt 0.11092800 0.44842100
vt 0.10590500 0.44430703
vt 0.10959798 0.44050699
vt 0.11900997 0.42373800
vt 0.12300003 0.42501599
vt 0.12423301 0.42695701
vt 0.12894201 0.42997098
vt 0.13477200 0.43520403
vt 0.34988302 0.42823201
vt 0.35437500 0.42809099
vt 0.35947400 0.44354302
vt 0.34542203 0.45889997
vt 0.35872698 0.42393100
vt 0.36175603 0.42169797
vt 0.39561498 0.28903401
vt 0.39836001 0.27955401
vt 0.40211803 0.26884502
vt 0.41700798 0.23470902
vt 0.96245599 0.50938702
vt 0.97352302 0.53870094
vt 0.97616202 0.53774393
vt 0.97773397 0.53340697
vt 0.97674000 0.53963196
vt 0.97785997 0.53906798
vt 0.09471202 0.55480599
vt 0.09078699 0.55225503
vt 0.10719198 0.55053401
vt 0.11114001 0.55159903
vt 0.11471897 0.55268800
vt 0.10953498 0.55973101
vt 0.11930901 0.57592297
vt 0.12371600 0.57357597
vt 0.12802202 0.57107198
vt 0.12519401 0.57372093
vt 0.34988302 0.57449901
vt 0.34601802 0.57562304
vt 0.35437500 0.57397902
vt 0.35947400 0.55936897
vt 0.34542203 0.54429102
vt 0.35872698 0.57624304
vt 0.35922700 0.57757199
vt 0.39231300 0.68916500
vt 0.39768100 0.70424199
vt 0.40502298 0.72186697
vt 0.42192298 0.74884403
vt 0.44805098 0.77850902
vt 0.35566700 0.57440698
vt 0.36065900 0.57443595
vt 0.36551100 0.57352197
vt 0.35949099 0.56726396
vt 0.35529101 0.56090701
vt 0.35033000 0.55634594
vt 0.35517198 0.54048395
vt 0.34597701 0.55825901
vt 0.34315997 0.57418501
vt 0.12669998 0.57467902
vt 0.11459899 0.56762302
vt 0.10993499 0.56728399
vt 0.10513401 0.56673598
vt 0.09191602 0.55055201
vt 0.08501798 0.55193794
vt 0.07765698 0.55328798
vt 0.97906202 0.53861403
vt 0.97978902 0.53939402
vt 0.97432202 0.54069698
vt 0.97425199 0.54067302
vt 0.97429401 0.54073703
vt 0.97473699 0.53605103
vt 0.98100299 0.53788304
vt 0.43332303 0.21164101
vt 0.36593699 0.42290902
vt 0.35978103 0.42704099
vt 0.35457802 0.43052900
vt 0.35681802 0.44463998
vt 0.35081100 0.44732398
vt 0.35517198 0.46248102
vt 0.34597701 0.44446099
vt 0.34358799 0.43806201
vt 0.34244502 0.43306297
vt 0.12671298 0.42534798
vt 0.10606402 0.42877400
vt 0.11019200 0.43312001
vt 0.11405402 0.43732297
vt 0.09074599 0.45388699
vt 0.08641797 0.45406598
vt 0.08195698 0.45398402
vt 0.97906202 0.46136600
vt 0.97978902 0.46058500
vt 0.97370601 0.45966500
vt 0.97449398 0.45913202
vt 0.97515702 0.45868701
vt 0.97450203 0.46167201
vt 0.98100299 0.46209598
vt 0.13692999 0.44601899
vt 0.13667899 0.44411302
vt 0.13643199 0.44106698
# 9731 texture coordinates

usemtl a
f 4/4 1/3 2/2 3/1
f 3/1 2/2 5/6 6/5
f 4/4 3/1 6/5 7/7
f 11/11 8/10 9/9 10/8
f 10/8 9/9 12/13 13/12
f 11/11 10/8 13/12 14/14
f 18/18 15/17 16/16 17/15
f 17/15 16/16 19/20 20/19
f 18/18 17/15 20/19 21/21
f 25/25 22/24 23/23 24/22
f 24/22 23/23 26/27 27/26
f 25/25 24/22 27/26 28/28
f 30/30 22/24 25/25 29/29
f 29/29 25/25 28/28 31/31
f 30/30 29/29 31/31 32/32
f 36/36 33/35 34/34 35/33
f 35/33 34/34 37/38 38/37
f 36/36 35/33 38/37 39/39
f 41/41 33/35 36/36 40/40
f 40/40 36/36 39/39 42/42
f 41/41 40/40 42/42 43/43
f 47/47 44/46 45/45 46/44
f 46/44 45/45 48/49 49/48
f 47/47 46/44 49/48 50/50
f 52/52 44/46 47/47 51/51
f 51/51 47/47 50/50 53/53
f 52/52 51/51 53/53 54/54
f 58/58 55/57 56/56 57/55
f 57/55 56/56 59/60 60/59
f 58/58 57/55 60/59 61/61
f 64/64 55/57 62/63 63/62
f 63/62 62/63 65/66 66/65
f 64/64 63/62 66/65 67/67
f 70/70 54/54 68/69 69/68
f 69/68 68/69 59/60 71/71
f 70/70 69/68 71/71 72/72
f 52/52 54/54 70/70 73/73
f 73/73 70/70 72/72 74/74
f 52/52 73/73 74/74 44/46
f 74/74 72/72 75/76 76/75
f 76/75 75/76 77/78 78/77
f 74/74 76/75 78/77 44/46
f 82/82 79/81 80/80 81/79
f 81/79 80/80 83/84 84/83
f 82/82 81/79 84/83 85/85
f 88/88 79/81 86/87 87/86
f 87/86 86/87 77/78 89/89
f 88/88 87/86 89/89 90/90
f 92/92 85/85 84/83 91/91
f 91/91 84/83 83/84 93/93
f 92/92 91/91 93/93 94/94
f 96/96 85/85 92/92 95/95
f 95/95 92/92 94/94 97/97
f 96/96 95/95 97/97 98/98
f 102/102 99/101 100/100 101/99
f 101/99 100/100 98/98 97/97
f 102/102 101/99 97/97 94/94
f 106/106 103/105 104/104 105/103
f 105/103 104/104 94/94 107/107
f 106/106 105/103 107/107 108/108
f 112/112 109/111 110/110 111/109
f 111/109 110/110 113/114 114/113
f 112/112 111/109 114/113 115/115
f 117/117 109/111 112/112 116/116
f 116/116 112/112 115/115 118/118
f 117/117 116/116 118/118 119/119
f 121/121 109/111 117/117 120/120
f 120/120 117/117 119/119 122/122
f 121/121 120/120 122/122 123/123
f 125/125 109/111 121/121 124/124
f 124/124 121/121 123/123 126/126
f 125/125 124/124 126/126 127/127
f 131/131 128/130 129/129 130/128
f 130/128 129/129 132/133 133/132
f 131/131 130/128 133/132 134/134
f 138/138 135/137 136/136 137/135
f 137/142 136/141 139/140 140/139
f 138/144 137/142 140/139 141/143
f 145/148 142/147 143/146 144/145
f 144/145 143/146 146/150 147/149
f 145/148 144/145 147/149 148/151
f 150/153 142/147 145/148 149/152
f 149/152 145/148 148/151 151/154
f 150/153 149/152 151/154 152/155
f 156/159 153/158 154/157 155/156
f 155/156 154/157 157/161 158/160
f 156/159 155/156 158/160 159/162
f 161/164 153/158 156/159 160/163
f 160/163 156/159 159/162 162/165
f 161/164 160/163 162/165 163/166
f 167/170 164/169 165/168 166/167
f 166/167 165/168 168/172 169/171
f 167/170 166/167 169/171 170/173
f 174/177 171/176 172/175 173/174
f 173/174 172/175 175/179 176/178
f 174/177 173/174 176/178 177/180
f 179/182 171/176 174/177 178/181
f 178/181 174/177 177/180 180/183
f 179/182 178/181 180/183 163/166
f 182/185 175/179 172/175 181/184
f 181/184 172/175 171/176 183/186
f 182/185 181/184 183/186 184/187
f 186/189 175/179 182/185 185/188
f 185/188 182/185 184/187 187/190
f 186/189 185/188 187/190 188/191
f 191/194 188/191 189/193 190/192
f 190/192 189/193 192/196 193/195
f 191/194 190/192 193/195 194/197
f 198/201 195/200 196/199 197/198
f 197/198 196/199 199/203 200/202
f 198/201 197/198 200/202 192/196
f 202/205 195/200 198/201 201/204
f 201/204 198/201 192/196 203/206
f 202/205 201/204 203/206 184/187
f 207/210 204/209 205/208 206/207
f 206/207 205/208 168/172 208/211
f 207/210 206/207 208/211 209/212
f 213/216 210/215 211/214 212/213
f 212/213 211/214 214/218 215/217
f 213/216 212/213 215/217 216/219
f 218/221 210/215 213/216 217/220
f 217/220 213/216 216/219 219/222
f 218/221 217/220 219/222 220/223
f 224/227 221/226 222/225 223/224
f 223/224 222/225 225/229 226/228
f 224/227 223/224 226/228 227/230
f 231/234 228/233 229/232 230/231
f 230/231 229/232 232/236 233/235
f 231/234 230/231 233/235 234/237
f 236/239 228/233 231/234 235/238
f 235/238 231/234 234/237 237/240
f 236/239 235/238 237/240 238/241
f 241/244 234/237 239/243 240/242
f 240/242 239/243 242/246 243/245
f 241/244 240/242 243/245 221/226
f 247/250 244/249 245/248 246/247
f 246/247 245/248 248/252 249/251
f 247/250 246/247 249/251 250/253
f 252/255 244/249 247/250 251/254
f 251/254 247/250 250/253 253/256
f 252/255 251/254 253/256 199/203
f 257/260 254/259 255/258 256/257
f 256/257 255/258 258/262 259/261
f 257/260 256/257 259/261 260/263
f 262/265 254/259 257/260 261/264
f 261/264 257/260 260/263 263/266
f 262/265 261/264 263/266 264/267
f 268/271 265/270 266/269 267/268
f 267/268 266/269 269/273 270/272
f 268/271 267/268 270/272 271/274
f 273/276 265/270 268/271 272/275
f 272/275 268/271 271/274 274/277
f 273/276 272/275 274/277 275/278
f 279/282 276/281 277/280 278/279
f 278/279 277/280 280/284 281/283
f 279/282 278/279 281/283 282/285
f 284/287 276/281 279/282 283/286
f 283/286 279/282 282/285 285/288
f 284/287 283/286 285/288 286/289
f 290/293 287/292 288/291 289/290
f 289/290 288/291 291/295 292/294
f 290/293 289/290 292/294 293/296
f 297/300 294/299 295/298 296/297
f 296/297 295/298 298/302 299/301
f 297/300 296/297 299/301 300/303
f 304/307 301/306 302/305 303/304
f 303/304 302/305 305/309 306/308
f 304/307 303/304 306/308 307/310
f 311/314 308/313 309/312 310/311
f 310/311 309/312 312/316 313/315
f 311/314 310/311 313/315 314/317
f 316/319 308/313 311/314 315/318
f 315/318 311/314 314/317 317/320
f 316/319 315/318 317/320 318/321
f 322/325 319/324 320/323 321/322
f 321/322 320/323 323/327 324/326
f 322/325 321/322 324/326 325/328
f 327/330 305/309 302/305 326/329
f 326/329 302/305 301/306 328/331
f 327/330 326/329 328/331 329/332
f 333/336 330/335 331/334 332/333
f 332/333 331/334 287/292 334/337
f 333/336 332/333 334/337 335/338
f 338/341 329/332 336/340 337/339
f 337/339 336/340 339/343 340/342
f 338/341 337/339 340/342 323/327
f 342/345 329/332 338/341 341/344
f 341/344 338/341 323/327 343/346
f 342/345 341/344 343/346 344/347
f 348/351 345/350 346/349 347/348
f 347/348 346/349 349/353 350/352
f 348/351 347/348 350/352 351/354
f 353/356 345/350 348/351 352/355
f 352/355 348/351 351/354 354/357
f 353/356 352/355 354/357 355/358
f 359/362 356/361 357/360 358/359
f 358/359 357/360 360/364 361/363
f 359/362 358/359 361/363 362/365
f 366/369 363/368 364/367 365/366
f 365/366 364/367 367/371 368/370
f 366/369 365/366 368/370 369/372
f 371/374 363/368 366/369 370/373
f 370/373 366/369 369/372 372/375
f 371/374 370/373 372/375 373/376
f 377/380 374/379 375/378 376/377
f 376/377 375/378 378/382 379/381
f 377/380 376/377 379/381 369/372
f 383/386 380/385 381/384 382/383
f 382/383 381/384 384/388 385/387
f 383/386 382/383 385/387 378/382
f 387/390 378/382 375/378 386/389
f 386/389 375/378 374/379 388/391
f 387/390 386/389 388/391 389/392
f 393/396 390/395 391/394 392/393
f 392/393 391/394 394/398 395/397
f 393/396 392/393 395/397 396/399
f 400/403 397/402 398/401 399/400
f 399/400 398/401 401/405 402/404
f 400/403 399/400 402/404 403/406
f 407/410 404/409 405/408 406/407
f 406/407 405/408 408/412 409/411
f 407/410 406/407 409/411 410/413
f 412/415 404/409 407/410 411/414
f 411/414 407/410 410/413 413/416
f 412/415 411/414 413/416 414/417
f 416/419 308/313 316/319 415/418
f 415/418 316/319 318/321 417/420
f 416/419 415/418 417/420 418/421
f 420/423 308/313 416/419 419/422
f 419/422 416/419 418/421 421/424
f 420/423 419/422 421/424 380/385
f 425/428 422/427 423/426 424/425
f 424/425 423/426 426/430 427/429
f 425/428 424/425 427/429 351/354
f 431/434 428/433 429/432 430/431
f 430/431 429/432 432/436 433/435
f 431/434 430/431 433/435 434/437
f 438/441 435/440 436/439 437/438
f 437/438 436/439 439/443 440/442
f 438/441 437/438 440/442 441/444
f 443/446 432/436 429/432 442/445
f 442/445 429/432 428/433 444/447
f 443/446 442/445 444/447 445/448
f 447/450 432/436 443/446 446/449
f 446/449 443/446 445/448 448/451
f 447/450 446/449 448/451 441/444
f 451/454 396/399 449/453 450/452
f 450/452 449/453 452/456 453/455
f 451/454 450/452 453/455 454/457
f 457/460 356/361 455/459 456/458
f 456/458 455/459 458/462 459/461
f 457/460 456/458 459/461 355/358
f 357/360 356/361 457/460 460/463
f 460/463 457/460 355/358 461/464
f 357/360 460/463 461/464 360/364
f 465/468 462/467 463/466 464/465
f 464/465 463/466 466/470 467/469
f 465/468 464/465 467/469 468/471
f 471/474 468/471 469/473 470/472
f 470/472 469/473 472/476 473/475
f 471/474 470/472 473/475 403/406
f 477/480 474/479 475/478 476/477
f 476/477 475/478 298/302 295/298
f 477/480 476/477 295/298 294/299
f 481/484 478/483 479/482 480/481
f 480/481 479/482 482/486 483/485
f 481/484 480/481 483/485 484/487
f 486/489 478/483 481/484 485/488
f 485/488 481/484 484/487 487/490
f 486/489 485/488 487/490 445/448
f 491/494 488/493 489/492 490/491
f 490/491 489/492 344/347 492/495
f 491/494 490/491 492/495 493/496
f 495/498 474/479 477/480 494/497
f 494/497 477/480 294/299 496/499
f 495/498 494/497 496/499 497/500
f 499/502 474/479 495/498 498/501
f 498/501 495/498 497/500 500/503
f 499/502 498/501 500/503 501/504
f 505/508 502/507 503/506 504/505
f 504/505 503/506 325/328 324/326
f 505/508 504/505 324/326 323/327
f 508/511 323/327 506/510 507/509
f 507/509 506/510 509/513 510/512
f 508/511 507/509 510/512 511/514
f 515/518 512/517 513/516 514/515
f 514/515 513/516 516/520 517/519
f 515/518 514/515 517/519 518/521
f 520/523 512/517 515/518 519/522
f 519/522 515/518 518/521 521/524
f 520/523 519/522 521/524 522/525
f 526/529 523/528 524/527 525/526
f 525/526 524/527 527/531 528/530
f 526/529 525/526 528/530 529/532
f 531/534 523/528 526/529 530/533
f 530/533 526/529 529/532 532/535
f 531/534 530/533 532/535 533/536
f 537/540 534/539 535/538 536/537
f 536/537 535/538 538/542 539/541
f 537/540 536/537 539/541 540/543
f 544/547 541/546 542/545 543/544
f 543/544 542/545 545/549 546/548
f 544/547 543/544 546/548 547/550
f 549/552 541/546 544/547 548/551
f 548/551 544/547 547/550 550/553
f 549/552 548/551 550/553 551/554
f 555/558 552/557 553/556 554/555
f 554/555 553/556 556/560 557/559
f 555/558 554/555 557/559 558/561
f 562/565 559/564 560/563 561/562
f 561/562 560/563 563/567 564/566
f 562/565 561/562 564/566 565/568
f 567/570 559/564 562/565 566/569
f 566/569 562/565 565/568 568/571
f 567/570 566/569 568/571 569/572
f 573/576 570/575 571/574 572/573
f 572/573 571/574 574/578 575/577
f 573/576 572/573 575/577 516/520
f 577/580 570/575 573/576 576/579
f 576/579 573/576 516/520 513/516
f 577/580 576/579 513/516 512/517
f 581/584 578/583 579/582 580/581
f 580/581 579/582 582/586 583/585
f 581/584 580/581 583/585 584/587
f 588/591 585/590 586/589 587/588
f 587/588 586/589 589/593 590/592
f 588/591 587/588 590/592 591/594
f 595/598 592/597 593/596 594/595
f 594/595 593/596 596/600 597/599
f 595/598 594/595 597/599 598/601
f 600/603 592/597 595/598 599/602
f 599/602 595/598 598/601 601/604
f 600/603 599/602 601/604 602/605
f 606/609 603/608 604/607 605/606
f 605/606 604/607 607/611 608/610
f 606/609 605/606 608/610 609/612
f 612/615 529/532 610/614 611/613
f 611/613 610/614 609/612 613/616
f 612/615 611/613 613/616 578/583
f 617/620 614/619 615/618 616/617
f 616/617 615/618 609/612 608/610
f 617/620 616/617 608/610 607/611
f 621/624 618/623 619/622 620/621
f 620/621 619/622 589/593 622/625
f 621/624 620/621 622/625 603/608
f 626/629 623/628 624/627 625/626
f 625/626 624/627 627/631 628/630
f 626/629 625/626 628/630 629/632
f 632/635 627/631 630/634 631/633
f 631/633 630/634 633/637 634/636
f 632/635 631/633 634/636 635/638
f 639/642 636/641 637/640 638/639
f 638/639 637/640 541/546 549/552
f 639/642 638/639 549/552 551/554
f 643/646 640/645 641/644 642/643
f 642/643 641/644 644/648 645/647
f 643/646 642/643 645/647 646/649
f 648/651 640/645 643/646 647/650
f 647/650 643/646 646/649 649/652
f 648/651 647/650 649/652 559/564
f 653/656 650/655 651/654 652/653
f 652/653 651/654 654/658 655/657
f 653/656 652/653 655/657 656/659
f 658/661 650/655 653/656 657/660
f 657/660 653/656 656/659 659/662
f 658/661 657/660 659/662 660/663
f 664/667 661/666 662/665 663/664
f 663/664 662/665 665/669 666/668
f 664/667 663/664 666/668 667/670
f 671/674 668/673 669/672 670/671
f 670/671 669/672 646/649 672/675
f 671/674 670/671 672/675 540/543
f 675/678 538/542 673/677 674/676
f 674/676 673/677 552/557 676/679
f 675/678 674/676 676/679 677/680
f 681/684 678/683 679/682 680/681
f 680/681 679/682 570/575 577/580
f 681/684 680/681 577/580 512/517
f 683/686 585/590 588/591 682/685
f 682/685 588/591 591/594 684/687
f 683/686 682/685 684/687 592/597
f 686/689 585/590 683/686 685/688
f 685/688 683/686 592/597 687/690
f 686/689 685/688 687/690 688/691
f 692/695 689/694 690/693 691/692
f 691/692 690/693 693/697 694/696
f 692/695 691/692 694/696 695/698
f 697/700 689/694 692/695 696/699
f 696/699 692/695 695/698 698/701
f 697/700 696/699 698/701 699/702
f 702/705 614/619 700/704 701/703
f 701/703 700/704 703/707 704/706
f 702/705 701/703 704/706 582/586
f 708/711 705/710 706/709 707/708
f 707/708 706/709 709/713 710/712
f 708/711 707/708 710/712 711/714
f 714/717 518/521 712/716 713/715
f 713/715 712/716 715/719 716/718
f 714/717 713/715 716/718 717/720
f 721/724 718/723 719/722 720/721
f 720/721 719/722 722/726 723/725
f 721/724 720/721 723/725 724/727
f 726/729 718/723 721/724 725/728
f 725/728 721/724 724/727 727/730
f 726/729 725/728 727/730 728/731
f 731/734 596/600 729/733 730/732
f 730/732 729/733 732/736 733/735
f 731/734 730/732 733/735 545/549
f 597/599 596/600 731/734 734/737
f 734/737 731/734 545/549 735/738
f 597/599 734/737 735/738 598/601
f 739/742 736/741 737/740 738/739
f 738/739 737/740 740/744 741/743
f 739/742 738/739 741/743 742/745
f 746/749 743/748 744/747 745/746
f 745/746 744/747 565/568 747/750
f 746/749 745/746 747/750 740/744
f 564/566 563/567 748/752 749/751
f 749/751 748/752 668/673 750/753
f 564/566 749/751 750/753 565/568
f 753/756 742/745 751/755 752/754
f 752/754 751/755 565/568 750/753
f 753/756 752/754 750/753 668/673
f 741/743 740/744 747/750 754/757
f 754/757 747/750 565/568 751/755
f 741/743 754/757 751/755 742/745
f 758/761 755/760 756/759 757/758
f 757/758 756/759 629/632 759/762
f 758/761 757/758 759/762 760/763
f 763/766 527/531 761/765 762/764
f 762/764 761/765 764/768 765/767
f 763/766 762/764 765/767 603/608
f 769/772 766/771 767/770 768/769
f 768/769 767/770 678/683 770/773
f 769/772 768/769 770/773 633/637
f 774/777 771/776 772/775 773/774
f 773/774 772/775 603/608 765/767
f 774/777 773/774 765/767 764/768
f 778/781 775/780 776/779 777/778
f 777/778 776/779 779/783 780/782
f 778/781 777/778 780/782 781/784
f 784/787 12/13 782/786 783/785
f 783/785 782/786 785/789 786/788
f 784/787 783/785 786/788 787/790
f 789/792 12/13 784/787 788/791
f 788/791 784/787 787/790 790/793
f 789/792 788/791 790/793 791/794
f 795/798 792/797 793/796 794/795
f 794/795 793/796 796/800 797/799
f 795/798 794/795 797/799 798/801
f 800/803 792/797 795/798 799/802
f 799/802 795/798 798/801 801/804
f 800/803 799/802 801/804 32/32
f 805/808 802/807 803/806 804/805
f 804/805 803/806 806/810 807/809
f 805/808 804/805 807/809 808/811
f 810/813 802/807 805/808 809/812
f 809/812 805/808 808/811 811/814
f 810/813 809/812 811/814 812/815
f 816/819 813/818 814/817 815/816
f 815/816 814/817 817/821 818/820
f 816/819 815/816 818/820 819/822
f 823/826 820/825 821/824 822/823
f 822/823 821/824 824/828 825/827
f 823/826 822/823 825/827 50/50
f 827/830 820/825 823/826 826/829
f 826/829 823/826 50/50 828/831
f 827/830 826/829 828/831 829/832
f 833/836 830/835 831/834 832/833
f 832/833 831/834 834/838 835/837
f 833/836 832/833 835/837 836/839
f 838/841 830/835 833/836 837/840
f 837/840 833/836 836/839 839/842
f 838/841 837/840 839/842 813/818
f 843/846 840/845 841/844 842/843
f 842/843 841/844 802/807 844/847
f 843/846 842/843 844/847 845/848
f 847/850 840/845 843/846 846/849
f 846/849 843/846 845/848 848/851
f 847/850 846/849 848/851 849/852
f 853/856 850/855 851/854 852/853
f 852/853 851/854 854/858 855/857
f 853/856 852/853 855/857 856/859
f 860/863 857/862 858/861 859/860
f 859/860 858/861 48/49 861/864
f 860/863 859/860 861/864 862/865
f 866/869 863/868 864/867 865/866
f 865/866 864/867 867/871 868/870
f 866/869 865/866 868/870 850/855
f 871/874 862/865 869/873 870/872
f 870/872 869/873 872/876 873/875
f 871/874 870/872 873/875 874/877
f 878/881 875/880 876/879 877/878
f 877/878 876/879 879/883 880/882
f 878/881 877/878 880/882 881/884
f 883/886 875/880 878/881 882/885
f 882/885 878/881 881/884 884/887
f 883/886 882/885 884/887 885/888
f 889/892 886/891 887/890 888/889
f 888/889 887/890 890/894 891/893
f 889/892 888/889 891/893 875/880
f 893/896 886/891 889/892 892/895
f 892/895 889/892 875/880 883/886
f 893/896 892/895 883/886 885/888
f 897/900 894/899 895/898 896/897
f 896/897 895/898 898/902 899/901
f 897/900 896/897 899/901 900/903
f 904/907 901/906 902/905 903/904
f 903/904 902/905 905/909 906/908
f 904/907 903/904 906/908 907/910
f 909/912 901/906 904/907 908/911
f 908/911 904/907 907/910 910/913
f 909/912 908/911 910/913 911/914
f 914/917 134/134 912/916 913/915
f 913/915 912/916 22/24 915/918
f 914/917 913/915 915/918 916/919
f 920/923 917/922 918/921 919/920
f 919/920 918/921 921/925 922/924
f 920/923 919/920 922/924 911/926
f 925/929 921/925 923/928 924/927
f 924/927 923/928 916/919 926/930
f 925/929 924/927 926/930 927/931
f 931/935 928/934 929/933 930/932
f 930/932 929/933 932/937 933/936
f 931/935 930/932 933/936 934/938
f 936/940 928/934 931/935 935/939
f 935/939 931/935 934/938 937/941
f 936/940 935/939 937/941 938/942
f 942/946 939/945 940/944 941/943
f 941/943 940/944 943/948 944/947
f 942/946 941/943 944/947 945/949
f 949/953 946/952 947/951 948/950
f 948/950 947/951 950/955 951/954
f 949/953 948/950 951/954 952/956
f 956/960 953/959 954/958 955/957
f 955/957 954/958 957/962 958/961
f 956/960 955/957 958/961 959/963
f 962/966 943/948 960/965 961/964
f 961/964 960/965 963/968 964/967
f 962/966 961/964 964/967 965/969
f 967/971 943/948 962/966 966/970
f 966/970 962/966 965/969 968/972
f 967/971 966/970 968/972 969/973
f 972/976 965/969 970/975 971/974
f 971/974 970/975 973/978 974/977
f 972/976 971/974 974/977 975/979
f 968/972 965/969 972/976 976/980
f 976/980 972/976 975/979 977/981
f 968/972 976/980 977/981 969/973
f 981/985 978/984 979/983 980/982
f 980/982 979/983 982/987 983/986
f 981/985 980/982 983/986 984/988
f 986/990 978/984 981/985 985/989
f 985/989 981/985 984/988 987/991
f 986/990 985/989 987/991 988/992
f 991/995 946/952 989/994 990/993
f 990/993 989/994 992/997 993/996
f 991/995 990/993 993/996 994/998
f 996/1000 946/952 991/995 995/999
f 995/999 991/995 994/998 997/1001
f 996/1000 995/999 997/1001 928/934
f 1000/1004 994/998 998/1003 999/1002
f 999/1002 998/1003 1001/1006 1002/1005
f 1000/1004 999/1002 1002/1005 1003/1007
f 1007/1011 1004/1010 1005/1009 1006/1008
f 1006/1008 1005/1009 1008/1013 1009/1012
f 1007/1011 1006/1008 1009/1012 1010/1014
f 1012/1016 1004/1010 1007/1011 1011/1015
f 1011/1015 1007/1011 1010/1014 1013/1017
f 1012/1016 1011/1015 1013/1017 1014/1018
f 1018/1022 1015/1021 1016/1020 1017/1019
f 1017/1019 1016/1020 1019/1024 1020/1023
f 1018/1022 1017/1019 1020/1023 1021/1025
f 1024/1028 1019/1024 1022/1027 1023/1026
f 1023/1026 1022/1027 1004/1010 1012/1016
f 1024/1028 1023/1026 1012/1016 1014/1018
f 1026/1030 1019/1024 1024/1028 1025/1029
f 1025/1029 1024/1028 1014/1018 1027/1031
f 1026/1030 1025/1029 1027/1031 1028/1032
f 1032/1036 1029/1035 1030/1034 1031/1033
f 1031/1033 1030/1034 1033/1038 1034/1037
f 1032/1036 1031/1033 1034/1037 1028/1032
f 1036/1040 1028/1032 1034/1037 1035/1039
f 1035/1039 1034/1037 1033/1038 1037/1041
f 1036/1040 1035/1039 1037/1041 1038/1042
f 1042/1046 1039/1045 1040/1044 1041/1043
f 1041/1043 1040/1044 1043/1048 1044/1047
f 1042/1046 1041/1043 1044/1047 265/270
f 1046/1050 1039/1045 1042/1046 1045/1049
f 1045/1049 1042/1046 265/270 1047/1051
f 1046/1050 1045/1049 1047/1051 258/262
f 1051/1055 1048/1054 1049/1053 1050/1052
f 1050/1052 1049/1053 1052/1057 1053/1056
f 1051/1055 1050/1052 1053/1056 269/273
f 1057/1061 1054/1060 1055/1059 1056/1058
f 1056/1058 1055/1059 280/284 1058/1062
f 1057/1061 1056/1058 1058/1062 1059/1063
f 1063/1067 1060/1066 1061/1065 1062/1064
f 1062/1064 1061/1065 1064/1069 1065/1068
f 1063/1067 1062/1064 1065/1068 1066/1070
f 1070/1074 1067/1073 1068/1072 1069/1071
f 1069/1071 1068/1072 1071/1076 1072/1075
f 1070/1074 1069/1071 1072/1075 1073/1077
f 1075/1079 1067/1073 1070/1074 1074/1078
f 1074/1078 1070/1074 1073/1077 1076/1080
f 1075/1079 1074/1078 1076/1080 1077/1081
f 1081/1085 1078/1084 1079/1083 1080/1082
f 1080/1082 1079/1083 1082/1087 1083/1086
f 1081/1085 1080/1082 1083/1086 1084/1088
f 1086/1090 1078/1084 1081/1085 1085/1089
f 1085/1089 1081/1085 1084/1088 1087/1091
f 1086/1090 1085/1089 1087/1091 1088/1092
f 1092/1096 1089/1095 1090/1094 1091/1093
f 1091/1093 1090/1094 1093/1098 1094/1097
f 1092/1096 1091/1093 1094/1097 1095/1099
f 1099/1103 1096/1102 1097/1101 1098/1100
f 1098/1100 1097/1101 1100/1105 1101/1104
f 1099/1103 1098/1100 1101/1104 1102/1106
f 1104/1108 1096/1102 1099/1103 1103/1107
f 1103/1107 1099/1103 1102/1106 1105/1109
f 1104/1108 1103/1107 1105/1109 1106/1110
f 1110/1114 1107/1113 1108/1112 1109/1111
f 1109/1111 1108/1112 1111/1116 1112/1115
f 1110/1114 1109/1111 1112/1115 1113/1117
f 1117/1121 1114/1120 1115/1119 1116/1118
f 1116/1118 1115/1119 1118/1123 1119/1122
f 1117/1121 1116/1118 1119/1122 1111/1116
f 1122/1126 1089/1095 1120/1125 1121/1124
f 1121/1124 1120/1125 1113/1117 1123/1127
f 1122/1126 1121/1124 1123/1127 1096/1102
f 1127/1131 1124/1130 1125/1129 1126/1128
f 1126/1128 1125/1129 1128/1133 1129/1132
f 1127/1131 1126/1128 1129/1132 1130/1134
f 1132/1136 1124/1130 1127/1131 1131/1135
f 1131/1135 1127/1131 1130/1134 1133/1137
f 1132/1136 1131/1135 1133/1137 1134/1138
f 1137/1141 1113/1117 1135/1140 1136/1139
f 1136/1139 1135/1140 1138/1143 1139/1142
f 1137/1141 1136/1139 1139/1142 1140/1144
f 1144/1148 1141/1147 1142/1146 1143/1145
f 1143/1145 1142/1146 1114/1120 1145/1149
f 1144/1148 1143/1145 1145/1149 1146/1150
f 1150/1154 1147/1153 1148/1152 1149/1151
f 1149/1151 1148/1152 1151/1156 1152/1155
f 1150/1154 1149/1151 1152/1155 1153/1157
f 1155/1159 1147/1153 1150/1154 1154/1158
f 1154/1158 1150/1154 1153/1157 1156/1160
f 1155/1159 1154/1158 1156/1160 1157/1161
f 1161/1165 1158/1164 1159/1163 1160/1162
f 1160/1162 1159/1163 1162/1167 1163/1166
f 1161/1165 1160/1162 1163/1166 1164/1168
f 1166/1170 1158/1164 1161/1165 1165/1169
f 1165/1169 1161/1165 1164/1168 1167/1171
f 1166/1170 1165/1169 1167/1171 1168/1172
f 1172/1176 1169/1175 1170/1174 1171/1173
f 1171/1173 1170/1174 1102/1106 1101/1104
f 1172/1176 1171/1173 1101/1104 1100/1105
f 1176/1180 1173/1179 1174/1178 1175/1177
f 1175/1177 1174/1178 1177/1182 1178/1181
f 1176/1180 1175/1177 1178/1181 1179/1183
f 1183/1187 1180/1186 1181/1185 1182/1184
f 1182/1184 1181/1185 1184/1189 1185/1188
f 1183/1187 1182/1184 1185/1188 1186/1190
f 1188/1192 1180/1186 1183/1187 1187/1191
f 1187/1191 1183/1187 1186/1190 1189/1193
f 1188/1192 1187/1191 1189/1193 1190/1194
f 1194/1198 1191/1197 1192/1196 1193/1195
f 1193/1195 1192/1196 1195/1200 1196/1199
f 1194/1198 1193/1195 1196/1199 1197/1201
f 1201/1205 1198/1204 1199/1203 1200/1202
f 1200/1202 1199/1203 1202/1207 1203/1206
f 1201/1205 1200/1202 1203/1206 1078/1084
f 1207/1211 1204/1210 1205/1209 1206/1208
f 1206/1208 1205/1209 1084/1088 1208/1212
f 1207/1211 1206/1208 1208/1212 1209/1213
f 1213/1217 1210/1216 1211/1215 1212/1214
f 1212/1214 1211/1215 1214/1219 1215/1218
f 1213/1217 1212/1214 1215/1218 1195/1200
f 1219/1223 1216/1222 1217/1221 1218/1220
f 1218/1220 1217/1221 1220/1225 1221/1224
f 1219/1223 1218/1220 1221/1224 1222/1226
f 1225/1229 1134/1138 1223/1228 1224/1227
f 1224/1227 1223/1228 1222/1226 1221/1224
f 1225/1229 1224/1227 1221/1224 1220/1225
f 1227/1231 1134/1138 1225/1229 1226/1230
f 1226/1230 1225/1229 1220/1225 1228/1232
f 1227/1231 1226/1230 1228/1232 1229/1233
f 1233/1237 1230/1236 1231/1235 1232/1234
f 1232/1234 1231/1235 1169/1175 1172/1176
f 1233/1237 1232/1234 1172/1176 1100/1105
f 1237/1241 1234/1240 1235/1239 1236/1238
f 1236/1238 1235/1239 1238/1243 1239/1242
f 1237/1241 1236/1238 1239/1242 1240/1244
f 1242/1246 1234/1240 1237/1241 1241/1245
f 1241/1245 1237/1241 1240/1244 1243/1247
f 1242/1246 1241/1245 1243/1247 1244/1248
f 1247/1251 1240/1244 1245/1250 1246/1249
f 1246/1249 1245/1250 1248/1253 1249/1252
f 1247/1251 1246/1249 1249/1252 1064/1069
f 1252/1256 1204/1210 1250/1255 1251/1254
f 1251/1254 1250/1255 1253/1258 1254/1257
f 1252/1256 1251/1254 1254/1257 1255/1259
f 1258/1262 1210/1216 1256/1261 1257/1260
f 1257/1260 1256/1261 1259/1264 1260/1263
f 1258/1262 1257/1260 1260/1263 1071/1076
f 1262/1266 1210/1216 1258/1262 1261/1265
f 1261/1265 1258/1262 1071/1076 1068/1072
f 1262/1266 1261/1265 1068/1072 1067/1073
f 1266/1270 1263/1269 1264/1268 1265/1267
f 1265/1267 1264/1268 1267/1272 1268/1271
f 1266/1270 1265/1267 1268/1271 1269/1273
f 1273/1277 1270/1276 1271/1275 1272/1274
f 1272/1274 1271/1275 1191/1197 1274/1278
f 1273/1277 1272/1274 1274/1278 1190/1194
f 1194/1198 1197/1201 1275/1280 1276/1279
f 1276/1279 1275/1280 1138/1143 1277/1281
f 1194/1198 1276/1279 1277/1281 1191/1197
f 1281/1285 1278/1284 1279/1283 1280/1282
f 1280/1282 1279/1283 1180/1186 1282/1286
f 1281/1285 1280/1282 1282/1286 1138/1143
f 1188/1192 1190/1194 1283/1288 1284/1287
f 1284/1287 1283/1288 1138/1143 1282/1286
f 1188/1192 1284/1287 1282/1286 1180/1186
f 1274/1278 1191/1197 1277/1281 1285/1289
f 1285/1289 1277/1281 1138/1143 1283/1288
f 1274/1278 1285/1289 1283/1288 1190/1194
f 1289/1293 1286/1292 1287/1291 1288/1290
f 1288/1290 1287/1291 1290/1295 1291/1294
f 1289/1293 1288/1290 1291/1294 1292/1296
f 1294/1298 1286/1292 1289/1293 1293/1297
f 1293/1297 1289/1293 1292/1296 1295/1299
f 1294/1298 1293/1297 1295/1299 1296/1300
f 1300/1304 1297/1303 1298/1302 1299/1301
f 1299/1301 1298/1302 1301/1306 1302/1305
f 1300/1304 1299/1301 1302/1305 1303/1307
f 1307/1311 1304/1310 1305/1309 1306/1308
f 1306/1308 1305/1309 1308/1313 1309/1312
f 1307/1311 1306/1308 1309/1312 1310/1314
f 1314/1318 1311/1317 1312/1316 1313/1315
f 1313/1315 1312/1316 1315/1320 1316/1319
f 1314/1318 1313/1315 1316/1319 1317/1321
f 1321/1325 1318/1324 1319/1323 1320/1322
f 1320/1322 1319/1323 1322/1327 1323/1326
f 1321/1325 1320/1322 1323/1326 1324/1328
f 1326/1330 1318/1324 1321/1325 1325/1329
f 1325/1329 1321/1325 1324/1328 1327/1331
f 1326/1330 1325/1329 1327/1331 1328/1332
f 1330/1334 1315/1320 1312/1316 1329/1333
f 1329/1333 1312/1316 1311/1317 1331/1335
f 1330/1334 1329/1333 1331/1335 1332/1336
f 1336/1340 1333/1339 1334/1338 1335/1337
f 1335/1337 1334/1338 1337/1342 1338/1341
f 1336/1340 1335/1337 1338/1341 1339/1343
f 1341/1345 1333/1339 1336/1340 1340/1344
f 1340/1344 1336/1340 1339/1343 1342/1346
f 1341/1345 1340/1344 1342/1346 1343/1347
f 1346/1350 1303/1307 1344/1349 1345/1348
f 1345/1348 1344/1349 1347/1352 1348/1351
f 1346/1350 1345/1348 1348/1351 1349/1353
f 1353/1357 1350/1356 1351/1355 1352/1354
f 1352/1354 1351/1355 1354/1359 1355/1358
f 1353/1357 1352/1354 1355/1358 1301/1306
f 1359/1363 1356/1362 1357/1361 1358/1360
f 1358/1360 1357/1361 1360/1365 1361/1364
f 1359/1363 1358/1360 1361/1364 1362/1366
f 1366/1370 1363/1369 1364/1368 1365/1367
f 1365/1367 1364/1368 1367/1372 1368/1371
f 1366/1370 1365/1367 1368/1371 1349/1353
f 1370/1374 1363/1369 1366/1370 1369/1373
f 1369/1373 1366/1370 1349/1353 1371/1375
f 1370/1374 1369/1373 1371/1375 1372/1376
f 1376/1380 1373/1379 1374/1378 1375/1377
f 1375/1377 1374/1378 1377/1382 1378/1381
f 1376/1380 1375/1377 1378/1381 1379/1383
f 1381/1385 1373/1379 1376/1380 1380/1384
f 1380/1384 1376/1380 1379/1383 1382/1386
f 1381/1385 1380/1384 1382/1386 1383/1387
f 1386/1390 1354/1359 1384/1389 1385/1388
f 1385/1388 1384/1389 1373/1379 1387/1391
f 1386/1390 1385/1388 1387/1391 1388/1392
f 1390/1394 1377/1382 1374/1378 1389/1393
f 1389/1393 1374/1378 1373/1379 1391/1395
f 1390/1394 1389/1393 1391/1395 1392/1396
f 1395/1399 1356/1362 1393/1398 1394/1397
f 1394/1397 1393/1398 1396/1401 1397/1400
f 1395/1399 1394/1397 1397/1400 1398/1402
f 1400/1404 1356/1362 1395/1399 1399/1403
f 1399/1403 1395/1399 1398/1402 1401/1405
f 1400/1404 1399/1403 1401/1405 1379/1383
f 1404/1408 1315/1320 1402/1407 1403/1406
f 1403/1406 1402/1407 1310/1314 1309/1312
f 1404/1408 1403/1406 1309/1312 1308/1313
f 1326/1330 1328/1332 1405/1410 1406/1409
f 1406/1409 1405/1410 1292/1296 1407/1411
f 1326/1330 1406/1409 1407/1411 1318/1324
f 1411/1415 1408/1414 1409/1413 1410/1412
f 1410/1412 1409/1413 1412/1417 1413/1416
f 1411/1415 1410/1412 1413/1416 1292/1296
f 1417/1421 1414/1420 1415/1419 1416/1418
f 1416/1418 1415/1419 1418/1423 1419/1422
f 1417/1421 1416/1418 1419/1422 1412/1417
f 1422/1426 1318/1324 1420/1425 1421/1424
f 1421/1424 1420/1425 1412/1417 1419/1422
f 1422/1426 1421/1424 1419/1422 1418/1423
f 1407/1411 1292/1296 1413/1416 1423/1427
f 1423/1427 1413/1416 1412/1417 1420/1425
f 1407/1411 1423/1427 1420/1425 1318/1324
f 1427/1431 1424/1430 1425/1429 1426/1428
f 1426/1428 1425/1429 1428/1433 1429/1432
f 1427/1431 1426/1428 1429/1432 1430/1434
f 1432/1436 1424/1430 1427/1431 1431/1435
f 1431/1435 1427/1431 1430/1434 1433/1437
f 1432/1436 1431/1435 1433/1437 1434/1438
f 1438/1442 1435/1441 1436/1440 1437/1439
f 1437/1439 1436/1440 1333/1339 1341/1345
f 1438/1442 1437/1439 1341/1345 1343/1347
f 1440/1444 1435/1441 1438/1442 1439/1443
f 1439/1443 1438/1442 1343/1347 1441/1445
f 1440/1444 1439/1443 1441/1445 1442/1446
f 1445/1449 1322/1327 1443/1448 1444/1447
f 1444/1447 1443/1448 1446/1451 1447/1450
f 1445/1449 1444/1447 1447/1450 1448/1452
f 1452/1456 1449/1455 1450/1454 1451/1453
f 1451/1453 1450/1454 1453/1458 1454/1457
f 1452/1456 1451/1453 1454/1457 1428/1433
f 1457/1461 1304/1310 1455/1460 1456/1459
f 1456/1459 1455/1460 1458/1463 1459/1462
f 1457/1461 1456/1459 1459/1462 1460/1464
f 1464/1468 1461/1467 1462/1466 1463/1465
f 1463/1465 1462/1466 1465/1470 1466/1469
f 1464/1468 1463/1465 1466/1469 1367/1372
f 1470/1474 1467/1473 1468/1472 1469/1471
f 1469/1471 1468/1472 1362/1366 1471/1475
f 1470/1474 1469/1471 1471/1475 1472/1476
f 1475/1479 1472/1476 1473/1478 1474/1477
f 1474/1477 1473/1478 1476/1481 1477/1480
f 1475/1479 1474/1477 1477/1480 1478/1482
f 1481/1485 1392/1396 1479/1484 1480/1483
f 1480/1483 1479/1484 1354/1359 1482/1486
f 1481/1485 1480/1483 1482/1486 1483/1487
f 1487/1491 1484/1490 1485/1489 1486/1488
f 1486/1488 1485/1489 1488/1493 1489/1492
f 1487/1491 1486/1488 1489/1492 1490/1494
f 1492/1496 1484/1490 1487/1491 1491/1495
f 1491/1495 1487/1491 1490/1494 1493/1497
f 1492/1496 1491/1495 1493/1497 1494/1498
f 1498/1502 1495/1501 1496/1500 1497/1499
f 1497/1499 1496/1500 1499/1504 1500/1503
f 1498/1502 1497/1499 1500/1503 1501/1505
f 1298/1302 1297/1303 1502/1507 1503/1506
f 1503/1506 1502/1507 1504/1509 1505/1508
f 1298/1302 1503/1506 1505/1508 1301/1306
f 1509/1513 1506/1512 1507/1511 1508/1510
f 1508/1510 1507/1511 1504/1509 1510/1514
f 1509/1513 1508/1510 1510/1514 1499/1504
f 1513/1517 1408/1414 1511/1516 1512/1515
f 1512/1515 1511/1516 1514/1519 1515/1518
f 1513/1517 1512/1515 1515/1518 1504/1509
f 1519/1523 1516/1522 1517/1521 1518/1520
f 1518/1520 1517/1521 1520/1525 1521/1524
f 1519/1523 1518/1520 1521/1524 1514/1519
f 1524/1528 1499/1504 1522/1527 1523/1526
f 1523/1526 1522/1527 1514/1519 1521/1524
f 1524/1528 1523/1526 1521/1524 1520/1525
f 1510/1514 1504/1509 1515/1518 1525/1529
f 1525/1529 1515/1518 1514/1519 1522/1527
f 1510/1514 1525/1529 1522/1527 1499/1504
f 1529/1533 1526/1532 1527/1531 1528/1530
f 1528/1530 1527/1531 1530/1535 1531/1534
f 1529/1533 1528/1530 1531/1534 1333/1339
f 1533/1537 1526/1532 1529/1533 1532/1536
f 1532/1536 1529/1533 1333/1339 1436/1440
f 1533/1537 1532/1536 1436/1440 1435/1441
f 1537/1541 1534/1540 1535/1539 1536/1538
f 1536/1538 1535/1539 1538/1543 1539/1542
f 1537/1541 1536/1538 1539/1542 1311/1317
f 1542/1546 1534/1540 1540/1545 1541/1544
f 1541/1544 1540/1545 1543/1548 1544/1547
f 1542/1546 1541/1544 1544/1547 1545/1549
f 1547/1551 1534/1540 1542/1546 1546/1550
f 1546/1550 1542/1546 1545/1549 1548/1552
f 1547/1551 1546/1550 1548/1552 1549/1553
f 1553/1557 1550/1556 1551/1555 1552/1554
f 1552/1554 1551/1555 1554/1559 1555/1558
f 1553/1557 1552/1554 1555/1558 1308/1313
f 1559/1563 1556/1562 1557/1561 1558/1560
f 1558/1560 1557/1561 1560/1565 1561/1564
f 1559/1563 1558/1560 1561/1564 1379/1383
f 1564/1568 1398/1402 1562/1567 1563/1566
f 1563/1566 1562/1567 1565/1570 1566/1569
f 1564/1568 1563/1566 1566/1569 1567/1571
f 1569/1573 1398/1402 1564/1568 1568/1572
f 1568/1572 1564/1568 1567/1571 1570/1574
f 1569/1573 1568/1572 1570/1574 1556/1562
f 1573/1577 1347/1352 1571/1576 1572/1575
f 1572/1575 1571/1576 1383/1387 1574/1578
f 1573/1577 1572/1575 1574/1578 1560/1565
f 1577/1581 1549/1553 1575/1580 1576/1579
f 1576/1579 1575/1580 1578/1583 1579/1582
f 1577/1581 1576/1579 1579/1582 1538/1543
f 1540/1545 1534/1540 1580/1585 1581/1584
f 1581/1584 1580/1585 1317/1321 1582/1586
f 1540/1545 1581/1584 1582/1586 1543/1548
f 1586/1590 1583/1589 1584/1588 1585/1587
f 1585/1587 1584/1588 1460/1464 1587/1591
f 1586/1590 1585/1587 1587/1591 1588/1592
f 1590/1594 1453/1458 1450/1454 1589/1593
f 1589/1593 1450/1454 1449/1455 1591/1595
f 1590/1594 1589/1593 1591/1595 1588/1592
f 1595/1599 1592/1598 1593/1597 1594/1596
f 1594/1596 1593/1597 1526/1532 1533/1537
f 1595/1599 1594/1596 1533/1537 1435/1441
f 1597/1601 1592/1598 1595/1599 1596/1600
f 1596/1600 1595/1599 1435/1441 1598/1602
f 1597/1601 1596/1600 1598/1602 1599/1603
f 1511/1516 1408/1414 1411/1415 1600/1604
f 1600/1604 1411/1415 1292/1296 1601/1605
f 1511/1516 1600/1604 1601/1605 1514/1519
f 1291/1294 1290/1295 1602/1607 1603/1606
f 1603/1606 1602/1607 1604/1609 1605/1608
f 1291/1294 1603/1606 1605/1608 1292/1296
f 1609/1613 1606/1612 1607/1611 1608/1610
f 1608/1610 1607/1611 1292/1296 1605/1608
f 1609/1613 1608/1610 1605/1608 1604/1609
f 1611/1615 1514/1519 1601/1605 1610/1614
f 1610/1614 1601/1605 1292/1296 1607/1611
f 1611/1615 1610/1614 1607/1611 1606/1612
f 1507/1511 1506/1512 1612/1617 1613/1616
f 1613/1616 1612/1617 1301/1306 1505/1508
f 1507/1511 1613/1616 1505/1508 1504/1509
f 1616/1620 1501/1505 1614/1619 1615/1618
f 1615/1618 1614/1619 1484/1490 1492/1496
f 1616/1620 1615/1618 1492/1496 1494/1498
f 1618/1622 1501/1505 1616/1620 1617/1621
f 1617/1621 1616/1620 1494/1498 1619/1623
f 1618/1622 1617/1621 1619/1623 1483/1487
f 1623/1627 1620/1626 1621/1625 1622/1624
f 1622/1624 1621/1625 1490/1494 1489/1492
f 1623/1627 1622/1624 1489/1492 1488/1493
f 1626/1630 1362/1366 1624/1629 1625/1628
f 1625/1628 1624/1629 1620/1626 1627/1631
f 1626/1630 1625/1628 1627/1631 1476/1481
f 1471/1475 1362/1366 1626/1630 1628/1632
f 1628/1632 1626/1630 1476/1481 1473/1478
f 1471/1475 1628/1632 1473/1478 1472/1476
f 1631/1635 1478/1482 1629/1634 1630/1633
f 1630/1633 1629/1634 1632/1637 1633/1636
f 1631/1635 1630/1633 1633/1636 1634/1638
f 1584/1588 1583/1589 1635/1640 1636/1639
f 1636/1639 1635/1640 1461/1467 1637/1641
f 1584/1588 1636/1639 1637/1641 1460/1464
f 1640/1644 1414/1420 1638/1643 1639/1642
f 1639/1642 1638/1643 1549/1553 1641/1645
f 1640/1644 1639/1642 1641/1645 1446/1451
f 1645/1649 1642/1648 1643/1647 1644/1646
f 1644/1646 1643/1647 1578/1583 1575/1580
f 1645/1649 1644/1646 1575/1580 1549/1553
f 1647/1651 1642/1648 1645/1649 1646/1650
f 1646/1650 1645/1649 1549/1553 1638/1643
f 1647/1651 1646/1650 1638/1643 1414/1420
f 1649/1653 1599/1603 1598/1602 1648/1652
f 1648/1652 1598/1602 1435/1441 1440/1444
f 1649/1653 1648/1652 1440/1444 1442/1446
f 1651/1655 1599/1603 1649/1653 1650/1654
f 1650/1654 1649/1653 1442/1446 1652/1656
f 1651/1655 1650/1654 1652/1656 1396/1401
f 1433/1437 1430/1434 1653/1658 1654/1657
f 1654/1657 1653/1658 1332/1336 1655/1659
f 1433/1437 1654/1657 1655/1659 1434/1438
f 1658/1662 1453/1458 1656/1661 1657/1660
f 1657/1660 1656/1661 1659/1664 1660/1663
f 1658/1662 1657/1660 1660/1663 1430/1434
f 1454/1457 1453/1458 1658/1662 1661/1665
f 1661/1665 1658/1662 1430/1434 1429/1432
f 1454/1457 1661/1665 1429/1432 1428/1433
f 1664/1668 1343/1347 1662/1667 1663/1666
f 1663/1666 1662/1667 1565/1570 1562/1567
f 1664/1668 1663/1666 1562/1567 1398/1402
f 1668/1672 1665/1671 1666/1670 1667/1669
f 1667/1669 1666/1670 1367/1372 1364/1368
f 1668/1672 1667/1669 1364/1368 1363/1369
f 1670/1674 1665/1671 1668/1672 1669/1673
f 1669/1673 1668/1672 1363/1369 1671/1675
f 1670/1674 1669/1673 1671/1675 1550/1556
f 1674/1678 1516/1522 1672/1677 1673/1676
f 1673/1676 1672/1677 1488/1493 1485/1489
f 1674/1678 1673/1676 1485/1489 1484/1490
f 1517/1521 1516/1522 1674/1678 1675/1679
f 1675/1679 1674/1678 1484/1490 1676/1680
f 1517/1521 1675/1679 1676/1680 1520/1525
f 1387/1391 1373/1379 1381/1385 1677/1681
f 1677/1681 1381/1385 1383/1387 1678/1682
f 1387/1391 1677/1681 1678/1682 1388/1392
f 1680/1684 1349/1353 1348/1351 1679/1683
f 1679/1683 1348/1351 1347/1352 1681/1685
f 1680/1684 1679/1683 1681/1685 1682/1686
f 1371/1375 1349/1353 1680/1684 1683/1687
f 1683/1687 1680/1684 1682/1686 1684/1688
f 1371/1375 1683/1687 1684/1688 1372/1376
f 1468/1472 1467/1473 1685/1690 1686/1689
f 1686/1689 1685/1690 1356/1362 1359/1363
f 1468/1472 1686/1689 1359/1363 1362/1366
f 1351/1355 1350/1356 1687/1692 1688/1691
f 1688/1691 1687/1692 1483/1487 1482/1486
f 1351/1355 1688/1691 1482/1486 1354/1359
f 1691/1695 1465/1470 1689/1694 1690/1693
f 1690/1693 1689/1694 1692/1697 1693/1696
f 1691/1695 1690/1693 1693/1696 1349/1353
f 1466/1469 1465/1470 1691/1695 1694/1698
f 1694/1698 1691/1695 1349/1353 1368/1371
f 1466/1469 1694/1698 1368/1371 1367/1372
f 1696/1700 1578/1583 1643/1647 1695/1699
f 1695/1699 1643/1647 1642/1648 1697/1701
f 1696/1700 1695/1699 1697/1701 1698/1702
f 1700/1704 1578/1583 1696/1700 1699/1703
f 1699/1703 1696/1700 1698/1702 1701/1705
f 1700/1704 1699/1703 1701/1705 1424/1430
f 1703/1707 1458/1463 1455/1460 1702/1706
f 1702/1706 1455/1460 1304/1310 1307/1311
f 1703/1707 1702/1706 1307/1311 1310/1314
f 1705/1709 1328/1332 1327/1331 1704/1708
f 1704/1708 1327/1331 1324/1328 1706/1710
f 1705/1709 1704/1708 1706/1710 1296/1300
f 1405/1410 1328/1332 1705/1709 1707/1711
f 1707/1711 1705/1709 1296/1300 1295/1299
f 1405/1410 1707/1711 1295/1299 1292/1296
f 1656/1661 1453/1458 1708/1713 1709/1712
f 1709/1712 1708/1713 1460/1464 1710/1714
f 1656/1661 1709/1712 1710/1714 1659/1664
f 1713/1717 1303/1307 1711/1716 1712/1715
f 1712/1715 1711/1716 1388/1392 1678/1682
f 1713/1717 1712/1715 1678/1682 1383/1387
f 1344/1349 1303/1307 1713/1717 1714/1718
f 1714/1718 1713/1717 1383/1387 1571/1576
f 1344/1349 1714/1718 1571/1576 1347/1352
f 1717/1721 1583/1589 1715/1720 1716/1719
f 1716/1719 1715/1720 1297/1303 1718/1722
f 1717/1721 1716/1719 1718/1722 1692/1697
f 1720/1724 1583/1589 1717/1721 1719/1723
f 1719/1723 1717/1721 1692/1697 1689/1694
f 1720/1724 1719/1723 1689/1694 1465/1470
f 1722/1726 1278/1284 1281/1285 1721/1725
f 1721/1725 1281/1285 1138/1143 1723/1727
f 1722/1726 1721/1725 1723/1727 1089/1095
f 1726/1730 1184/1189 1724/1729 1725/1728
f 1725/1728 1724/1729 1278/1284 1722/1726
f 1726/1730 1725/1728 1722/1726 1089/1095
f 1729/1733 1238/1243 1727/1732 1728/1731
f 1728/1731 1727/1732 1263/1269 1730/1734
f 1729/1733 1728/1731 1730/1734 1731/1735
f 1239/1242 1238/1243 1729/1733 1732/1736
f 1732/1736 1729/1733 1731/1735 1733/1737
f 1239/1242 1732/1736 1733/1737 1240/1244
f 1737/1741 1734/1740 1735/1739 1736/1738
f 1736/1738 1735/1739 1071/1076 1260/1263
f 1737/1741 1736/1738 1260/1263 1259/1264
f 1739/1743 1084/1088 1205/1209 1738/1742
f 1738/1742 1205/1209 1204/1210 1252/1256
f 1739/1743 1738/1742 1252/1256 1255/1259
f 1087/1091 1084/1088 1739/1743 1740/1744
f 1740/1744 1739/1743 1255/1259 1741/1745
f 1087/1091 1740/1744 1741/1745 1088/1092
f 1744/1748 1269/1273 1742/1747 1743/1746
f 1743/1746 1742/1747 1253/1258 1745/1749
f 1744/1748 1743/1746 1745/1749 1248/1253
f 1748/1752 1066/1070 1746/1751 1747/1750
f 1747/1750 1746/1751 1169/1175 1749/1753
f 1748/1752 1747/1750 1749/1753 1750/1754
f 1753/1757 1750/1754 1751/1756 1752/1755
f 1752/1755 1751/1756 1230/1236 1754/1758
f 1753/1757 1752/1755 1754/1758 1114/1120
f 1758/1762 1755/1761 1756/1760 1757/1759
f 1757/1759 1756/1760 1229/1233 1759/1763
f 1758/1762 1757/1759 1759/1763 1238/1243
f 1761/1765 1755/1761 1758/1762 1760/1764
f 1760/1764 1758/1762 1238/1243 1235/1239
f 1761/1765 1760/1764 1235/1239 1234/1240
f 1764/1768 1060/1066 1762/1767 1763/1766
f 1763/1766 1762/1767 1765/1770 1766/1769
f 1764/1768 1763/1766 1766/1769 1767/1771
f 1769/1773 1234/1240 1242/1246 1768/1772
f 1768/1772 1242/1246 1244/1248 1770/1774
f 1769/1773 1768/1772 1770/1774 1767/1771
f 1773/1777 1209/1213 1771/1776 1772/1775
f 1772/1775 1771/1776 1210/1216 1262/1266
f 1773/1777 1772/1775 1262/1266 1067/1073
f 1776/1780 1198/1204 1774/1779 1775/1778
f 1775/1778 1774/1779 1777/1782 1778/1781
f 1776/1780 1775/1778 1778/1781 1779/1783
f 1199/1203 1198/1204 1776/1780 1780/1784
f 1780/1784 1776/1780 1779/1783 1781/1785
f 1199/1203 1780/1784 1781/1785 1202/1207
f 1783/1787 1168/1172 1167/1171 1782/1786
f 1782/1786 1167/1171 1164/1168 1784/1788
f 1783/1787 1782/1786 1784/1788 1140/1144
f 1788/1792 1785/1791 1786/1790 1787/1789
f 1787/1789 1786/1790 1789/1794 1790/1793
f 1788/1792 1787/1789 1790/1793 1777/1782
f 1792/1796 1138/1143 1275/1280 1791/1795
f 1791/1795 1275/1280 1197/1201 1793/1797
f 1792/1796 1791/1795 1793/1797 1789/1794
f 1796/1800 1779/1783 1794/1799 1795/1798
f 1795/1798 1794/1799 1789/1794 1793/1797
f 1796/1800 1795/1798 1793/1797 1197/1201
f 1778/1781 1777/1782 1790/1793 1797/1801
f 1797/1801 1790/1793 1789/1794 1794/1799
f 1778/1781 1797/1801 1794/1799 1779/1783
f 1800/1804 1173/1179 1798/1803 1799/1802
f 1799/1802 1798/1803 1096/1102 1104/1108
f 1800/1804 1799/1802 1104/1108 1106/1110
f 1174/1178 1173/1179 1800/1804 1801/1805
f 1801/1805 1800/1804 1106/1110 1802/1806
f 1174/1178 1801/1805 1802/1806 1177/1182
f 1804/1808 1066/1070 1065/1068 1803/1807
f 1803/1807 1065/1068 1064/1069 1805/1809
f 1804/1808 1803/1807 1805/1809 1102/1106
f 1808/1812 1060/1066 1806/1811 1807/1810
f 1807/1810 1806/1811 1809/1814 1810/1813
f 1808/1812 1807/1810 1810/1813 1811/1815
f 1814/1818 1162/1167 1812/1817 1813/1816
f 1813/1816 1812/1817 1765/1770 1815/1819
f 1814/1818 1813/1816 1815/1819 1151/1156
f 1818/1822 1811/1815 1816/1821 1817/1820
f 1817/1820 1816/1821 1141/1147 1819/1823
f 1818/1822 1817/1820 1819/1823 1153/1157
f 1821/1825 1157/1161 1156/1160 1820/1824
f 1820/1824 1156/1160 1153/1157 1822/1826
f 1821/1825 1820/1824 1822/1826 1146/1150
f 1824/1828 1157/1161 1821/1825 1823/1827
f 1823/1827 1821/1825 1146/1150 1825/1829
f 1824/1828 1823/1827 1825/1829 1826/1830
f 1829/1833 1755/1761 1827/1832 1828/1831
f 1828/1831 1827/1832 1830/1835 1831/1834
f 1829/1833 1828/1831 1831/1834 1158/1164
f 1833/1837 1134/1138 1133/1137 1832/1836
f 1832/1836 1133/1137 1130/1134 1834/1838
f 1833/1837 1832/1836 1834/1838 1789/1794
f 1223/1228 1134/1138 1833/1837 1835/1839
f 1835/1839 1833/1837 1789/1794 1836/1840
f 1223/1228 1835/1839 1836/1840 1222/1226
f 1838/1842 1093/1098 1090/1094 1837/1841
f 1837/1841 1090/1094 1089/1095 1839/1843
f 1838/1842 1837/1841 1839/1843 1173/1179
f 1841/1845 1093/1098 1838/1842 1840/1844
f 1840/1844 1838/1842 1173/1179 1842/1846
f 1841/1845 1840/1844 1842/1846 1843/1847
f 1119/1122 1118/1123 1844/1849 1845/1848
f 1845/1848 1844/1849 1113/1117 1112/1115
f 1119/1122 1845/1848 1112/1115 1111/1116
f 1848/1852 1843/1847 1846/1851 1847/1850
f 1847/1850 1846/1851 1179/1183 1849/1853
f 1848/1852 1847/1850 1849/1853 1073/1077
f 1851/1855 1184/1189 1726/1730 1850/1854
f 1850/1854 1726/1730 1089/1095 1092/1096
f 1851/1855 1850/1854 1092/1096 1095/1099
f 1853/1857 1777/1782 1774/1779 1852/1856
f 1852/1856 1774/1779 1198/1204 1854/1858
f 1853/1857 1852/1856 1854/1858 1855/1859
f 1788/1792 1777/1782 1853/1857 1856/1860
f 1856/1860 1853/1857 1855/1859 1857/1861
f 1788/1792 1856/1860 1857/1861 1785/1791
f 1859/1863 1077/1081 1076/1080 1858/1862
f 1858/1862 1076/1080 1073/1077 1849/1853
f 1859/1863 1858/1862 1849/1853 1179/1183
f 1861/1865 1269/1273 1744/1748 1860/1864
f 1860/1864 1744/1748 1248/1253 1862/1866
f 1861/1865 1860/1864 1862/1866 1731/1735
f 1865/1869 1113/1117 1863/1868 1864/1867
f 1864/1867 1863/1868 1230/1236 1233/1237
f 1865/1869 1864/1867 1233/1237 1100/1105
f 1869/1873 1866/1872 1867/1871 1868/1870
f 1868/1870 1867/1871 1059/1063 1058/1062
f 1869/1873 1868/1870 1058/1062 280/284
f 1871/1875 1866/1872 1869/1873 1870/1874
f 1870/1874 1869/1873 280/284 277/280
f 1871/1875 1870/1874 277/280 276/281
f 1874/1878 1043/1048 1872/1877 1873/1876
f 1873/1876 1872/1877 1875/1880 1876/1879
f 1874/1878 1873/1876 1876/1879 269/273
f 1044/1047 1043/1048 1874/1878 1877/1881
f 1877/1881 1874/1878 269/273 266/269
f 1044/1047 1877/1881 266/269 265/270
f 1880/1884 1038/1042 1878/1883 1879/1882
f 1879/1882 1878/1883 1039/1045 1046/1050
f 1880/1884 1879/1882 1046/1050 258/262
f 1882/1886 1038/1042 1880/1884 1881/1885
f 1881/1885 1880/1884 258/262 255/258
f 1882/1886 1881/1885 255/258 254/259
f 1885/1889 988/992 1883/1888 1884/1887
f 1884/1887 1883/1888 1886/1891 1887/1890
f 1885/1889 1884/1887 1887/1890 1014/1018
f 1890/1894 1886/1891 1888/1893 1889/1892
f 1889/1892 1888/1893 1029/1035 1032/1036
f 1890/1894 1889/1892 1032/1036 1028/1032
f 1894/1898 1891/1897 1892/1896 1893/1895
f 1893/1895 1892/1896 1019/1024 1026/1030
f 1894/1898 1893/1895 1026/1030 1028/1032
f 1897/1901 1021/1025 1895/1900 1896/1899
f 1896/1899 1895/1900 1891/1897 1898/1902
f 1897/1901 1896/1899 1898/1902 232/236
f 1900/1904 1021/1025 1897/1901 1899/1903
f 1899/1903 1897/1901 232/236 229/232
f 1900/1904 1899/1903 229/232 228/233
f 1904/1908 1901/1907 1902/1906 1903/1905
f 1903/1905 1902/1906 1019/1024 1016/1020
f 1904/1908 1903/1905 1016/1020 1015/1021
f 1908/1912 1905/1911 1906/1910 1907/1909
f 1907/1909 1906/1910 1001/1006 1909/1913
f 1908/1912 1907/1909 1909/1913 975/979
f 1911/1915 1905/1911 1908/1912 1910/1914
f 1910/1914 1908/1912 975/979 1912/1916
f 1911/1915 1910/1914 1912/1916 1008/1013
f 1914/1918 994/998 1000/1004 1913/1917
f 1913/1917 1000/1004 1003/1007 1915/1919
f 1914/1918 1913/1917 1915/1919 932/937
f 1918/1922 973/978 1916/1921 1917/1920
f 1917/1920 1916/1921 978/984 986/990
f 1918/1922 1917/1920 986/990 988/992
f 1920/1924 973/978 1918/1922 1919/1923
f 1919/1923 1918/1922 988/992 1921/1925
f 1920/1924 1919/1923 1921/1925 1010/1014
f 1925/1929 1922/1928 1923/1927 1924/1926
f 1924/1926 1923/1927 978/984 1926/1930
f 1925/1929 1924/1926 1926/1930 1927/1931
f 1930/1934 1927/1931 1928/1933 1929/1932
f 1929/1932 1928/1933 973/978 970/975
f 1930/1934 1929/1932 970/975 965/969
f 1932/1936 1927/1931 1930/1934 1931/1935
f 1931/1935 1930/1934 965/969 1933/1937
f 1932/1936 1931/1935 1933/1937 959/963
f 1936/1940 963/968 1934/1939 1935/1938
f 1935/1938 1934/1939 1937/1942 1938/1941
f 1936/1940 1935/1938 1938/1941 959/963
f 964/967 963/968 1936/1940 1939/1943
f 1939/1943 1936/1940 959/963 1933/1937
f 964/967 1939/1943 1933/1937 965/969
f 1941/1945 928/934 936/940 1940/1944
f 1940/1944 936/940 938/942 1942/1946
f 1941/1945 1940/1944 1942/1946 950/955
f 1944/1948 963/968 960/965 1943/1947
f 1943/1947 960/965 943/948 940/944
f 1944/1948 1943/1947 940/944 939/945
f 1946/1950 963/968 1944/1948 1945/1949
f 1945/1949 1944/1948 939/945 1947/1951
f 1946/1950 1945/1949 1947/1951 1948/1952
f 1952/1956 1949/1955 1950/1954 1951/1953
f 1951/1953 1950/1954 953/959 1953/1957
f 1952/1956 1951/1953 1953/1957 1954/1958
f 1956/1960 1949/1955 1952/1956 1955/1959
f 1955/1959 1952/1956 1954/1958 1957/1961
f 1956/1960 1955/1959 1957/1961 1958/1962
f 1961/1965 921/925 1959/1964 1960/1963
f 1960/1963 1959/1964 1962/1967 1963/1966
f 1961/1970 1960/1969 1963/1968 901/906
f 1965/1972 128/130 131/131 1964/1971
f 1964/1971 131/131 134/134 1966/1973
f 1965/1972 1964/1971 1966/1973 917/922
f 1969/1976 127/127 1967/1975 1968/1974
f 1968/1974 1967/1975 907/910 1970/1977
f 1969/1976 1968/1974 1970/1977 898/902
f 125/125 127/127 1969/1976 1971/1978
f 1971/1978 1969/1976 898/902 1972/1979
f 125/125 1971/1978 1972/1979 109/111
f 1974/1981 898/902 895/898 1973/1980
f 1973/1980 895/898 894/899 1975/1982
f 1974/1981 1973/1980 1975/1982 113/114
f 1972/1979 898/902 1974/1981 1976/1983
f 1976/1983 1974/1981 113/114 110/110
f 1972/1979 1976/1983 110/110 109/111
f 1980/1987 1977/1986 1978/1985 1979/1984
f 1979/1984 1978/1985 850/855 868/870
f 1980/1987 1979/1984 868/870 867/871
f 1983/1990 867/871 1981/1989 1982/1988
f 1982/1988 1981/1989 874/877 1984/1991
f 1983/1990 1982/1988 1984/1991 875/880
f 1986/1993 874/877 1981/1989 1985/1992
f 1985/1992 1981/1989 867/871 864/867
f 1986/1993 1985/1992 864/867 863/868
f 1988/1995 874/877 1986/1993 1987/1994
f 1987/1994 1986/1993 863/868 1989/1996
f 1988/1995 1987/1994 1989/1996 1990/1997
f 1994/2001 1991/2000 1992/1999 1993/1998
f 1993/1998 1992/1999 1995/2003 1996/2002
f 1994/2001 1993/1998 1996/2002 1997/2004
f 2000/2007 1990/1997 1998/2006 1999/2005
f 1999/2005 1998/2006 1991/2000 2001/2008
f 2000/2007 1999/2005 2001/2008 857/862
f 2003/2010 1991/2000 1994/2001 2002/2009
f 2002/2009 1994/2001 1997/2004 2004/2011
f 2003/2010 2002/2009 2004/2011 840/845
f 2007/2014 857/862 2005/2013 2006/2012
f 2006/2012 2005/2013 840/845 847/850
f 2007/2014 2006/2012 847/850 849/852
f 2009/2016 857/862 2007/2014 2008/2015
f 2008/2015 2007/2014 849/852 2010/2017
f 2009/2016 2008/2015 2010/2017 829/832
f 2014/2021 2011/2020 2012/2019 2013/2018
f 2013/2018 2012/2019 2015/2023 2016/2022
f 2014/2021 2013/2018 2016/2022 813/818
f 835/837 834/838 2017/2025 2018/2024
f 2018/2024 2017/2025 820/825 2019/2026
f 835/837 2018/2024 2019/2026 836/839
f 2022/2029 820/825 2020/2028 2021/2027
f 2021/2027 2020/2028 849/852 2023/2030
f 2022/2029 2021/2027 2023/2030 2011/2020
f 2025/2032 813/818 2016/2022 2024/2031
f 2024/2031 2016/2022 2015/2023 2026/2033
f 2025/2032 2024/2031 2026/2033 2027/2034
f 814/817 813/818 2025/2032 2028/2035
f 2028/2035 2025/2032 2027/2034 2029/2036
f 814/817 2028/2035 2029/2036 817/821
f 2032/2039 806/810 2030/2038 2031/2037
f 2031/2037 2030/2038 856/859 2033/2040
f 2032/2039 2031/2037 2033/2040 2034/2041
f 807/809 806/810 2032/2039 2035/2042
f 2035/2042 2032/2039 2034/2041 2036/2043
f 807/809 2035/2042 2036/2043 808/811
f 2038/2045 796/800 793/796 2037/2044
f 2037/2044 793/796 792/797 2039/2046
f 2038/2045 2037/2044 2039/2046 21/21
f 2041/2048 791/794 790/793 2040/2047
f 2040/2047 790/793 787/790 2042/2049
f 2041/2048 2040/2047 2042/2049 2043/2050
f 2045/2052 791/794 2041/2048 2044/2051
f 2044/2051 2041/2048 2043/2050 2046/2053
f 2045/2052 2044/2051 2046/2053 2047/2054
f 2051/2058 2048/2057 2049/2056 2050/2055
f 2050/2055 2049/2056 1/3 2052/2059
f 2051/2058 2050/2055 2052/2059 779/783
f 2056/2063 2053/2062 2054/2061 2055/2060
f 2055/2060 2054/2061 2057/2065 2058/2064
f 2056/2063 2055/2060 2058/2064 627/631
f 2060/2067 2053/2062 2056/2063 2059/2066
f 2059/2066 2056/2063 627/631 2061/2068
f 2060/2067 2059/2066 2061/2068 771/776
f 2063/2070 764/768 761/765 2062/2069
f 2062/2069 761/765 527/531 524/527
f 2063/2070 2062/2069 524/527 523/528
f 2067/2074 2064/2073 2065/2072 2066/2071
f 2066/2071 2065/2072 755/760 2068/2075
f 2067/2074 2066/2071 2068/2075 2069/2076
f 2073/2080 2070/2079 2071/2078 2072/2077
f 2072/2077 2071/2078 629/632 756/759
f 2073/2080 2072/2077 756/759 755/760
f 737/740 736/741 2074/2082 2075/2081
f 2075/2081 2074/2082 522/525 2076/2083
f 737/740 2075/2081 2076/2083 740/744
f 2078/2085 736/741 739/742 2077/2084
f 2077/2084 739/742 742/745 2079/2086
f 2078/2085 2077/2084 2079/2086 540/543
f 2083/2090 2080/2089 2081/2088 2082/2087
f 2082/2087 2081/2088 660/663 2084/2091
f 2083/2090 2082/2087 2084/2091 732/736
f 2086/2093 2080/2089 2083/2090 2085/2092
f 2085/2092 2083/2090 732/736 729/733
f 2086/2093 2085/2092 729/733 596/600
f 2089/2096 722/726 2087/2095 2088/2094
f 2088/2094 2087/2095 2090/2098 2091/2097
f 2089/2096 2088/2094 2091/2097 2092/2099
f 2095/2102 705/710 2093/2101 2094/2100
f 2094/2100 2093/2101 717/720 716/718
f 2095/2102 2094/2100 716/718 715/719
f 2099/2106 2096/2105 2097/2104 2098/2103
f 2098/2103 2097/2104 711/714 2100/2107
f 2099/2106 2098/2103 2100/2107 2101/2108
f 2103/2110 2096/2105 2099/2106 2102/2109
f 2102/2109 2099/2106 2101/2108 2104/2111
f 2103/2110 2102/2109 2104/2111 2105/2112
f 2108/2115 614/619 2106/2114 2107/2113
f 2107/2113 2106/2114 693/697 690/693
f 2108/2115 2107/2113 690/693 689/694
f 700/704 614/619 2108/2115 2109/2116
f 2109/2116 2108/2115 689/694 2110/2117
f 700/704 2109/2116 2110/2117 703/707
f 2113/2120 2092/2099 2111/2119 2112/2118
f 2112/2118 2111/2119 689/694 2114/2121
f 2113/2120 2112/2118 2114/2121 724/727
f 2117/2124 728/731 2115/2123 2116/2122
f 2116/2122 2115/2123 688/691 687/690
f 2117/2124 2116/2122 687/690 592/597
f 2121/2128 2118/2127 2119/2126 2120/2125
f 2120/2125 2119/2126 512/517 520/523
f 2121/2128 2120/2125 520/523 522/525
f 2123/2130 633/637 770/773 2122/2129
f 2122/2129 770/773 678/683 2124/2131
f 2123/2130 2122/2129 2124/2131 2118/2127
f 2126/2133 633/637 2123/2130 2125/2132
f 2125/2132 2123/2130 2118/2127 2127/2134
f 2126/2133 2125/2132 2127/2134 677/680
f 2130/2137 743/748 2128/2136 2129/2135
f 2129/2135 2128/2136 2064/2073 2131/2138
f 2130/2137 2129/2135 2131/2138 569/572
f 744/747 743/748 2130/2137 2132/2139
f 2132/2139 2130/2137 569/572 568/571
f 744/747 2132/2139 568/571 565/568
f 2135/2142 618/623 2133/2141 2134/2140
f 2134/2140 2133/2141 650/655 658/661
f 2135/2142 2134/2140 658/661 660/663
f 2137/2144 618/623 2135/2142 2136/2143
f 2136/2143 2135/2142 660/663 2081/2088
f 2137/2144 2136/2143 2081/2088 2080/2089
f 641/644 640/645 2138/2146 2139/2145
f 2139/2145 2138/2146 556/560 2140/2147
f 641/644 2139/2145 2140/2147 644/648
f 2142/2149 646/649 645/647 2141/2148
f 2141/2148 645/647 644/648 2143/2150
f 2142/2149 2141/2148 2143/2150 534/539
f 672/675 646/649 2142/2149 2144/2151
f 2144/2151 2142/2149 534/539 537/540
f 672/675 2144/2151 537/540 540/543
f 2146/2153 629/632 628/630 2145/2152
f 2145/2152 628/630 627/631 632/635
f 2146/2153 2145/2152 632/635 635/638
f 2133/2141 618/623 2147/2155 2148/2154
f 2148/2154 2147/2155 771/776 2149/2156
f 2133/2141 2148/2154 2149/2156 650/655
f 694/696 693/697 2150/2158 2151/2157
f 2151/2157 2150/2158 607/611 2152/2159
f 694/696 2151/2157 2152/2159 695/698
f 2155/2162 591/594 2153/2161 2154/2160
f 2154/2160 2153/2161 2080/2089 2086/2093
f 2155/2162 2154/2160 2086/2093 596/600
f 684/687 591/594 2155/2162 2156/2163
f 2156/2163 2155/2162 596/600 593/596
f 684/687 2156/2163 593/596 592/597
f 2160/2167 2157/2166 2158/2165 2159/2164
f 2159/2164 2158/2165 574/578 571/574
f 2160/2167 2159/2164 571/574 570/575
f 2162/2169 2157/2166 2160/2167 2161/2168
f 2161/2168 2160/2167 570/575 2163/2170
f 2162/2169 2161/2168 2163/2170 2164/2171
f 586/589 585/590 2165/2173 2166/2172
f 2166/2172 2165/2173 695/698 2167/2174
f 586/589 2166/2172 2167/2174 589/593
f 2170/2177 715/719 2168/2176 2169/2175
f 2169/2175 2168/2176 578/583 581/584
f 2170/2177 2169/2175 581/584 584/587
f 2173/2180 533/536 2171/2179 2172/2178
f 2172/2178 2171/2179 516/520 575/577
f 2173/2180 2172/2178 575/577 574/578
f 2176/2183 654/658 2174/2182 2175/2181
f 2175/2181 2174/2182 623/628 2177/2184
f 2176/2183 2175/2181 2177/2184 2178/2185
f 655/657 654/658 2176/2183 2179/2186
f 2179/2186 2176/2183 2178/2185 2180/2187
f 655/657 2179/2186 2180/2187 656/659
f 2182/2189 558/561 557/559 2181/2188
f 2181/2188 557/559 556/560 2183/2190
f 2182/2189 2181/2188 2183/2190 760/763
f 2185/2192 551/554 550/553 2184/2191
f 2184/2191 550/553 547/550 2186/2193
f 2185/2192 2184/2191 2186/2193 667/670
f 2188/2195 551/554 2185/2192 2187/2194
f 2187/2194 2185/2192 667/670 2189/2196
f 2188/2195 2187/2194 2189/2196 2190/2197
f 2193/2200 2178/2185 2191/2199 2192/2198
f 2192/2198 2191/2199 2194/2202 2195/2201
f 2193/2200 2192/2198 2195/2201 661/666
f 535/538 534/539 2196/2204 2197/2203
f 2197/2203 2196/2204 552/557 673/677
f 535/538 2197/2203 673/677 538/542
f 2200/2207 533/536 2198/2206 2199/2205
f 2199/2205 2198/2206 715/719 712/716
f 2200/2207 2199/2205 712/716 518/521
f 2203/2210 709/713 2201/2209 2202/2208
f 2202/2208 2201/2209 715/719 2170/2177
f 2203/2210 2202/2208 2170/2177 584/587
f 698/701 695/698 2165/2173 2204/2211
f 2204/2211 2165/2173 585/590 2205/2212
f 698/701 2204/2211 2205/2212 699/702
f 2209/2216 2206/2215 2207/2214 2208/2213
f 2208/2213 2207/2214 497/500 496/499
f 2209/2216 2208/2213 496/499 294/299
f 2211/2218 501/504 500/503 2210/2217
f 2210/2217 500/503 497/500 2212/2219
f 2211/2218 2210/2217 2212/2219 2213/2220
f 2215/2222 501/504 2211/2218 2214/2221
f 2214/2221 2211/2218 2213/2220 2216/2223
f 2215/2222 2214/2221 2216/2223 458/462
f 2220/2227 2217/2226 2218/2225 2219/2224
f 2219/2224 2218/2225 493/496 2221/2228
f 2220/2227 2219/2224 2221/2228 404/409
f 483/485 482/486 2222/2230 2223/2229
f 2223/2229 2222/2230 2224/2232 2225/2231
f 483/485 2223/2229 2225/2231 484/487
f 2228/2235 401/405 2226/2234 2227/2233
f 2227/2233 2226/2234 298/302 475/478
f 2228/2235 2227/2233 475/478 474/479
f 2231/2238 452/456 2229/2237 2230/2236
f 2230/2236 2229/2237 474/479 499/502
f 2231/2238 2230/2236 499/502 501/504
f 2233/2240 452/456 2231/2238 2232/2239
f 2232/2239 2231/2238 501/504 2234/2241
f 2233/2240 2232/2239 2234/2241 2235/2242
f 2238/2245 293/296 2236/2244 2237/2243
f 2237/2243 2236/2244 472/476 469/473
f 2238/2245 2237/2243 469/473 468/471
f 2240/2247 458/462 2216/2223 2239/2246
f 2239/2246 2216/2223 2213/2220 2241/2248
f 2240/2247 2239/2246 2241/2248 345/350
f 2241/2248 2213/2220 2242/2250 2243/2249
f 2243/2249 2242/2250 2244/2252 2245/2251
f 2241/2248 2243/2249 2245/2251 345/350
f 2245/2251 2244/2252 2246/2254 2247/2253
f 2247/2253 2246/2254 312/316 2248/2255
f 2245/2251 2247/2253 2248/2255 345/350
f 2250/2257 432/436 447/450 2249/2256
f 2249/2256 447/450 441/444 440/442
f 2250/2257 2249/2256 440/442 439/443
f 2252/2259 441/444 448/451 2251/2258
f 2251/2258 448/451 445/448 487/490
f 2252/2259 2251/2258 487/490 484/487
f 2256/2263 2253/2262 2254/2261 2255/2260
f 2255/2260 2254/2261 428/433 431/434
f 2256/2263 2255/2260 431/434 434/437
f 2260/2267 2257/2266 2258/2265 2259/2264
f 2259/2264 2258/2265 432/436 2261/2268
f 2260/2267 2259/2264 2261/2268 2262/2269
f 2264/2271 2257/2266 2260/2267 2263/2270
f 2263/2270 2260/2267 2262/2269 2265/2272
f 2264/2271 2263/2270 2265/2272 2266/2273
f 2268/2275 404/409 2221/2228 2267/2274
f 2267/2274 2221/2228 493/496 2269/2276
f 2268/2275 2267/2274 2269/2276 319/324
f 2271/2278 404/409 2268/2275 2270/2277
f 2270/2277 2268/2275 319/324 322/325
f 2271/2278 2270/2277 322/325 325/328
f 328/331 301/306 2272/2280 2273/2279
f 2273/2279 2272/2280 339/343 336/340
f 328/331 2273/2279 336/340 329/332
f 2276/2283 454/457 2274/2282 2275/2281
f 2275/2281 2274/2282 2277/2285 2278/2284
f 2276/2283 2275/2281 2278/2284 389/392
f 2280/2287 454/457 2276/2283 2279/2286
f 2279/2286 2276/2283 389/392 2281/2288
f 2280/2287 2279/2286 2281/2288 390/395
f 2284/2291 362/365 2282/2290 2283/2289
f 2283/2289 2282/2290 389/392 2278/2284
f 2284/2291 2283/2289 2278/2284 2277/2285
f 2287/2294 367/371 2285/2293 2286/2292
f 2286/2292 2285/2293 462/467 2288/2295
f 2287/2294 2286/2292 2288/2295 2289/2296
f 2292/2299 454/457 2290/2298 2291/2297
f 2291/2297 2290/2298 2235/2242 2293/2300
f 2292/2299 2291/2297 2293/2300 356/361
f 2295/2302 509/513 506/510 2294/2301
f 2294/2301 506/510 323/327 2296/2303
f 2295/2302 2294/2301 2296/2303 287/292
f 2298/2305 355/358 354/357 2297/2304
f 2297/2304 354/357 351/354 427/429
f 2298/2305 2297/2304 427/429 426/430
f 461/464 355/358 2298/2305 2299/2306
f 2299/2306 2298/2305 426/430 2300/2307
f 461/464 2299/2306 2300/2307 360/364
f 2302/2309 291/295 288/291 2301/2308
f 2301/2308 288/291 287/292 2296/2303
f 2302/2309 2301/2308 2296/2303 323/327
f 2304/2311 462/467 2285/2293 2303/2310
f 2303/2310 2285/2293 367/371 2305/2312
f 2304/2311 2303/2310 2305/2312 330/335
f 2307/2314 287/292 331/334 2306/2313
f 2306/2313 331/334 330/335 2308/2315
f 2307/2314 2306/2313 2308/2315 2309/2316
f 2313/2320 2310/2319 2311/2318 2312/2317
f 2312/2317 2311/2318 397/402 2314/2321
f 2313/2320 2312/2317 2314/2321 293/296
f 2316/2323 2310/2319 2313/2320 2315/2322
f 2315/2322 2313/2320 293/296 292/294
f 2316/2323 2315/2322 292/294 291/295
f 320/323 319/324 2317/2325 2318/2324
f 2318/2324 2317/2325 344/347 343/346
f 320/323 2318/2324 343/346 323/327
f 2320/2327 478/483 486/489 2319/2326
f 2319/2326 486/489 445/448 444/447
f 2320/2327 2319/2326 444/447 428/433
f 2322/2329 478/483 2320/2327 2321/2328
f 2321/2328 2320/2327 428/433 2254/2261
f 2322/2329 2321/2328 2254/2261 2253/2262
f 2325/2332 488/493 2323/2331 2324/2330
f 2324/2330 2323/2331 435/440 2326/2333
f 2325/2332 2324/2330 2326/2333 307/310
f 2328/2335 414/417 413/416 2327/2334
f 2327/2334 413/416 410/413 2329/2336
f 2328/2335 2327/2334 2329/2336 2266/2273
f 2331/2338 414/417 2328/2335 2330/2337
f 2330/2337 2328/2335 2266/2273 2265/2272
f 2331/2338 2330/2337 2265/2272 2262/2269
f 2334/2341 422/427 2332/2340 2333/2339
f 2333/2339 2332/2340 362/365 361/363
f 2334/2341 2333/2339 361/363 360/364
f 423/426 422/427 2334/2341 2335/2342
f 2335/2342 2334/2341 360/364 2300/2307
f 423/426 2335/2342 2300/2307 426/430
f 2339/2346 2336/2345 2337/2344 2338/2343
f 2338/2343 2337/2344 276/281 284/287
f 2339/2346 2338/2343 284/287 286/289
f 2341/2348 2336/2345 2339/2346 2340/2347
f 2340/2347 2339/2346 286/289 2342/2349
f 2341/2348 2340/2347 2342/2349 2343/2350
f 270/272 269/273 1053/1056 2344/2351
f 2344/2351 1053/1056 1052/1057 2345/2352
f 270/272 2344/2351 2345/2352 271/274
f 2349/2356 2346/2355 2347/2354 2348/2353
f 2348/2353 2347/2354 260/263 2350/2357
f 2349/2356 2348/2353 2350/2357 2351/2358
f 2354/2361 264/267 2352/2360 2353/2359
f 2353/2359 2352/2360 2346/2355 2355/2362
f 2354/2361 2353/2359 2355/2362 242/246
f 2357/2364 199/203 253/256 2356/2363
f 2356/2363 253/256 250/253 2358/2365
f 2357/2364 2356/2363 2358/2365 2359/2366
f 2362/2369 232/236 2360/2368 2361/2367
f 2361/2367 2360/2368 254/259 262/265
f 2362/2369 2361/2367 262/265 264/267
f 233/235 232/236 2362/2369 2363/2370
f 2363/2370 2362/2369 264/267 2364/2371
f 233/235 2363/2370 2364/2371 234/237
f 2367/2374 238/241 2365/2373 2366/2372
f 2366/2372 2365/2373 221/226 2368/2375
f 2367/2374 2366/2372 2368/2375 2369/2376
f 2371/2378 210/215 218/221 2370/2377
f 2370/2377 218/221 220/223 2372/2379
f 2371/2378 2370/2377 2372/2379 2373/2380
f 2377/2384 2374/2383 2375/2382 2376/2381
f 2376/2381 2375/2382 216/219 2378/2385
f 2377/2384 2376/2381 2378/2385 204/209
f 2380/2387 195/200 202/205 2379/2386
f 2379/2386 202/205 184/187 2381/2388
f 2380/2387 2379/2386 2381/2388 214/218
f 2383/2390 195/200 2380/2387 2382/2389
f 2382/2389 2380/2387 214/218 211/214
f 2383/2390 2382/2389 211/214 210/215
f 2385/2392 175/179 186/189 2384/2391
f 2384/2391 186/189 188/191 2386/2393
f 2385/2392 2384/2391 2386/2393 2387/2394
f 2391/2398 2388/2397 2389/2396 2390/2395
f 2390/2395 2389/2396 214/218 2381/2388
f 2391/2398 2390/2395 2381/2388 184/187
f 2393/2400 2388/2397 2391/2398 2392/2399
f 2392/2399 2391/2398 184/187 183/186
f 2393/2400 2392/2399 183/186 171/176
f 2395/2402 2388/2397 2393/2400 2394/2401
f 2394/2401 2393/2400 171/176 179/182
f 2395/2402 2394/2401 179/182 163/166
f 2397/2404 2388/2397 2395/2402 2396/2403
f 2396/2403 2395/2402 163/166 162/165
f 2397/2404 2396/2403 162/165 159/162
f 176/178 175/179 2398/2406 2399/2405
f 2399/2405 2398/2406 148/151 2400/2407
f 176/178 2399/2405 2400/2407 177/180
f 2404/2411 2401/2410 2402/2409 2403/2408
f 2403/2408 2402/2409 164/169 2405/2412
f 2404/2411 2403/2408 2405/2412 2406/2413
f 2408/2415 2401/2410 2404/2411 2407/2414
f 2407/2414 2404/2411 2406/2413 2409/2416
f 2408/2415 2407/2414 2409/2416 159/162
f 2412/2419 934/938 2410/2418 2411/2417
f 2411/2417 2410/2418 209/212 208/211
f 2412/2419 2411/2417 208/211 168/172
f 151/154 148/151 2413/2421 2414/2420
f 2414/2420 2413/2421 2415/2423 2416/2422
f 151/154 2414/2420 2416/2422 152/155
f 2420/2427 2417/2426 2418/2425 2419/2424
f 2419/2424 2418/2425 26/27 2421/2428
f 2420/2427 2419/2424 2421/2428 141/143
f 2425/2432 2422/2431 2423/2430 2424/2429
f 2424/2429 2423/2430 141/143 2426/2433
f 2425/2432 2424/2429 2426/2433 132/133
f 2428/2435 22/24 912/916 2427/2434
f 2427/2434 912/916 134/134 133/132
f 2428/2435 2427/2434 133/132 132/133
f 2431/2438 119/119 2429/2437 2430/2436
f 2430/2436 2429/2437 2432/2440 2433/2439
f 2431/2438 2430/2436 2433/2439 2434/2441
f 122/122 119/119 2431/2438 2435/2442
f 2435/2442 2431/2438 2434/2441 2436/2443
f 122/122 2435/2442 2436/2443 123/123
f 2439/2446 113/114 2437/2445 2438/2444
f 2438/2444 2437/2445 881/884 2440/2447
f 2439/2446 2438/2444 2440/2447 2441/2448
f 114/113 113/114 2439/2446 2442/2449
f 2442/2449 2439/2446 2441/2448 2443/2450
f 114/113 2442/2449 2443/2450 115/115
f 2446/2453 2441/2448 2444/2452 2445/2451
f 2445/2451 2444/2452 2447/2455 2448/2454
f 2446/2453 2445/2451 2448/2454 2449/2456
f 2451/2458 2441/2448 2440/2447 2450/2457
f 2450/2457 2440/2447 881/884 880/882
f 2451/2458 2450/2457 880/882 879/883
f 2453/2460 2441/2448 2451/2458 2452/2459
f 2452/2459 2451/2458 879/883 2454/2461
f 2453/2460 2452/2459 2454/2461 99/101
f 2457/2464 862/865 2455/2463 2456/2462
f 2456/2462 2455/2463 85/85 96/96
f 2457/2464 2456/2462 96/96 98/98
f 2460/2467 83/84 2458/2466 2459/2465
f 2459/2465 2458/2466 90/90 2461/2468
f 2460/2467 2459/2465 2461/2468 108/108
f 2464/2471 44/46 2462/2470 2463/2469
f 2463/2469 2462/2470 85/85 2455/2463
f 2464/2471 2463/2469 2455/2463 862/865
f 2468/2475 2465/2474 2466/2473 2467/2472
f 2467/2472 2466/2473 108/108 2461/2468
f 2468/2475 2467/2472 2461/2468 90/90
f 2471/2478 59/60 2469/2477 2470/2476
f 2470/2476 2469/2477 43/43 42/42
f 2471/2478 2470/2476 42/42 39/39
f 71/71 59/60 2471/2478 2472/2479
f 2472/2479 2471/2478 39/39 2473/2480
f 71/71 2472/2479 2473/2480 72/72
f 2475/2482 67/67 66/65 2474/2481
f 2474/2481 66/65 65/66 2476/2483
f 2475/2482 2474/2481 2476/2483 834/838
f 2478/2485 67/67 2475/2482 2477/2484
f 2477/2484 2475/2482 834/838 831/834
f 2478/2485 2477/2484 831/834 830/835
f 2480/2487 54/54 53/53 2479/2486
f 2479/2486 53/53 50/50 825/827
f 2480/2487 2479/2486 825/827 824/828
f 2482/2489 54/54 2480/2487 2481/2488
f 2481/2488 2480/2487 824/828 2483/2490
f 2482/2489 2481/2488 2483/2490 61/61
f 2487/2494 2484/2493 2485/2492 2486/2491
f 2486/2491 2485/2492 33/35 41/41
f 2487/2494 2486/2491 41/41 43/43
f 2489/2496 2484/2493 2487/2494 2488/2495
f 2488/2495 2487/2494 43/43 2490/2497
f 2489/2496 2488/2495 2490/2497 2491/2498
f 2495/2502 2492/2501 2493/2500 2494/2499
f 2494/2499 2493/2500 2496/2504 2497/2503
f 2495/2502 2494/2499 2497/2503 2498/2505
f 2500/2507 2492/2501 2495/2502 2499/2506
f 2499/2506 2495/2502 2498/2505 2501/2508
f 2500/2507 2499/2506 2501/2508 2465/2474
f 2504/2511 2047/2054 2502/2510 2503/2509
f 2503/2509 2502/2510 21/21 20/19
f 2504/2511 2503/2509 20/19 19/20
f 2506/2513 2047/2054 2504/2511 2505/2512
f 2505/2512 2504/2511 19/20 2507/2514
f 2506/2513 2505/2512 2507/2514 2508/2515
f 2510/2517 5/6 2/2 2509/2516
f 2509/2516 2/2 1/3 2511/2518
f 2510/2517 2509/2516 2511/2518 8/10
f 2513/2520 781/784 780/782 2512/2519
f 2512/2519 780/782 779/783 2514/2521
f 2513/2520 2512/2519 2514/2521 2515/2522
f 2514/2521 779/783 2516/2524 2517/2523
f 2517/2523 2516/2524 7/7 2518/2525
f 2514/2521 2517/2523 2518/2525 2515/2522
f 2521/2528 791/794 2519/2527 2520/2526
f 2520/2526 2519/2527 2522/2530 2523/2529
f 2521/2528 2520/2526 2523/2529 14/14
f 789/792 791/794 2521/2528 2524/2531
f 2524/2531 2521/2528 14/14 13/12
f 789/792 2524/2531 13/12 12/13
f 2526/2533 32/32 31/31 2525/2532
f 2525/2532 31/31 28/28 2527/2534
f 2526/2533 2525/2532 2527/2534 15/17
f 800/803 32/32 2526/2533 2528/2535
f 2528/2535 2526/2533 15/17 2529/2536
f 800/803 2528/2535 2529/2536 792/797
f 2532/2539 37/38 2530/2538 2531/2537
f 2531/2537 2530/2538 2533/2541 2534/2540
f 2532/2539 2531/2537 2534/2540 2535/2542
f 38/37 37/38 2532/2539 2536/2543
f 2536/2543 2532/2539 2535/2542 2537/2544
f 38/37 2536/2543 2537/2544 39/39
f 2540/2547 819/822 2538/2546 2539/2545
f 2539/2545 2538/2546 2541/2549 2542/2548
f 2540/2547 2539/2545 2542/2548 67/67
f 2544/2551 819/822 2540/2547 2543/2550
f 2543/2550 2540/2547 67/67 2478/2485
f 2544/2551 2543/2550 2478/2485 830/835
f 2546/2553 65/66 62/63 2545/2552
f 2545/2552 62/63 55/57 58/58
f 2546/2553 2545/2552 58/58 61/61
f 2548/2555 2491/2498 2490/2497 2547/2554
f 2547/2554 2490/2497 43/43 2469/2477
f 2548/2555 2547/2554 2469/2477 59/60
f 2550/2557 2491/2498 2548/2555 2549/2556
f 2549/2556 2548/2555 59/60 56/56
f 2550/2557 2549/2556 56/56 55/57
f 2552/2559 39/39 2537/2544 2551/2558
f 2551/2558 2537/2544 2535/2542 2553/2560
f 2552/2559 2551/2558 2553/2560 77/78
f 2473/2480 39/39 2552/2559 2554/2561
f 2554/2561 2552/2559 77/78 75/76
f 2473/2480 2554/2561 75/76 72/72
f 2466/2473 2465/2474 2501/2508 2555/2562
f 2555/2562 2501/2508 2498/2505 2556/2563
f 2466/2473 2555/2562 2556/2563 108/108
f 2464/2471 862/865 861/864 2557/2564
f 2557/2564 861/864 48/49 45/45
f 2464/2471 2557/2564 45/45 44/46
f 2460/2467 108/108 107/107 2558/2565
f 2558/2565 107/107 94/94 93/93
f 2460/2467 2558/2565 93/93 83/84
f 2457/2464 98/98 2559/2567 2560/2566
f 2560/2566 2559/2567 872/876 869/873
f 2457/2464 2560/2566 869/873 862/865
f 102/102 94/94 2561/2569 2562/2568
f 2562/2568 2561/2569 2447/2455 2563/2570
f 102/102 2562/2568 2563/2570 99/101
f 2444/2452 2441/2448 2453/2460 2564/2571
f 2564/2571 2453/2460 99/101 2563/2570
f 2444/2452 2564/2571 2563/2570 2447/2455
f 2566/2573 2432/2440 2429/2437 2565/2572
f 2565/2572 2429/2437 119/119 118/118
f 2566/2573 2565/2572 118/118 115/115
f 2569/2577 2422/2576 2567/2575 2568/2574
f 2568/2574 2567/2575 123/123 2436/2443
f 2569/2577 2568/2574 2436/2443 2434/2441
f 2571/2579 2422/2576 2569/2577 2570/2578
f 2570/2578 2569/2577 2434/2441 2572/2580
f 2571/2579 2570/2578 2572/2580 135/137
f 2428/2435 132/133 2573/2582 2574/2581
f 2574/2581 2573/2582 26/27 23/23
f 2428/2435 2574/2581 23/23 22/24
f 2423/2584 2422/2576 2571/2579 2575/2583
f 2575/2583 2571/2579 135/137 138/138
f 2423/2430 2575/2585 138/144 141/143
f 2420/2427 141/143 140/139 2576/2586
f 2576/2586 140/139 139/140 2577/2587
f 2420/2427 2576/2586 2577/2587 2417/2426
f 2579/2589 938/942 937/941 2578/2588
f 2578/2588 937/941 934/938 2412/2419
f 2579/2589 2578/2588 2412/2419 168/172
f 2582/2592 146/150 2580/2591 2581/2590
f 2581/2590 2580/2591 2583/2594 2584/2593
f 2582/2592 2581/2590 2584/2593 177/180
f 147/149 146/150 2582/2592 2585/2595
f 2585/2595 2582/2592 177/180 2400/2407
f 147/149 2585/2595 2400/2407 148/151
f 2408/2415 159/162 158/160 2586/2596
f 2586/2596 158/160 157/161 2587/2597
f 2408/2415 2586/2596 2587/2597 2401/2410
f 2405/2412 164/169 167/170 2588/2598
f 2588/2598 167/170 170/173 2589/2599
f 2405/2412 2588/2598 2589/2599 2406/2413
f 2398/2406 175/179 2590/2601 2591/2600
f 2591/2600 2590/2601 2415/2423 2413/2421
f 2398/2406 2591/2600 2413/2421 148/151
f 2595/2605 2592/2604 2593/2603 2594/2602
f 2594/2602 2593/2603 2388/2397 2596/2606
f 2595/2605 2594/2602 2596/2606 2406/2413
f 2596/2606 2388/2397 2397/2404 2597/2607
f 2597/2607 2397/2404 159/162 2409/2416
f 2596/2606 2597/2607 2409/2416 2406/2413
f 2385/2392 2387/2394 2598/2609 2599/2608
f 2599/2608 2598/2609 2600/2611 2601/2610
f 2385/2392 2599/2608 2601/2610 175/179
f 200/202 199/203 2357/2364 2602/2612
f 2602/2612 2357/2364 2359/2366 2603/2613
f 200/202 2602/2612 2603/2613 192/196
f 2603/2613 2359/2366 2604/2615 2605/2614
f 2605/2614 2604/2615 194/197 193/195
f 2603/2613 2605/2614 193/195 192/196
f 2607/2617 168/172 205/208 2606/2616
f 2606/2616 205/208 204/209 2608/2618
f 2607/2617 2606/2616 2608/2618 2592/2604
f 169/171 168/172 2607/2617 2609/2619
f 2609/2619 2607/2617 2592/2604 2610/2620
f 169/171 2609/2619 2610/2620 170/173
f 2378/2385 216/219 215/217 2611/2621
f 2611/2621 215/217 214/218 2612/2622
f 2378/2385 2611/2621 2612/2622 204/209
f 2615/2625 244/249 2613/2624 2614/2623
f 2614/2623 2613/2624 195/200 2383/2390
f 2615/2625 2614/2623 2383/2390 210/215
f 2617/2627 244/249 2615/2625 2616/2626
f 2616/2626 2615/2625 210/215 2618/2628
f 2617/2627 2616/2626 2618/2628 225/229
f 2365/2373 238/241 237/240 2619/2629
f 2619/2629 237/240 234/237 241/244
f 2365/2373 2619/2629 241/244 221/226
f 2622/2632 242/246 2620/2631 2621/2630
f 2621/2630 2620/2631 244/249 2617/2627
f 2622/2632 2621/2630 2617/2627 225/229
f 243/245 242/246 2622/2632 2623/2633
f 2623/2633 2622/2632 225/229 222/225
f 243/245 2623/2633 222/225 221/226
f 2625/2635 242/246 2355/2362 2624/2634
f 2624/2634 2355/2362 2346/2355 2626/2636
f 2625/2635 2624/2634 2626/2636 248/252
f 2352/2360 264/267 263/266 2627/2637
f 2627/2637 263/266 260/263 2347/2354
f 2352/2360 2627/2637 2347/2354 2346/2355
f 2629/2639 258/262 1047/1051 2628/2638
f 2628/2638 1047/1051 265/270 273/276
f 2629/2639 2628/2638 273/276 275/278
f 259/261 258/262 2629/2639 2630/2640
f 2630/2640 2629/2639 275/278 2631/2641
f 259/261 2630/2640 2631/2641 260/263
f 2345/2352 1052/1057 2632/2643 2633/2642
f 2633/2642 2632/2643 2634/2645 2635/2644
f 2345/2352 2633/2642 2635/2644 271/274
f 2637/2647 282/285 281/283 2636/2646
f 2636/2646 281/283 280/284 1055/1059
f 2637/2647 2636/2646 1055/1059 1054/1060
f 2639/2649 403/406 402/404 2638/2648
f 2638/2648 402/404 401/405 2640/2650
f 2639/2649 2638/2648 2640/2650 396/399
f 2325/2332 307/310 306/308 2641/2651
f 2641/2651 306/308 305/309 2642/2652
f 2325/2332 2641/2651 2642/2652 488/493
f 2645/2655 2244/2252 2643/2654 2644/2653
f 2644/2653 2643/2654 2253/2262 2646/2656
f 2645/2655 2644/2653 2646/2656 314/317
f 2246/2254 2244/2252 2645/2655 2647/2657
f 2647/2657 2645/2655 314/317 313/315
f 2246/2254 2647/2657 313/315 312/316
f 2650/2660 484/487 2648/2659 2649/2658
f 2649/2658 2648/2659 307/310 2326/2333
f 2650/2660 2649/2658 2326/2333 435/440
f 2652/2662 305/309 327/330 2651/2661
f 2651/2661 327/330 329/332 342/345
f 2652/2662 2651/2661 342/345 344/347
f 2642/2652 305/309 2652/2662 2653/2663
f 2653/2663 2652/2662 344/347 489/492
f 2642/2652 2653/2663 489/492 488/493
f 334/337 287/292 2654/2665 2655/2664
f 2655/2664 2654/2665 466/470 2656/2666
f 334/337 2655/2664 2656/2666 335/338
f 2307/2314 2309/2316 2657/2668 2658/2667
f 2658/2667 2657/2668 2659/2670 2660/2669
f 2307/2314 2658/2667 2660/2669 287/292
f 2304/2311 330/335 333/336 2661/2671
f 2661/2671 333/336 335/338 2662/2672
f 2304/2311 2661/2671 2662/2672 462/467
f 2302/2309 323/327 340/342 2663/2673
f 2663/2673 340/342 339/343 2664/2674
f 2302/2309 2663/2673 2664/2674 291/295
f 2660/2669 2659/2670 2665/2676 2666/2675
f 2666/2675 2665/2676 509/513 2295/2302
f 2660/2669 2666/2675 2295/2302 287/292
f 2274/2282 454/457 2292/2299 2667/2677
f 2667/2677 2292/2299 356/361 2668/2678
f 2274/2282 2667/2677 2668/2678 2277/2285
f 2287/2294 2289/2296 2669/2680 2670/2679
f 2670/2679 2669/2680 369/372 368/370
f 2287/2294 2670/2679 368/370 367/371
f 2672/2682 373/376 372/375 2671/2681
f 2671/2681 372/375 369/372 379/381
f 2672/2682 2671/2681 379/381 378/382
f 2674/2684 373/376 2672/2682 2673/2683
f 2673/2683 2672/2682 378/382 385/387
f 2674/2684 2673/2683 385/387 384/388
f 2677/2687 422/427 2675/2686 2676/2685
f 2676/2685 2675/2686 380/385 2678/2688
f 2677/2687 2676/2685 2678/2688 389/392
f 2332/2340 422/427 2677/2687 2679/2689
f 2679/2689 2677/2687 389/392 2282/2290
f 2332/2340 2679/2689 2282/2290 362/365
f 2236/2244 293/296 2314/2321 2680/2690
f 2680/2690 2314/2321 397/402 2681/2691
f 2236/2244 2680/2690 2681/2691 472/476
f 2272/2280 301/306 2682/2693 2683/2692
f 2683/2692 2682/2693 2684/2695 2685/2694
f 2272/2280 2683/2692 2685/2694 339/343
f 2687/2697 408/412 405/408 2686/2696
f 2686/2696 405/408 404/409 2271/2278
f 2687/2697 2686/2696 2271/2278 325/328
f 2689/2699 408/412 2687/2697 2688/2698
f 2688/2698 2687/2697 325/328 503/506
f 2689/2699 2688/2698 503/506 502/507
f 2646/2656 2253/2262 2256/2263 2690/2700
f 2690/2700 2256/2263 434/437 2691/2701
f 2646/2656 2690/2700 2691/2701 314/317
f 2694/2704 2257/2266 2692/2703 2693/2702
f 2693/2702 2692/2703 418/421 2695/2705
f 2694/2704 2693/2702 2695/2705 434/437
f 2258/2265 2257/2266 2694/2704 2696/2706
f 2696/2706 2694/2704 434/437 433/435
f 2258/2265 2696/2706 433/435 432/436
f 2698/2708 2262/2269 2261/2268 2697/2707
f 2697/2707 2261/2268 432/436 2250/2257
f 2698/2708 2697/2707 2250/2257 439/443
f 449/453 396/399 2640/2650 2699/2709
f 2699/2709 2640/2650 401/405 2700/2710
f 449/453 2699/2709 2700/2710 452/456
f 459/461 458/462 2240/2247 2701/2711
f 2701/2711 2240/2247 345/350 353/356
f 459/461 2701/2711 353/356 355/358
f 2703/2713 293/296 2238/2245 2702/2712
f 2702/2712 2238/2245 468/471 467/469
f 2703/2713 2702/2712 467/469 466/470
f 2706/2716 468/471 2704/2715 2705/2714
f 2705/2714 2704/2715 394/398 2707/2717
f 2706/2716 2705/2714 2707/2717 374/379
f 2709/2719 468/471 2706/2716 2708/2718
f 2708/2718 2706/2716 374/379 2710/2720
f 2709/2719 2708/2718 2710/2720 2289/2296
f 2700/2710 401/405 2228/2235 2711/2721
f 2711/2721 2228/2235 474/479 2229/2237
f 2700/2710 2711/2721 2229/2237 452/456
f 2714/2724 300/303 2712/2723 2713/2722
f 2713/2722 2712/2723 482/486 479/482
f 2714/2724 2713/2722 479/482 478/483
f 2716/2726 300/303 2714/2724 2715/2725
f 2715/2725 2714/2724 478/483 2717/2727
f 2716/2726 2715/2725 2717/2727 2206/2215
f 2719/2729 2217/2226 2220/2227 2718/2728
f 2718/2728 2220/2227 404/409 412/415
f 2719/2729 2718/2728 412/415 414/417
f 2721/2731 435/440 2323/2331 2720/2730
f 2720/2730 2323/2331 488/493 2722/2732
f 2721/2731 2720/2730 2722/2732 2217/2226
f 436/439 435/440 2721/2731 2723/2733
f 2723/2733 2721/2731 2217/2226 2724/2734
f 436/439 2723/2733 2724/2734 439/443
f 2209/2216 294/299 297/300 2725/2735
f 2725/2735 297/300 300/303 2716/2726
f 2209/2216 2725/2735 2716/2726 2206/2215
f 2728/2738 502/507 2726/2737 2727/2736
f 2727/2736 2726/2737 511/514 510/512
f 2728/2738 2727/2736 510/512 509/513
f 2731/2741 509/513 2729/2740 2730/2739
f 2730/2739 2729/2740 2257/2266 2264/2271
f 2731/2741 2730/2739 2264/2271 2266/2273
f 2733/2743 2266/2273 2329/2336 2732/2742
f 2732/2742 2329/2336 410/413 409/411
f 2733/2743 2732/2742 409/411 408/412
f 2689/2699 502/507 2734/2745 2735/2744
f 2735/2744 2734/2745 2266/2273 2733/2743
f 2689/2699 2735/2744 2733/2743 408/412
f 2734/2745 502/507 2728/2738 2736/2746
f 2736/2746 2728/2738 509/513 2731/2741
f 2734/2745 2736/2746 2731/2741 2266/2273
f 2738/2748 545/549 542/545 2737/2747
f 2737/2747 542/545 541/546 2739/2749
f 2738/2748 2737/2747 2739/2749 2740/2750
f 735/738 545/549 2738/2748 2741/2751
f 2741/2751 2738/2748 2740/2750 2742/2752
f 735/738 2741/2751 2742/2752 598/601
f 2171/2179 533/536 2200/2207 2743/2753
f 2743/2753 2200/2207 518/521 517/519
f 2171/2179 2743/2753 517/519 516/520
f 2746/2756 558/561 2744/2755 2745/2754
f 2745/2754 2744/2755 633/637 2126/2133
f 2746/2756 2745/2754 2126/2133 677/680
f 759/762 629/632 2146/2153 2747/2757
f 2747/2757 2146/2153 635/638 2748/2758
f 759/762 2747/2757 2748/2758 760/763
f 2191/2199 2178/2185 2749/2760 2750/2759
f 2750/2759 2749/2760 2070/2079 2751/2761
f 2191/2199 2750/2759 2751/2761 2194/2202
f 2753/2763 656/659 2180/2187 2752/2762
f 2752/2762 2180/2187 2178/2185 2193/2200
f 2753/2763 2752/2762 2193/2200 661/666
f 2755/2765 656/659 2753/2763 2754/2764
f 2754/2764 2753/2763 661/666 2756/2766
f 2755/2765 2754/2764 2756/2766 2757/2767
f 2182/2189 760/763 2748/2758 2758/2768
f 2758/2768 2748/2758 635/638 2759/2769
f 2182/2189 2758/2768 2759/2769 558/561
f 2173/2180 574/578 2760/2771 2761/2770
f 2761/2770 2760/2771 523/528 531/534
f 2173/2180 2761/2770 531/534 533/536
f 2152/2159 607/611 604/607 2762/2772
f 2762/2772 604/607 603/608 2763/2773
f 2152/2159 2762/2772 2763/2773 695/698
f 2765/2775 533/536 532/535 2764/2774
f 2764/2774 532/535 529/532 612/615
f 2765/2775 2764/2774 612/615 578/583
f 2198/2206 533/536 2765/2775 2766/2776
f 2766/2776 2765/2775 578/583 2168/2176
f 2198/2206 2766/2776 2168/2176 715/719
f 2768/2778 598/601 2742/2752 2767/2777
f 2767/2777 2742/2752 2740/2750 2769/2779
f 2768/2778 2767/2777 2769/2779 2770/2780
f 601/604 598/601 2768/2778 2771/2781
f 2771/2781 2768/2778 2770/2780 2772/2782
f 601/604 2771/2781 2772/2782 602/605
f 2775/2785 2157/2166 2773/2784 2774/2783
f 2774/2783 2773/2784 2776/2787 2777/2786
f 2775/2785 2774/2783 2777/2786 523/528
f 2158/2165 2157/2166 2775/2785 2778/2788
f 2778/2788 2775/2785 523/528 2760/2771
f 2158/2165 2778/2788 2760/2771 574/578
f 610/614 529/532 528/530 2779/2789
f 2779/2789 528/530 527/531 2780/2790
f 610/614 2779/2789 2780/2790 609/612
f 2782/2792 2105/2112 2104/2111 2781/2791
f 2781/2791 2104/2111 2101/2108 2783/2793
f 2782/2792 2781/2791 2783/2793 2092/2099
f 2785/2795 2105/2112 2782/2792 2784/2794
f 2784/2794 2782/2792 2092/2099 2091/2097
f 2785/2795 2784/2794 2091/2097 2090/2098
f 2789/2799 2786/2798 2787/2797 2788/2796
f 2788/2796 2787/2797 2164/2171 2163/2170
f 2789/2799 2788/2796 2163/2170 570/575
f 2791/2801 2786/2798 2789/2799 2790/2800
f 2790/2800 2789/2799 570/575 679/682
f 2791/2801 2790/2800 679/682 678/683
f 2793/2803 771/776 2061/2068 2792/2802
f 2792/2802 2061/2068 627/631 624/627
f 2793/2803 2792/2802 624/627 623/628
f 2795/2805 771/776 2793/2803 2794/2804
f 2794/2804 2793/2803 623/628 2174/2182
f 2795/2805 2794/2804 2174/2182 654/658
f 2798/2808 2069/2076 2796/2807 2797/2806
f 2797/2806 2796/2807 640/645 648/651
f 2798/2808 2797/2806 648/651 559/564
f 2800/2810 2069/2076 2798/2808 2799/2809
f 2799/2809 2798/2808 559/564 567/570
f 2800/2810 2799/2809 567/570 569/572
f 2140/2147 556/560 553/556 2801/2811
f 2801/2811 553/556 552/557 2802/2812
f 2140/2147 2801/2811 2802/2812 644/648
f 2805/2815 665/669 2803/2814 2804/2813
f 2804/2813 2803/2814 2806/2817 2807/2816
f 2805/2815 2804/2813 2807/2816 2190/2197
f 666/668 665/669 2805/2815 2808/2818
f 2808/2818 2805/2815 2190/2197 2189/2196
f 666/668 2808/2818 2189/2196 667/670
f 2811/2821 743/748 2809/2820 2810/2819
f 2810/2819 2809/2820 2806/2817 2803/2814
f 2811/2821 2810/2819 2803/2814 665/669
f 2128/2136 743/748 2811/2821 2812/2822
f 2812/2822 2811/2821 665/669 2813/2823
f 2128/2136 2812/2822 2813/2823 2064/2073
f 2816/2826 538/542 2814/2825 2815/2824
f 2815/2824 2814/2825 2118/2127 2121/2128
f 2816/2826 2815/2824 2121/2128 522/525
f 2117/2124 592/597 600/603 2817/2827
f 2817/2827 600/603 602/605 2818/2828
f 2117/2124 2817/2827 2818/2828 728/731
f 2821/2831 688/691 2819/2830 2820/2829
f 2820/2829 2819/2830 724/727 2822/2832
f 2821/2831 2820/2829 2822/2832 699/702
f 686/689 688/691 2821/2831 2823/2833
f 2823/2833 2821/2831 699/702 2205/2212
f 686/689 2823/2833 2205/2212 585/590
f 2114/2121 689/694 697/700 2824/2834
f 2824/2834 697/700 699/702 2822/2832
f 2114/2121 2824/2834 2822/2832 724/727
f 2826/2836 582/586 704/706 2825/2835
f 2825/2835 704/706 703/707 2827/2837
f 2826/2836 2825/2835 2827/2837 2101/2108
f 2829/2839 582/586 2826/2836 2828/2838
f 2828/2838 2826/2836 2101/2108 2100/2107
f 2829/2839 2828/2838 2100/2107 711/714
f 2095/2102 715/719 2201/2209 2830/2840
f 2830/2840 2201/2209 709/713 706/709
f 2095/2102 2830/2840 706/709 705/710
f 2832/2842 2770/2780 2769/2779 2831/2841
f 2831/2841 2769/2779 2740/2750 2833/2843
f 2832/2842 2831/2841 2833/2843 718/723
f 2739/2749 541/546 637/640 2834/2844
f 2834/2844 637/640 636/641 2835/2845
f 2739/2749 2834/2844 2835/2845 2740/2750
f 2838/2848 722/726 2836/2847 2837/2846
f 2837/2846 2836/2847 2740/2750 2835/2845
f 2838/2848 2837/2846 2835/2845 636/641
f 719/722 718/723 2833/2843 2839/2849
f 2839/2849 2833/2843 2740/2750 2836/2847
f 719/722 2839/2849 2836/2847 722/726
f 2089/2096 2092/2099 2113/2120 2840/2850
f 2840/2850 2113/2120 724/727 723/725
f 2089/2096 2840/2850 723/725 722/726
f 2843/2853 732/736 2841/2852 2842/2851
f 2842/2851 2841/2852 2757/2767 2844/2854
f 2843/2853 2842/2851 2844/2854 547/550
f 733/735 732/736 2843/2853 2845/2855
f 2845/2855 2843/2853 547/550 546/548
f 733/735 2845/2855 546/548 545/549
f 2078/2085 540/543 539/541 2846/2856
f 2846/2856 539/541 538/542 2847/2857
f 2078/2085 2846/2856 2847/2857 736/741
f 2074/2082 736/741 2847/2857 2848/2858
f 2848/2858 2847/2857 538/542 2816/2826
f 2074/2082 2848/2858 2816/2826 522/525
f 2067/2074 2069/2076 2800/2810 2849/2859
f 2849/2859 2800/2810 569/572 2131/2138
f 2067/2074 2849/2859 2131/2138 2064/2073
f 2063/2070 523/528 2777/2786 2850/2860
f 2850/2860 2777/2786 2776/2787 2851/2861
f 2063/2070 2850/2860 2851/2861 764/768
f 2853/2863 633/637 630/634 2852/2862
f 2852/2862 630/634 627/631 2058/2064
f 2853/2863 2852/2862 2058/2064 2057/2065
f 769/772 633/637 2853/2863 2854/2864
f 2854/2864 2853/2863 2057/2065 2855/2865
f 769/772 2854/2864 2855/2865 766/771
f 776/779 775/780 2856/2867 2857/2866
f 2857/2866 2856/2867 2048/2057 2051/2058
f 776/779 2857/2866 2051/2058 779/783
f 2859/2869 785/789 782/786 2858/2868
f 2858/2868 782/786 12/13 9/9
f 2859/2869 2858/2868 9/9 8/10
f 2861/2871 796/800 2038/2045 2860/2870
f 2860/2870 2038/2045 21/21 2862/2872
f 2861/2871 2860/2870 2862/2872 2863/2873
f 2865/2875 32/32 801/804 2864/2874
f 2864/2874 801/804 798/801 2866/2876
f 2865/2875 2864/2874 2866/2876 916/919
f 30/30 32/32 2865/2875 2867/2877
f 2867/2877 2865/2875 916/919 915/918
f 30/30 2867/2877 915/918 22/24
f 2869/2879 845/848 844/847 2868/2878
f 2868/2878 844/847 802/807 810/813
f 2869/2879 2868/2878 810/813 812/815
f 2871/2881 845/848 2869/2879 2870/2880
f 2870/2880 2869/2879 812/815 2872/2882
f 2871/2881 2870/2880 2872/2882 2873/2883
f 2875/2885 829/832 828/831 2874/2884
f 2874/2884 828/831 50/50 49/48
f 2875/2885 2874/2884 49/48 48/49
f 2009/2016 829/832 2875/2885 2876/2886
f 2876/2886 2875/2885 48/49 858/861
f 2009/2016 2876/2886 858/861 857/862
f 2020/2028 820/825 827/830 2877/2887
f 2877/2887 827/830 829/832 2010/2017
f 2020/2028 2877/2887 2010/2017 849/852
f 2017/2025 834/838 2878/2889 2879/2888
f 2879/2888 2878/2889 824/828 821/824
f 2017/2025 2879/2888 821/824 820/825
f 2014/2021 813/818 839/842 2880/2890
f 2880/2890 839/842 836/839 2881/2891
f 2014/2021 2880/2890 2881/2891 2011/2020
f 2005/2013 857/862 2001/2008 2882/2892
f 2882/2892 2001/2008 1991/2000 2003/2010
f 2005/2013 2882/2892 2003/2010 840/845
f 2884/2894 1997/2004 1996/2002 2883/2893
f 2883/2893 1996/2002 1995/2003 2885/2895
f 2884/2894 2883/2893 2885/2895 856/859
f 2887/2897 1997/2004 2884/2894 2886/2896
f 2886/2896 2884/2894 856/859 2030/2038
f 2887/2897 2886/2896 2030/2038 806/810
f 1998/2006 1990/1997 1989/1996 2888/2898
f 2888/2898 1989/1996 863/868 2889/2899
f 1998/2006 2888/2898 2889/2899 1991/2000
f 1992/1999 1991/2000 2889/2899 2890/2900
f 2890/2900 2889/2899 863/868 2891/2901
f 1992/1999 2890/2900 2891/2901 1995/2003
f 2893/2903 879/883 876/879 2892/2902
f 2892/2902 876/879 875/880 1984/1991
f 2893/2903 2892/2902 1984/1991 874/877
f 2895/2905 879/883 2893/2903 2894/2904
f 2894/2904 2893/2903 874/877 873/875
f 2895/2905 2894/2904 873/875 872/876
f 1980/1987 867/871 2896/2907 2897/2906
f 2897/2906 2896/2907 890/894 2898/2908
f 1980/1987 2897/2906 2898/2908 1977/1986
f 2900/2910 886/891 893/896 2899/2909
f 2899/2909 893/896 885/888 2901/2911
f 2900/2910 2899/2909 2901/2911 894/899
f 2903/2913 907/910 1967/1975 2902/2912
f 2902/2912 1967/1975 127/127 2904/2914
f 2903/2913 2902/2912 2904/2914 128/2915
f 910/913 907/910 2903/2913 2905/2916
f 2905/2916 2903/2913 128/2915 2906/2917
f 910/913 2905/2916 2906/2917 911/914
f 1965/1972 917/922 920/923 2907/2918
f 2907/2918 920/923 911/926 2906/2919
f 1965/1972 2907/2918 2906/2919 128/130
f 923/928 921/925 918/921 2908/2920
f 2908/2920 918/921 917/922 2909/2921
f 923/928 2908/2920 2909/2921 916/919
f 2912/2924 957/962 2910/2923 2911/2922
f 2911/2922 2910/2923 1949/1955 2913/2925
f 2912/2924 2911/2922 2913/2925 2914/2926
f 2916/2928 1937/1942 1934/1939 2915/2927
f 2915/2927 1934/1939 963/968 1946/1950
f 2916/2928 2915/2927 1946/1950 1948/1952
f 2918/2930 1937/1942 2916/2928 2917/2929
f 2917/2929 2916/2928 1948/1952 2919/2931
f 2918/2930 2917/2929 2919/2931 2920/2932
f 947/951 946/952 996/1000 2921/2933
f 2921/2933 996/1000 928/934 1941/1945
f 947/951 2921/2933 1941/1945 950/955
f 958/961 957/962 2912/2924 2922/2934
f 2922/2934 2912/2924 2914/2926 2923/2935
f 958/961 2922/2934 2923/2935 959/963
f 2926/2938 945/949 2924/2937 2925/2936
f 2925/2936 2924/2937 992/997 989/994
f 2926/2938 2925/2936 989/994 946/952
f 1926/1930 978/984 1916/1921 2927/2939
f 2927/2939 1916/1921 973/978 1928/1933
f 1926/1930 2927/2939 1928/1933 1927/1931
f 1923/1927 1922/1928 2928/2941 2929/2940
f 2929/2940 2928/2941 982/987 979/983
f 1923/1927 2929/2940 979/983 978/984
f 2931/2943 969/973 977/981 2930/2942
f 2930/2942 977/981 975/979 2932/2944
f 2931/2943 2930/2942 2932/2944 994/998
f 2934/2946 969/973 2931/2943 2933/2945
f 2933/2945 2931/2943 994/998 993/996
f 2934/2946 2933/2945 993/996 992/997
f 1914/1918 932/937 929/933 2935/2947
f 2935/2947 929/933 928/934 997/1001
f 1914/1918 2935/2947 997/1001 994/998
f 2939/2951 2936/2950 2937/2949 2938/2948
f 2938/2948 2937/2949 1008/1013 1005/1009
f 2939/2951 2938/2948 1005/1009 1004/1010
f 2941/2953 2936/2950 2939/2951 2940/2952
f 2940/2952 2939/2951 1004/1010 2942/2954
f 2941/2953 2940/2952 2942/2954 1901/1907
f 1902/1906 1901/1907 2942/2954 2943/2955
f 2943/2955 2942/2954 1004/1010 1022/1027
f 1902/1906 2943/2955 1022/1027 1019/1024
f 1894/1898 1028/1032 1036/1040 2944/2956
f 2944/2956 1036/1040 1038/1042 2945/2957
f 1894/1898 2944/2956 2945/2957 1891/1897
f 1887/1890 1886/1891 1890/1894 2946/2958
f 2946/2958 1890/1894 1028/1032 1027/1031
f 1887/1890 2946/2958 1027/1031 1014/1018
f 2948/2960 1029/1035 1888/1893 2947/2959
f 2947/2959 1888/1893 1886/1891 2949/2961
f 2948/2960 2947/2959 2949/2961 984/988
f 1885/1889 1014/1018 1013/1017 2950/2962
f 2950/2962 1013/1017 1010/1014 1921/1925
f 1885/1889 2950/2962 1921/1925 988/992
f 2952/2964 1043/1048 1040/1044 2951/2963
f 2951/2963 1040/1044 1039/1045 2953/2965
f 2952/2964 2951/2963 2953/2965 2954/2966
f 2958/2970 2955/2969 2956/2968 2957/2967
f 2957/2967 2956/2968 2336/2345 2959/2971
f 2958/2970 2957/2967 2959/2971 1052/1057
f 2961/2973 2955/2969 2958/2970 2960/2972
f 2960/2972 2958/2970 1052/1057 1049/1053
f 2961/2973 2960/2972 1049/1053 1048/1054
f 1824/1828 1826/1830 2962/2975 2963/2974
f 2963/2974 2962/2975 1107/1113 2964/2976
f 1824/1828 2963/2974 2964/2976 1157/1161
f 2966/2978 1140/1144 1784/1788 2965/2977
f 2965/2977 1784/1788 1164/1168 2967/2979
f 2966/2978 2965/2977 2967/2979 1107/1113
f 2970/2982 1147/1153 2968/2981 2969/2980
f 2969/2980 2968/2981 1107/1113 2967/2979
f 2970/2982 2969/2980 2967/2979 1164/1168
f 1155/1159 1157/1161 2964/2976 2971/2983
f 2971/2983 2964/2976 1107/1113 2968/2981
f 1155/1159 2971/2983 2968/2981 1147/1153
f 1865/1869 1100/1105 1097/1101 2972/2984
f 2972/2984 1097/1101 1096/1102 1123/1127
f 1865/1869 2972/2984 1123/1127 1113/1117
f 2974/2986 1077/1081 1859/1863 2973/2985
f 2973/2985 1859/1863 1179/1183 2975/2987
f 2974/2986 2973/2985 2975/2987 1253/1258
f 2978/2990 1216/1222 2976/2989 2977/2988
f 2977/2988 2976/2989 1078/1084 1086/1090
f 2978/2990 2977/2988 1086/1090 1088/1092
f 2980/2992 1216/1222 2978/2990 2979/2991
f 2979/2991 2978/2990 1088/1092 2981/2993
f 2980/2992 2979/2991 2981/2993 1267/1272
f 2983/2995 1077/1081 2974/2986 2982/2994
f 2982/2994 2974/2986 1253/1258 1250/1255
f 2983/2995 2982/2994 1250/1255 1204/1210
f 1094/1097 1093/1098 2984/2997 2985/2996
f 2985/2996 2984/2997 1734/1740 2986/2998
f 1094/1097 2985/2996 2986/2998 1095/1099
f 2988/3000 1118/1123 1115/1119 2987/2999
f 2987/2999 1115/1119 1114/1120 1754/1758
f 2988/3000 2987/2999 1754/1758 1230/1236
f 2990/3002 1111/1116 1108/1112 2989/3001
f 2989/3001 1108/1112 1107/1113 2962/2975
f 2990/3002 2989/3001 2962/2975 1826/1830
f 2992/3004 1111/1116 2990/3002 2991/3003
f 2991/3003 2990/3002 1826/1830 1825/1829
f 2992/3004 2991/3003 1825/1829 1146/1150
f 2994/3006 1785/1791 1857/1861 2993/3005
f 2993/3005 1857/1861 1855/1859 2995/3007
f 2994/3006 2993/3005 2995/3007 1222/1226
f 1786/1790 1785/1791 2994/3006 2996/3008
f 2996/3008 2994/3006 1222/1226 1836/1840
f 1786/1790 2996/3008 1836/1840 1789/1794
f 1829/1833 1158/1164 2997/3010 2998/3009
f 2998/3009 2997/3010 1124/1130 2999/3011
f 1829/1833 2998/3009 2999/3011 1755/1761
f 1806/1811 1060/1066 1063/1067 3000/3012
f 3000/3012 1063/1067 1066/1070 3001/3013
f 1806/1811 3000/3012 3001/3013 1809/1814
f 1818/1822 1153/1157 1152/1155 3002/3014
f 3002/3014 1152/1155 1151/1156 3003/3015
f 1818/1822 3002/3014 3003/3015 1811/1815
f 3005/3017 1151/1156 1148/1152 3004/3016
f 3004/3016 1148/1152 1147/1153 2970/2982
f 3005/3017 3004/3016 2970/2982 1164/1168
f 1814/1818 1151/1156 3005/3017 3006/3018
f 3006/3018 3005/3017 1164/1168 1163/1166
f 1814/1818 3006/3018 1163/1166 1162/1167
f 1815/1819 1765/1770 3007/3020 3008/3019
f 3008/3019 3007/3020 1811/1815 3003/3015
f 1815/1819 3008/3019 3003/3015 1151/1156
f 1808/1812 1811/1815 3007/3020 3009/3021
f 3009/3021 3007/3020 1765/1770 1762/1767
f 1808/1812 3009/3021 1762/1767 1060/1066
f 1804/1808 1102/1106 1170/1174 3010/3022
f 3010/3022 1170/1174 1169/1175 1746/1751
f 1804/1808 3010/3022 1746/1751 1066/1070
f 3014/3026 3011/3025 3012/3024 3013/3023
f 3013/3023 3012/3024 1270/1276 1273/1277
f 3014/3026 3013/3023 1273/1277 1190/1194
f 3016/3028 3011/3025 3014/3026 3015/3027
f 3015/3027 3014/3026 1190/1194 1189/1193
f 3016/3028 3015/3027 1189/1193 1186/1190
f 1834/1838 1130/1134 1129/1132 3017/3029
f 3017/3029 1129/1132 1128/1133 3018/3030
f 1834/1838 3017/3029 3018/3030 1789/1794
f 3020/3032 1168/1172 1783/1787 3019/3031
f 3019/3031 1783/1787 1140/1144 3021/3033
f 3020/3032 3019/3031 3021/3033 1128/1133
f 3023/3035 1128/1133 3021/3033 3022/3034
f 3022/3034 3021/3033 1140/1144 1139/1142
f 3023/3035 3022/3034 1139/1142 1138/1143
f 1792/1796 1789/1794 3018/3030 3024/3036
f 3024/3036 3018/3030 1128/1133 3023/3035
f 1792/1796 3024/3036 3023/3035 1138/1143
f 3027/3039 1202/1207 3025/3038 3026/3037
f 3026/3037 3025/3038 1214/1219 3028/3040
f 3027/3039 3026/3037 3028/3040 1082/1087
f 1773/1777 1067/1073 3029/3042 3030/3041
f 3030/3041 3029/3042 1204/1210 1207/1211
f 1773/1777 3030/3041 1207/1211 1209/1213
f 3032/3044 1209/1213 1208/1212 3031/3043
f 3031/3043 1208/1212 1084/1088 1083/1086
f 3032/3044 3031/3043 1083/1086 1082/1087
f 3034/3046 1209/1213 3032/3044 3033/3045
f 3033/3045 3032/3044 1082/1087 3028/3040
f 3034/3046 3033/3045 3028/3040 1214/1219
f 3036/3048 1060/1066 1764/1768 3035/3047
f 3035/3047 1764/1768 1767/1771 1770/1774
f 3036/3048 3035/3047 1770/1774 1244/1248
f 3038/3050 1124/1130 1132/1136 3037/3049
f 3037/3049 1132/1136 1134/1138 1227/1231
f 3038/3050 3037/3049 1227/1231 1229/1233
f 2999/3011 1124/1130 3038/3050 3039/3051
f 3039/3051 3038/3050 1229/1233 1756/1760
f 2999/3011 3039/3051 1756/1760 1755/1761
f 3041/3053 1750/1754 1753/1757 3040/3052
f 3040/3052 1753/1757 1114/1120 1142/1146
f 3041/3053 3040/3052 1142/1146 1141/1147
f 3043/3055 1809/1814 3001/3013 3042/3054
f 3042/3054 3001/3013 1066/1070 1748/1752
f 3043/3055 3042/3054 1748/1752 1750/1754
f 1733/1737 1731/1735 1862/1866 3044/3056
f 3044/3056 1862/1866 1248/1253 1245/1250
f 1733/1737 3044/3056 1245/1250 1240/1244
f 1742/1747 1269/1273 3045/3058 3046/3057
f 3046/3057 3045/3058 1255/1259 1254/1257
f 1742/1747 3046/3057 1254/1257 1253/1258
f 3049/3061 1195/1200 3047/3060 3048/3059
f 3048/3059 3047/3060 3011/3025 3050/3062
f 3049/3061 3048/3059 3050/3062 1259/1264
f 1213/1217 1195/1200 3049/3061 3051/3063
f 3051/3063 3049/3061 1259/1264 1256/1261
f 1213/1217 3051/3063 1256/1261 1210/1216
f 1735/1739 1734/1740 2984/2997 3052/3064
f 3052/3064 2984/2997 1093/1098 3053/3065
f 1735/1739 3052/3064 3053/3065 1071/1076
f 3055/3067 1220/1225 1217/1221 3054/3066
f 3054/3066 1217/1221 1216/1222 2980/2992
f 3055/3067 3054/3066 2980/2992 1267/1272
f 3057/3069 1220/1225 3055/3067 3056/3068
f 3056/3068 3055/3067 1267/1272 1264/1268
f 3057/3069 3056/3068 1264/1268 1263/1269
f 1724/1729 1184/1189 1181/1185 3058/3070
f 3058/3070 1181/1185 1180/1186 1279/1283
f 1724/1729 3058/3070 1279/1283 1278/1284
f 3061/3073 1339/1343 3059/3072 3060/3071
f 3060/3071 3059/3072 1543/1548 1582/1586
f 3061/3073 3060/3071 1582/1586 1317/1321
f 3064/3076 1350/1356 3062/3075 3063/3074
f 3063/3074 3062/3075 1495/1501 1498/1502
f 3064/3076 3063/3074 1498/1502 1501/1505
f 1687/1692 1350/1356 3064/3076 3065/3077
f 3065/3077 3064/3076 1501/1505 1618/1622
f 1687/1692 3065/3077 1618/1622 1483/1487
f 3068/3080 1458/1463 3066/3079 3067/3078
f 3067/3078 3066/3079 1430/1434 1660/1663
f 3068/3080 3067/3078 1660/1663 1659/1664
f 3070/3082 1543/1548 3059/3072 3069/3081
f 3069/3081 3059/3072 1339/1343 1338/1341
f 3070/3082 3069/3081 1338/1341 1337/1342
f 3072/3084 1324/1328 1323/1326 3071/3083
f 3071/3083 1323/1326 1322/1327 1445/1449
f 3072/3084 3071/3083 1445/1449 1448/1452
f 3074/3086 1324/1328 3072/3084 3073/3085
f 3073/3085 3072/3084 1448/1452 3075/3087
f 3074/3086 3073/3085 3075/3087 1530/1535
f 1703/1707 1310/1314 3076/3089 3077/3088
f 3077/3088 3076/3089 1332/1336 3078/3090
f 1703/1707 3077/3088 3078/3090 1458/1463
f 1441/1445 1343/1347 1664/1668 3079/3091
f 3079/3091 1664/1668 1398/1402 3080/3092
f 1441/1445 3079/3091 3080/3092 1442/1446
f 3083/3095 1583/1589 3081/3094 3082/3093
f 3082/3093 3081/3094 1412/1417 1409/1413
f 3083/3095 3082/3093 1409/1413 1408/1414
f 1715/1720 1583/1589 3083/3095 3084/3096
f 3084/3096 3083/3095 1408/1414 3085/3097
f 1715/1720 3084/3096 3085/3097 1297/1303
f 1357/1361 1356/1362 1400/1404 3086/3098
f 3086/3098 1400/1404 1379/1383 3087/3099
f 1357/1361 3086/3098 3087/3099 1360/1365
f 3090/3102 1604/1609 3088/3101 3089/3100
f 3089/3100 3088/3101 1632/1637 1629/1634
f 3090/3102 3089/3100 1629/1634 1478/1482
f 1609/1613 1604/1609 3090/3102 3091/3103
f 3091/3103 3090/3102 1478/1482 3092/3104
f 1609/1613 3091/3103 3092/3104 1606/1612
f 3095/3107 1634/1638 3093/3106 3094/3105
f 3094/3105 3093/3106 1592/1598 1597/1601
f 3095/3107 3094/3105 1597/1601 1599/1603
f 3097/3109 1634/1638 3095/3107 3096/3108
f 3096/3108 3095/3107 1599/1603 3098/3110
f 3097/3109 3096/3108 3098/3110 1467/1473
f 3101/3113 1360/1365 3099/3112 3100/3111
f 3100/3111 3099/3112 1377/1382 3102/3114
f 3101/3113 3100/3111 3102/3114 3103/3115
f 1652/1656 1442/1446 3080/3092 3104/3116
f 3104/3116 3080/3092 1398/1402 1397/1400
f 1652/1656 3104/3116 1397/1400 1396/1401
f 1316/1319 1315/1320 3105/3118 3106/3117
f 3106/3117 3105/3118 1565/1570 3107/3119
f 1316/1319 3106/3117 3107/3119 1317/1321
f 1662/1667 1343/1347 1342/1346 3108/3120
f 3108/3120 1342/1346 1339/1343 3109/3121
f 1662/1667 3108/3120 3109/3121 1565/1570
f 3111/3123 1578/1583 1700/1704 3110/3122
f 3110/3122 1700/1704 1424/1430 1432/1436
f 3111/3123 3110/3122 1432/1436 1434/1438
f 1579/1582 1578/1583 3111/3123 3112/3124
f 3112/3124 3111/3123 1434/1438 3113/3125
f 1579/1582 3112/3124 3113/3125 1538/1543
f 1653/1658 1430/1434 3066/3079 3114/3126
f 3114/3126 3066/3079 1458/1463 3078/3090
f 1653/1658 3114/3126 3078/3090 1332/1336
f 3116/3128 1322/1327 1319/1323 3115/3127
f 3115/3127 1319/1323 1318/1324 1422/1426
f 3116/3128 3115/3127 1422/1426 1418/1423
f 1443/1448 1322/1327 3116/3128 3117/3129
f 3117/3129 3116/3128 1418/1423 3118/3130
f 1443/1448 3117/3129 3118/3130 1446/1451
f 1640/1644 1446/1451 3118/3130 3119/3131
f 3119/3131 3118/3130 1418/1423 1415/1419
f 1640/1644 3119/3131 1415/1419 1414/1420
f 3122/3134 1304/1310 3120/3133 3121/3132
f 3121/3132 3120/3133 1461/1467 3123/3135
f 3122/3134 3121/3132 3123/3135 1665/1671
f 1305/1309 1304/1310 3122/3134 3124/3136
f 3124/3136 3122/3134 1665/1671 3125/3137
f 1305/1309 3124/3136 3125/3137 1308/1313
f 1635/1640 1583/1589 1720/1724 3126/3138
f 3126/3138 1720/1724 1465/1470 1462/1466
f 1635/1640 3126/3138 1462/1466 1461/1467
f 1631/1635 1634/1638 3127/3140 3128/3139
f 3128/3139 3127/3140 1472/1476 1475/1479
f 1631/1635 3128/3139 1475/1479 1478/1482
f 3130/3142 1476/1481 1627/1631 3129/3141
f 3129/3141 1627/1631 1620/1626 1623/1627
f 3130/3142 3129/3141 1623/1627 1488/1493
f 3132/3144 1494/1498 1493/1497 3131/3143
f 3131/3143 1493/1497 1490/1494 3133/3145
f 3132/3144 3131/3143 3133/3145 3103/3115
f 3135/3147 1494/1498 3132/3144 3134/3146
f 3134/3146 3132/3144 3103/3115 3136/3148
f 3135/3147 3134/3146 3136/3148 1392/1396
f 3138/3150 1520/1525 1676/1680 3137/3149
f 3137/3149 1676/1680 1484/1490 1614/1619
f 3138/3150 3137/3149 1614/1619 1501/1505
f 1524/1528 1520/1525 3138/3150 3139/3151
f 3139/3151 3138/3150 1501/1505 1500/1503
f 1524/1528 3139/3151 1500/1503 1499/1504
f 1612/1617 1506/1512 3140/3153 3141/3152
f 3141/3152 3140/3153 1495/1501 3142/3154
f 1612/1617 3141/3152 3142/3154 1301/1306
f 3144/3156 1488/1493 1672/1677 3143/3155
f 3143/3155 1672/1677 1516/1522 1519/1523
f 3144/3156 3143/3155 1519/1523 1514/1519
f 3130/3142 1488/1493 3144/3156 3145/3157
f 3145/3157 3144/3156 1514/1519 3146/3158
f 3130/3142 3145/3157 3146/3158 1476/1481
f 3148/3160 1296/1300 1706/1710 3147/3159
f 3147/3159 1706/1710 1324/1328 3074/3086
f 3148/3160 3147/3159 3074/3086 1530/1535
f 3150/3162 1296/1300 3148/3160 3149/3161
f 3149/3161 3148/3160 1530/1535 1527/1531
f 3150/3162 3149/3161 1527/1531 1526/1532
f 1590/1594 1588/1592 1587/1591 3151/3163
f 3151/3163 1587/1591 1460/1464 1708/1713
f 1590/1594 3151/3163 1708/1713 1453/1458
f 1586/1590 1588/1592 3152/3165 3153/3164
f 3153/3164 3152/3165 1412/1417 3081/3094
f 1586/1590 3153/3164 3081/3094 1583/1589
f 1547/1551 1549/1553 1577/1581 3154/3166
f 3154/3166 1577/1581 1538/1543 1535/1539
f 1547/1551 3154/3166 1535/1539 1534/1540
f 1573/1577 1560/1565 3155/3168 3156/3167
f 3156/3167 3155/3168 1682/1686 1681/1685
f 1573/1577 3156/3167 1681/1685 1347/1352
f 3159/3171 1554/1559 3157/3170 3158/3169
f 3158/3169 3157/3170 1567/1571 1566/1569
f 3159/3171 3158/3169 1566/1569 1565/1570
f 1555/1558 1554/1559 3159/3171 3160/3172
f 3160/3172 3159/3171 1565/1570 3161/3173
f 1555/1558 3160/3172 3161/3173 1308/1313
f 1569/1573 1556/1562 1559/1563 3162/3174
f 3162/3174 1559/1563 1379/1383 1401/1405
f 1569/1573 3162/3174 1401/1405 1398/1402
f 1553/1557 1308/1313 3125/3137 3163/3175
f 3163/3175 3125/3137 1665/1671 1670/1674
f 1553/1557 3163/3175 1670/1674 1550/1556
f 1382/1386 1379/1383 1561/1564 3164/3176
f 3164/3176 1561/1564 1560/1565 1574/1578
f 1382/1386 3164/3176 1574/1578 1383/1387
f 1537/1541 1311/1317 1314/1318 3165/3177
f 3165/3177 1314/1318 1317/1321 1580/1585
f 1537/1541 3165/3177 1580/1585 1534/1540
f 3167/3179 1698/1702 1697/1701 3166/3178
f 3166/3178 1697/1701 1642/1648 3168/3180
f 3167/3179 3166/3178 3168/3180 3169/3181
f 1647/1651 1414/1420 1417/1421 3170/3182
f 3170/3182 1417/1421 1412/1417 3171/3183
f 1647/1651 3170/3182 3171/3183 1642/1648
f 3152/3165 1588/1592 1591/1595 3172/3184
f 3172/3184 1591/1595 1449/1455 3173/3185
f 3152/3165 3172/3184 3173/3185 1412/1417
f 3176/3188 3169/3181 3174/3187 3175/3186
f 3175/3186 3174/3187 1412/1417 3173/3185
f 3176/3188 3175/3186 3173/3185 1449/1455
f 3168/3180 1642/1648 3171/3183 3177/3189
f 3177/3189 3171/3183 1412/1417 3174/3187
f 3168/3180 3177/3189 3174/3187 3169/3181
f 3179/3191 1286/1292 1294/1298 3178/3190
f 3178/3190 1294/1298 1296/1300 3150/3162
f 3179/3191 3178/3190 3150/3162 1526/1532
f 3181/3193 1286/1292 3179/3191 3180/3192
f 3180/3192 3179/3191 1526/1532 1593/1597
f 3181/3193 3180/3192 1593/1597 1592/1598
f 3183/3195 1478/1482 1477/1480 3182/3194
f 3182/3194 1477/1480 1476/1481 3146/3158
f 3183/3195 3182/3194 3146/3158 1514/1519
f 3092/3104 1478/1482 3183/3195 3184/3196
f 3184/3196 3183/3195 1514/1519 1611/1615
f 3092/3104 3184/3196 1611/1615 1606/1612
f 1502/1507 1297/1303 3085/3097 3185/3197
f 3185/3197 3085/3097 1408/1414 1513/1517
f 1502/1507 3185/3197 1513/1517 1504/1509
f 1496/1500 1495/1501 3140/3153 3186/3198
f 3186/3198 3140/3153 1506/1512 1509/1513
f 1496/1500 3186/3198 1509/1513 1499/1504
f 1481/1485 1483/1487 1619/1623 3187/3199
f 3187/3199 1619/1623 1494/1498 3135/3147
f 1481/1485 3187/3199 3135/3147 1392/1396
f 3190/3202 1620/1626 3188/3201 3189/3200
f 3189/3200 3188/3201 1360/1365 3101/3113
f 3190/3202 3189/3200 3101/3113 3103/3115
f 1621/1625 1620/1626 3190/3202 3191/3203
f 3191/3203 3190/3202 3103/3115 3133/3145
f 1621/1625 3191/3203 3133/3145 1490/1494
f 1470/1474 1472/1476 3127/3140 3192/3204
f 3192/3204 3127/3140 1634/1638 3097/3109
f 1470/1474 3192/3204 3097/3109 1467/1473
f 3123/3135 1461/1467 1464/1468 3193/3205
f 3193/3205 1464/1468 1367/1372 1666/1670
f 3123/3135 3193/3205 1666/1670 1665/1671
f 1457/1461 1460/1464 1637/1641 3194/3206
f 3194/3206 1637/1641 1461/1467 3120/3133
f 1457/1461 3194/3206 3120/3133 1304/1310
f 3176/3188 1449/1455 1452/1456 3195/3207
f 3195/3207 1452/1456 1428/1433 3196/3208
f 3176/3188 3195/3207 3196/3208 3169/3181
f 3198/3210 1446/1451 1641/1645 3197/3209
f 3197/3209 1641/1645 1549/1553 1548/1552
f 3198/3210 3197/3209 1548/1552 1545/1549
f 1447/1450 1446/1451 3198/3210 3199/3211
f 3199/3211 3198/3210 1545/1549 3200/3212
f 1447/1450 3199/3211 3200/3212 1448/1452
f 3202/3214 1538/1543 3113/3125 3201/3213
f 3201/3213 3113/3125 1434/1438 1655/1659
f 3202/3214 3201/3213 1655/1659 1332/1336
f 1539/1542 1538/1543 3202/3214 3203/3215
f 3203/3215 3202/3214 1332/1336 1331/1335
f 1539/1542 3203/3215 1331/1335 1311/1317
f 3205/3217 1424/1430 1701/1705 3204/3216
f 3204/3216 1701/1705 1698/1702 3167/3179
f 3205/3217 3204/3216 3167/3179 3169/3181
f 1425/1429 1424/1430 3205/3217 3206/3218
f 3206/3218 3205/3217 3169/3181 3196/3208
f 1425/1429 3206/3218 3196/3208 1428/1433
f 3105/3118 1315/1320 1404/1408 3207/3219
f 3207/3219 1404/1408 1308/1313 3161/3173
f 3105/3118 3207/3219 3161/3173 1565/1570
f 3061/3073 1317/1321 3107/3119 3208/3220
f 3208/3220 3107/3119 1565/1570 3109/3121
f 3061/3073 3208/3220 3109/3121 1339/1343
f 3210/3222 1467/1473 3098/3110 3209/3221
f 3209/3221 3098/3110 1599/1603 1651/1655
f 3210/3222 3209/3221 1651/1655 1396/1401
f 1685/1690 1467/1473 3210/3222 3211/3223
f 3211/3223 3210/3222 1396/1401 1393/1398
f 1685/1690 3211/3223 1393/1398 1356/1362
f 1390/1394 1392/1396 3136/3148 3212/3224
f 3212/3224 3136/3148 3103/3115 3102/3114
f 1390/1394 3212/3224 3102/3114 1377/1382
f 1384/1389 1354/1359 1479/1484 3213/3225
f 3213/3225 1479/1484 1392/1396 1391/1395
f 1384/1389 3213/3225 1391/1395 1373/1379
f 3216/3228 1632/1637 3214/3227 3215/3226
f 3215/3226 3214/3227 1286/1292 3181/3193
f 3216/3228 3215/3226 3181/3193 1592/1598
f 1633/1636 1632/1637 3216/3228 3217/3229
f 3217/3229 3216/3228 1592/1598 3093/3106
f 1633/1636 3217/3229 3093/3106 1634/1638
f 3219/3231 1632/1637 3088/3101 3218/3230
f 3218/3230 3088/3101 1604/1609 1602/1607
f 3219/3231 3218/3230 1602/1607 1290/1295
f 3214/3227 1632/1637 3219/3231 3220/3232
f 3220/3232 3219/3231 1290/1295 1287/1291
f 3214/3227 3220/3232 1287/1291 1286/1292
f 3222/3234 1301/1306 1355/1358 3221/3233
f 3221/3233 1355/1358 1354/1359 1386/1390
f 3222/3234 3221/3233 1386/1390 1388/1392
f 1302/1305 1301/1306 3222/3234 3223/3235
f 3223/3235 3222/3234 1388/1392 1711/1716
f 1302/1305 3223/3235 1711/1716 1303/1307
f 3099/3112 1360/1365 3087/3099 3224/3236
f 3224/3236 3087/3099 1379/1383 1378/1381
f 3099/3112 3224/3236 1378/1381 1377/1382
f 1346/1350 1349/1353 1693/1696 3225/3237
f 3225/3237 1693/1696 1692/1697 3226/3238
f 1346/1350 3225/3237 3226/3238 1303/1307
f 1330/1334 1332/1336 3076/3089 3227/3239
f 3227/3239 3076/3089 1310/1314 1402/1407
f 1330/1334 3227/3239 1402/1407 1315/1320
f 3229/3241 1530/1535 3075/3087 3228/3240
f 3228/3240 3075/3087 1448/1452 3230/3242
f 3229/3241 3228/3240 3230/3242 1337/1342
f 1531/1534 1530/1535 3229/3241 3231/3243
f 3231/3243 3229/3241 1337/1342 1334/1338
f 1531/1534 3231/3243 1334/1338 1333/1339
f 3233/3245 1448/1452 3200/3212 3232/3244
f 3232/3244 3200/3212 1545/1549 1544/1547
f 3233/3245 3232/3244 1544/1547 1543/1548
f 3230/3242 1448/1452 3233/3245 3234/3246
f 3234/3246 3233/3245 1543/1548 3070/3082
f 3230/3242 3234/3246 3070/3082 1337/1342
f 1710/1714 1460/1464 1459/1462 3235/3247
f 3235/3247 1459/1462 1458/1463 3068/3080
f 1710/1714 3235/3247 3068/3080 1659/1664
f 3226/3238 1692/1697 1718/1722 3236/3248
f 3236/3248 1718/1722 1297/1303 1300/1304
f 3226/3238 3236/3248 1300/1304 1303/1307
f 3062/3075 1350/1356 1353/1357 3237/3249
f 3237/3249 1353/1357 1301/1306 3142/3154
f 3062/3075 3237/3249 3142/3154 1495/1501
f 3188/3201 1620/1626 1624/1629 3238/3250
f 3238/3250 1624/1629 1362/1366 1361/1364
f 3188/3201 3238/3250 1361/1364 1360/1365
f 1730/1734 1263/1269 1266/1270 3239/3251
f 3239/3251 1266/1270 1269/1273 1861/1865
f 1730/1734 3239/3251 1861/1865 1731/1735
f 3241/3253 1229/1233 1228/1232 3240/3252
f 3240/3252 1228/1232 1220/1225 3057/3069
f 3241/3253 3240/3252 3057/3069 1263/1269
f 1759/1763 1229/1233 3241/3253 3242/3254
f 3242/3254 3241/3253 1263/1269 1727/1732
f 1759/1763 3242/3254 1727/1732 1238/1243
f 3244/3256 3011/3025 3016/3028 3243/3255
f 3243/3255 3016/3028 1186/1190 3245/3257
f 3244/3256 3243/3255 3245/3257 1734/1740
f 3050/3062 3011/3025 3244/3256 3246/3258
f 3246/3258 3244/3256 1734/1740 1737/1741
f 3050/3062 3246/3258 1737/1741 1259/1264
f 3248/3260 1267/1272 2981/2993 3247/3259
f 3247/3259 2981/2993 1088/1092 1741/1745
f 3248/3260 3247/3259 1741/1745 1255/1259
f 1268/1271 1267/1272 3248/3260 3249/3261
f 3249/3261 3248/3260 1255/1259 3045/3058
f 1268/1271 3249/3261 3045/3058 1269/1273
f 1247/1251 1064/1069 3250/3263 3251/3262
f 3251/3262 3250/3263 1244/1248 1243/1247
f 1247/1251 3251/3262 1243/1247 1240/1244
f 3253/3265 1141/1147 1816/1821 3252/3264
f 3252/3264 1816/1821 1811/1815 1810/1813
f 3253/3265 3252/3264 1810/1813 1809/1814
f 3041/3053 1141/1147 3253/3265 3254/3266
f 3254/3266 3253/3265 1809/1814 3043/3055
f 3041/3053 3254/3266 3043/3055 1750/1754
f 1231/1235 1230/1236 1751/1756 3255/3267
f 3255/3267 1751/1756 1750/1754 1749/1753
f 1231/1235 3255/3267 1749/1753 1169/1175
f 1219/1223 1222/1226 2995/3007 3256/3268
f 3256/3268 2995/3007 1855/1859 3257/3269
f 1219/1223 3256/3268 3257/3269 1216/1222
f 3036/3048 1244/1248 3250/3263 3258/3270
f 3258/3270 3250/3263 1064/1069 1061/1065
f 3036/3048 3258/3270 1061/1065 1060/1066
f 1211/1215 1210/1216 1771/1776 3259/3271
f 3259/3271 1771/1776 1209/1213 3034/3046
f 1211/1215 3259/3271 3034/3046 1214/1219
f 3261/3273 1214/1219 3025/3038 3260/3272
f 3260/3272 3025/3038 1202/1207 1781/1785
f 3261/3273 3260/3272 1781/1785 1779/1783
f 3263/3275 1214/1219 3261/3273 3262/3274
f 3262/3274 3261/3273 1779/1783 1796/1800
f 3263/3275 3262/3274 1796/1800 1197/1201
f 1203/1206 1202/1207 3027/3039 3264/3276
f 3264/3276 3027/3039 1082/1087 1079/1083
f 1203/1206 3264/3276 1079/1083 1078/1084
f 1196/1199 1195/1200 1215/1218 3265/3277
f 3265/3277 1215/1218 1214/1219 3263/3275
f 1196/1199 3265/3277 3263/3275 1197/1201
f 3267/3279 1184/1189 1851/1855 3266/3278
f 3266/3278 1851/1855 1095/1099 2986/2998
f 3267/3279 3266/3278 2986/2998 1734/1740
f 1185/1188 1184/1189 3267/3279 3268/3280
f 3268/3280 3267/3279 1734/1740 3245/3257
f 1185/1188 3268/3280 3245/3257 1186/1190
f 1176/1180 1179/1183 1846/1851 3269/3281
f 3269/3281 1846/1851 1843/1847 1842/1846
f 1176/1180 3269/3281 1842/1846 1173/1179
f 3271/3283 1765/1770 1812/1817 3270/3282
f 3270/3282 1812/1817 1162/1167 3272/3284
f 3271/3283 3270/3282 3272/3284 1830/1835
f 1766/1769 1765/1770 3271/3283 3273/3285
f 3273/3285 3271/3283 1830/1835 3274/3286
f 1766/1769 3273/3285 3274/3286 1767/1771
f 1831/1834 1830/1835 3272/3284 3275/3287
f 3275/3287 3272/3284 1162/1167 1159/1163
f 1831/1834 3275/3287 1159/1163 1158/1164
f 1144/1148 1146/1150 1822/1826 3276/3288
f 3276/3288 1822/1826 1153/1157 1819/1823
f 1144/1148 3276/3288 1819/1823 1141/1147
f 3278/3290 1830/1835 1827/1832 3277/3289
f 3277/3289 1827/1832 1755/1761 1761/1765
f 3278/3290 3277/3289 1761/1765 1234/1240
f 3274/3286 1830/1835 3278/3290 3279/3291
f 3279/3291 3278/3290 1234/1240 1769/1773
f 3274/3286 3279/3291 1769/1773 1767/1771
f 1135/1140 1113/1117 1120/1125 3280/3292
f 3280/3292 1120/1125 1089/1095 1723/1727
f 1135/1140 3280/3292 1723/1727 1138/1143
f 1839/1843 1089/1095 1122/1126 3281/3293
f 3281/3293 1122/1126 1096/1102 1798/1803
f 1839/1843 3281/3293 1798/1803 1173/1179
f 1117/1121 1111/1116 2992/3004 3282/3294
f 3282/3294 2992/3004 1146/1150 1145/1149
f 1117/1121 3282/3294 1145/1149 1114/1120
f 2966/2978 1107/1113 1110/1114 3283/3295
f 3283/3295 1110/1114 1113/1117 1137/1141
f 2966/2978 3283/3295 1137/1141 1140/1144
f 1844/1849 1118/1123 2988/3000 3284/3296
f 3284/3296 2988/3000 1230/1236 1863/1868
f 1844/1849 3284/3296 1863/1868 1113/1117
f 3286/3298 1071/1076 3053/3065 3285/3297
f 3285/3297 3053/3065 1093/1098 1841/1845
f 3286/3298 3285/3297 1841/1845 1843/1847
f 1072/1075 1071/1076 3286/3298 3287/3299
f 3287/3299 3286/3298 1843/1847 1848/1852
f 1072/1075 3287/3299 1848/1852 1073/1077
f 3029/3042 1067/1073 1075/1079 3288/3300
f 3288/3300 1075/1079 1077/1081 2983/2995
f 3029/3042 3288/3300 2983/2995 1204/1210
f 3290/3302 1855/1859 1854/1858 3289/3301
f 3289/3301 1854/1858 1198/1204 1201/1205
f 3290/3302 3289/3301 1201/1205 1078/1084
f 3257/3269 1855/1859 3290/3302 3291/3303
f 3291/3303 3290/3302 1078/1084 2976/2989
f 3257/3269 3291/3303 2976/2989 1216/1222
f 3293/3305 1195/1200 1192/1196 3292/3304
f 3292/3304 1192/1196 1191/1197 1271/1275
f 3293/3305 3292/3304 1271/1275 1270/1276
f 3047/3060 1195/1200 3293/3305 3294/3306
f 3294/3306 3293/3305 1270/1276 3012/3024
f 3047/3060 3294/3306 3012/3024 3011/3025
f 3296/3308 1128/1133 1125/1129 3295/3307
f 3295/3307 1125/1129 1124/1130 2997/3010
f 3296/3308 3295/3307 2997/3010 1158/1164
f 3020/3032 1128/1133 3296/3308 3297/3309
f 3297/3309 3296/3308 1158/1164 1166/1170
f 3020/3032 3297/3309 1166/1170 1168/1172
f 3300/3312 2955/2969 3298/3311 3299/3310
f 3299/3310 3298/3311 1866/1872 1871/1875
f 3300/3312 3299/3310 1871/1875 276/281
f 2956/2968 2955/2969 3300/3312 3301/3313
f 3301/3313 3300/3312 276/281 2337/2344
f 2956/2968 3301/3313 2337/2344 2336/2345
f 1051/1055 269/273 1876/1879 3302/3314
f 3302/3314 1876/1879 1875/1880 3303/3315
f 1051/1055 3302/3314 3303/3315 1048/1054
f 3305/3317 2954/2966 2953/2965 3304/3316
f 3304/3316 2953/2965 1039/1045 3306/3318
f 3305/3317 3304/3316 3306/3318 1033/1038
f 1037/1041 1033/1038 3306/3318 3307/3319
f 3307/3319 3306/3318 1039/1045 1878/1883
f 1037/1041 3307/3319 1878/1883 1038/1042
f 987/991 984/988 2949/2961 3308/3320
f 3308/3320 2949/2961 1886/1891 1883/1888
f 987/991 3308/3320 1883/1888 988/992
f 3310/3322 1891/1897 2945/2957 3309/3321
f 3309/3321 2945/2957 1038/1042 1882/1886
f 3310/3322 3309/3321 1882/1886 254/259
f 1898/1902 1891/1897 3310/3322 3311/3323
f 3311/3323 3310/3322 254/259 2360/2368
f 1898/1902 3311/3323 2360/2368 232/236
f 1020/1023 1019/1024 1892/1896 3312/3324
f 3312/3324 1892/1896 1891/1897 1895/1900
f 1020/1023 3312/3324 1895/1900 1021/1025
f 2937/2949 2936/2950 3313/3326 3314/3325
f 3314/3325 3313/3326 1905/1911 1911/1915
f 2937/2949 3314/3325 1911/1915 1008/1013
f 998/1003 994/998 2932/2944 3315/3327
f 3315/3327 2932/2944 975/979 1909/1913
f 998/1003 3315/3327 1909/1913 1001/1006
f 3317/3329 1008/1013 1912/1916 3316/3328
f 3316/3328 1912/1916 975/979 974/977
f 3317/3329 3316/3328 974/977 973/978
f 1009/1012 1008/1013 3317/3329 3318/3330
f 3318/3330 3317/3329 973/978 1920/1924
f 1009/1012 3318/3330 1920/1924 1010/1014
f 3320/3332 959/963 2923/2935 3319/3331
f 3319/3331 2923/2935 2914/2926 3321/3333
f 3320/3332 3319/3331 3321/3333 1922/1928
f 1932/1936 959/963 3320/3332 3322/3334
f 3322/3334 3320/3332 1922/1928 1925/1929
f 1932/1936 3322/3334 1925/1929 1927/1931
f 3324/3336 945/949 944/947 3323/3335
f 3323/3335 944/947 943/948 967/971
f 3324/3336 3323/3335 967/971 969/973
f 2924/2937 945/949 3324/3336 3325/3337
f 3325/3337 3324/3336 969/973 2934/2946
f 2924/2937 3325/3337 2934/2946 992/997
f 1938/1941 1937/1942 3326/3339 3327/3338
f 3327/3338 3326/3339 953/959 956/960
f 1938/1941 3327/3338 956/960 959/963
f 3329/3341 945/949 2926/2938 3328/3340
f 3328/3340 2926/2938 946/952 949/953
f 3329/3341 3328/3340 949/953 952/956
f 942/946 945/949 3329/3341 3330/3342
f 3330/3342 3329/3341 952/956 3331/3343
f 942/946 3330/3342 3331/3343 939/945
f 3333/3345 953/959 3326/3339 3332/3344
f 3332/3344 3326/3339 1937/1942 2918/2930
f 3333/3345 3332/3344 2918/2930 2920/2932
f 1953/1957 953/959 3333/3345 3334/3346
f 3334/3346 3333/3345 2920/2932 3335/3347
f 1953/1957 3334/3346 3335/3347 1954/1958
f 1950/1954 1949/1955 2910/2923 3336/3348
f 3336/3348 2910/2923 957/962 954/958
f 1950/1954 3336/3348 954/958 953/959
f 925/929 927/931 3337/3350 3338/3349
f 3338/3349 3337/3350 1962/1967 1959/1964
f 925/929 3338/3349 1959/1964 921/925
f 922/924 921/925 1961/1965 3339/3351
f 3339/3352 1961/1970 901/906 909/912
f 922/3353 3339/3352 909/912 911/914
f 914/917 916/919 2909/2921 3340/3354
f 3340/3354 2909/2921 917/922 1966/1973
f 914/917 3340/3354 1966/1973 134/134
f 3342/3356 907/910 906/908 3341/3355
f 3341/3355 906/908 905/909 3343/3357
f 3342/3356 3341/3355 3343/3357 900/903
f 1970/1977 907/910 3342/3356 3344/3358
f 3344/3358 3342/3356 900/903 899/901
f 1970/1977 3344/3358 899/901 898/902
f 3346/3360 894/899 2901/2911 3345/3359
f 3345/3359 2901/2911 885/888 884/887
f 3346/3360 3345/3359 884/887 881/884
f 1975/1982 894/899 3346/3360 3347/3361
f 3347/3361 3346/3360 881/884 2437/2445
f 1975/1982 3347/3361 2437/2445 113/114
f 1983/1990 875/880 891/893 3348/3362
f 3348/3362 891/893 890/894 2896/2907
f 1983/1990 3348/3362 2896/2907 867/871
f 871/874 874/877 1988/1995 3349/3363
f 3349/3363 1988/1995 1990/1997 3350/3364
f 871/874 3349/3363 3350/3364 862/865
f 866/869 850/855 3351/3366 3352/3365
f 3352/3365 3351/3366 1995/2003 2891/2901
f 866/869 3352/3365 2891/2901 863/868
f 860/863 862/865 3350/3364 3353/3367
f 3353/3367 3350/3364 1990/1997 2000/2007
f 860/863 3353/3367 2000/2007 857/862
f 2885/2895 1995/2003 3351/3366 3354/3368
f 3354/3368 3351/3366 850/855 853/856
f 2885/2895 3354/3368 853/856 856/859
f 3356/3370 840/845 2004/2011 3355/3369
f 3355/3369 2004/2011 1997/2004 2887/2897
f 3356/3370 3355/3369 2887/2897 806/810
f 841/844 840/845 3356/3370 3357/3371
f 3357/3371 3356/3370 806/810 803/806
f 841/844 3357/3371 803/806 802/807
f 3359/3373 2011/2020 2023/2030 3358/3372
f 3358/3372 2023/2030 849/852 848/851
f 3359/3373 3358/3372 848/851 845/848
f 2012/2019 2011/2020 3359/3373 3360/3374
f 3360/3374 3359/3373 845/848 3361/3375
f 2012/2019 3360/3374 3361/3375 2015/2023
f 2019/2026 820/825 2022/2029 3362/3376
f 3362/3376 2022/2029 2011/2020 2881/2891
f 2019/2026 3362/3376 2881/2891 836/839
f 2544/2551 830/835 838/841 3363/3377
f 3363/3377 838/841 813/818 816/819
f 2544/2551 3363/3377 816/819 819/822
f 3365/3379 2015/2023 3361/3375 3364/3378
f 3364/3378 3361/3375 845/848 2871/2881
f 3365/3379 3364/3378 2871/2881 2873/2883
f 2026/2033 2015/2023 3365/3379 3366/3380
f 3366/3380 3365/3379 2873/2883 3367/3381
f 2026/2033 3366/3380 3367/3381 2027/2034
f 3369/3383 856/859 855/857 3368/3382
f 3368/3382 855/857 854/858 3370/3384
f 3369/3383 3368/3382 3370/3384 3371/3385
f 2033/2040 856/859 3369/3383 3372/3386
f 3372/3386 3369/3383 3371/3385 3373/3387
f 2033/2040 3372/3386 3373/3387 2034/2041
f 3376/3390 2043/2050 3374/3389 3375/3388
f 3375/3388 3374/3389 2863/2873 2862/2872
f 3376/3390 3375/3388 2862/2872 21/21
f 2046/2053 2043/2050 3376/3390 3377/3391
f 3377/3391 3376/3390 21/21 2502/2510
f 2046/2053 3377/3391 2502/2510 2047/2054
f 3379/3393 8/10 2511/2518 3378/3392
f 3378/3392 2511/2518 1/3 2049/2056
f 3379/3393 3378/3392 2049/2056 2048/2057
f 778/781 781/784 3380/3395 3381/3394
f 3381/3394 3380/3395 3382/3397 3383/3396
f 778/781 3381/3394 3383/3396 775/780
f 774/777 764/768 3384/3399 3385/3398
f 3385/3398 3384/3399 2053/2062 2060/2067
f 774/777 3385/3398 2060/2067 771/776
f 767/770 766/771 3386/3401 3387/3400
f 3387/3400 3386/3401 2786/2798 2791/2801
f 767/770 3387/3400 2791/2801 678/683
f 3390/3404 2064/2073 3388/3403 3389/3402
f 3389/3402 3388/3403 2194/2202 2751/2761
f 3390/3404 3389/3402 2751/2761 2070/2079
f 2065/2072 2064/2073 3390/3404 3391/3405
f 3391/3405 3390/3404 2070/2079 2073/2080
f 2065/2072 3391/3405 2073/2080 755/760
f 758/761 760/763 3392/3407 3393/3406
f 3393/3406 3392/3407 2069/2076 2068/2075
f 758/761 3393/3406 2068/2075 755/760
f 3395/3409 660/663 659/662 3394/3408
f 3394/3408 659/662 656/659 2755/2765
f 3395/3409 3394/3408 2755/2765 2757/2767
f 2084/2091 660/663 3395/3409 3396/3410
f 3396/3410 3395/3409 2757/2767 2841/2852
f 2084/2091 3396/3410 2841/2852 732/736
f 2785/2795 2090/2098 2087/2095 3397/3411
f 3397/3411 2087/2095 722/726 3398/3412
f 2785/2795 3397/3411 3398/3412 2105/2112
f 2838/2848 636/641 3399/3414 3400/3413
f 3400/3413 3399/3414 717/720 3401/3415
f 2838/2848 3400/3413 3401/3415 722/726
f 2093/2101 705/710 3402/3417 3403/3416
f 3403/3416 3402/3417 2096/2105 3404/3418
f 2093/2101 3403/3416 3404/3418 717/720
f 2103/2110 2105/2112 3405/3420 3406/3419
f 3406/3419 3405/3420 717/720 3404/3418
f 2103/2110 3406/3419 3404/3418 2096/2105
f 3398/3412 722/726 3401/3415 3407/3421
f 3407/3421 3401/3415 717/720 3405/3420
f 3398/3412 3407/3421 3405/3420 2105/2112
f 714/717 717/720 3399/3414 3408/3422
f 3408/3422 3399/3414 636/641 3409/3423
f 714/717 3408/3422 3409/3423 518/521
f 708/711 711/714 2097/2104 3410/3424
f 3410/3424 2097/2104 2096/2105 3402/3417
f 708/711 3410/3424 3402/3417 705/710
f 3412/3426 703/707 2110/2117 3411/3425
f 3411/3425 2110/2117 689/694 2111/2119
f 3412/3426 3411/3425 2111/2119 2092/2099
f 2827/2837 703/707 3412/3426 3413/3427
f 3413/3427 3412/3426 2092/2099 2783/2793
f 2827/2837 3413/3427 2783/2793 2101/2108
f 702/705 582/586 579/582 3414/3428
f 3414/3428 579/582 578/583 3415/3429
f 702/705 3414/3428 3415/3429 614/619
f 2115/2123 728/731 727/730 3416/3430
f 3416/3430 727/730 724/727 2819/2830
f 2115/2123 3416/3430 2819/2830 688/691
f 2124/2131 678/683 681/684 3417/3431
f 3417/3431 681/684 512/517 2119/2126
f 2124/2131 3417/3431 2119/2126 2118/2127
f 675/678 677/680 2127/2134 3418/3432
f 3418/3432 2127/2134 2118/2127 2814/2825
f 675/678 3418/3432 2814/2825 538/542
f 753/756 668/673 671/674 3419/3433
f 3419/3433 671/674 540/543 2079/2086
f 753/756 3419/3433 2079/2086 742/745
f 3421/3435 2194/2202 3388/3403 3420/3434
f 3420/3434 3388/3403 2064/2073 2813/2823
f 3421/3435 3420/3434 2813/2823 665/669
f 662/665 661/666 2195/2201 3422/3436
f 3422/3436 2195/2201 2194/2202 3421/3435
f 662/665 3422/3436 3421/3435 665/669
f 3424/3438 760/763 2183/2190 3423/3437
f 3423/3437 2183/2190 556/560 2138/2146
f 3424/3438 3423/3437 2138/2146 640/645
f 3392/3407 760/763 3424/3438 3425/3439
f 3425/3439 3424/3438 640/645 2796/2807
f 3392/3407 3425/3439 2796/2807 2069/2076
f 3427/3441 646/649 669/672 3426/3440
f 3426/3440 669/672 668/673 748/752
f 3427/3441 3426/3440 748/752 563/567
f 649/652 646/649 3427/3441 3428/3442
f 3428/3442 3427/3441 563/567 560/563
f 649/652 3428/3442 560/563 559/564
f 2188/2195 2190/2197 2807/2816 3429/3443
f 3429/3443 2807/2816 2806/2817 3430/3444
f 2188/2195 3429/3443 3430/3444 551/554
f 2809/2820 743/748 746/749 3431/3445
f 3431/3445 746/749 740/744 3432/3446
f 2809/2820 3431/3445 3432/3446 2806/2817
f 3434/3448 2806/2817 3432/3446 3433/3447
f 3433/3447 3432/3446 740/744 3435/3449
f 3434/3448 3433/3447 3435/3449 636/641
f 639/642 551/554 3430/3444 3436/3450
f 3436/3450 3430/3444 2806/2817 3434/3448
f 639/642 3436/3450 3434/3448 636/641
f 634/636 633/637 2744/2755 3437/3451
f 3437/3451 2744/2755 558/561 2759/2769
f 634/636 3437/3451 2759/2769 635/638
f 621/624 603/608 772/775 3438/3452
f 3438/3452 772/775 771/776 2147/2155
f 621/624 3438/3452 2147/2155 618/623
f 3440/3454 589/593 619/622 3439/3453
f 3439/3453 619/622 618/623 2137/2144
f 3440/3454 3439/3453 2137/2144 2080/2089
f 590/592 589/593 3440/3454 3441/3455
f 3441/3455 3440/3454 2080/2089 2153/2161
f 590/592 3441/3455 2153/2161 591/594
f 617/620 607/611 2150/2158 3442/3456
f 3442/3456 2150/2158 693/697 2106/2114
f 617/620 3442/3456 2106/2114 614/619
f 613/616 609/612 615/618 3443/3457
f 3443/3457 615/618 614/619 3415/3429
f 613/616 3443/3457 3415/3429 578/583
f 606/609 609/612 2780/2790 3444/3458
f 3444/3458 2780/2790 527/531 763/766
f 606/609 3444/3458 763/766 603/608
f 3446/3460 718/723 726/729 3445/3459
f 3445/3459 726/729 728/731 2818/2828
f 3446/3460 3445/3459 2818/2828 602/605
f 2832/2842 718/723 3446/3460 3447/3461
f 3447/3461 3446/3460 602/605 2772/2782
f 2832/2842 3447/3461 2772/2782 2770/2780
f 2167/2174 695/698 2763/2773 3448/3462
f 3448/3462 2763/2773 603/608 622/625
f 2167/2174 3448/3462 622/625 589/593
f 3450/3464 518/521 3409/3423 3449/3463
f 3449/3463 3409/3423 636/641 3435/3449
f 3450/3464 3449/3463 3435/3449 740/744
f 521/524 518/521 3450/3464 3451/3465
f 3451/3465 3450/3464 740/744 2076/2083
f 521/524 3451/3465 2076/2083 522/525
f 651/654 650/655 2149/2156 3452/3466
f 3452/3466 2149/2156 771/776 2795/2805
f 651/654 3452/3466 2795/2805 654/658
f 555/558 558/561 2746/2756 3453/3467
f 3453/3467 2746/2756 677/680 676/679
f 555/558 3453/3467 676/679 552/557
f 3455/3469 2757/2767 2756/2766 3454/3468
f 3454/3468 2756/2766 661/666 664/667
f 3455/3469 3454/3468 664/667 667/670
f 2844/2854 2757/2767 3455/3469 3456/3470
f 3456/3470 3455/3469 667/670 2186/2193
f 2844/2854 3456/3470 2186/2193 547/550
f 2749/2760 2178/2185 2177/2184 3457/3471
f 3457/3471 2177/2184 623/628 3458/3472
f 2749/2760 3457/3471 3458/3472 2070/2079
f 2196/2204 534/539 2143/2150 3459/3473
f 3459/3473 2143/2150 644/648 2802/2812
f 2196/2204 3459/3473 2802/2812 552/557
f 3461/3475 582/586 2829/2839 3460/3474
f 3460/3474 2829/2839 711/714 710/712
f 3461/3475 3460/3474 710/712 709/713
f 583/585 582/586 3461/3475 3462/3476
f 3462/3476 3461/3475 709/713 2203/2210
f 583/585 3462/3476 2203/2210 584/587
f 626/629 629/632 2071/2078 3463/3477
f 3463/3477 2071/2078 2070/2079 3458/3472
f 626/629 3463/3477 3458/3472 623/628
f 505/508 323/327 508/511 3464/3478
f 3464/3478 508/511 511/514 2726/2737
f 505/508 3464/3478 2726/2737 502/507
f 3466/3480 497/500 2207/2214 3465/3479
f 3465/3479 2207/2214 2206/2215 3467/3481
f 3466/3480 3465/3479 3467/3481 2244/2252
f 2212/2219 497/500 3466/3480 3468/3482
f 3468/3482 3466/3480 2244/2252 2242/2250
f 2212/2219 3468/3482 2242/2250 2213/2220
f 2218/2225 2217/2226 2722/2732 3469/3483
f 3469/3483 2722/2732 488/493 491/494
f 2218/2225 3469/3483 491/494 493/496
f 3471/3485 439/443 2724/2734 3470/3484
f 3470/3484 2724/2734 2217/2226 2719/2729
f 3471/3485 3470/3484 2719/2729 414/417
f 2698/2708 439/443 3471/3485 3472/3486
f 3472/3486 3471/3485 414/417 2331/2338
f 2698/2708 3472/3486 2331/2338 2262/2269
f 3475/3489 298/302 3473/3488 3474/3487
f 3474/3487 3473/3488 2224/2232 2222/2230
f 3475/3489 3474/3487 2222/2230 482/486
f 299/301 298/302 3475/3489 3476/3490
f 3476/3490 3475/3489 482/486 2712/2723
f 299/301 3476/3490 2712/2723 300/303
f 2704/2715 468/471 471/474 3477/3491
f 3477/3491 471/474 403/406 3478/3492
f 2704/2715 3477/3491 3478/3492 394/398
f 2709/2719 2289/2296 2288/2295 3479/3493
f 3479/3493 2288/2295 462/467 465/468
f 2709/2719 3479/3493 465/468 468/471
f 3481/3495 2235/2242 2234/2241 3480/3494
f 3480/3494 2234/2241 501/504 2215/2222
f 3481/3495 3480/3494 2215/2222 458/462
f 2293/2300 2235/2242 3481/3495 3482/3496
f 3482/3496 3481/3495 458/462 455/459
f 2293/2300 3482/3496 455/459 356/361
f 451/454 454/457 2280/2287 3483/3497
f 3483/3497 2280/2287 390/395 393/396
f 451/454 3483/3497 393/396 396/399
f 2290/2298 454/457 453/455 3484/3498
f 3484/3498 453/455 452/456 2233/2240
f 2290/2298 3484/3498 2233/2240 2235/2242
f 438/441 441/444 2252/2259 3485/3499
f 3485/3499 2252/2259 484/487 2650/2660
f 438/441 3485/3499 2650/2660 435/440
f 3487/3501 434/437 2695/2705 3486/3500
f 3486/3500 2695/2705 418/421 417/420
f 3487/3501 3486/3500 417/420 318/321
f 2691/2701 434/437 3487/3501 3488/3502
f 3488/3502 3487/3501 318/321 317/320
f 2691/2701 3488/3502 317/320 314/317
f 3490/3504 422/427 425/428 3489/3503
f 3489/3503 425/428 351/354 3491/3505
f 3490/3504 3489/3503 3491/3505 308/313
f 3491/3505 351/354 350/352 3492/3506
f 3492/3506 350/352 349/353 3493/3507
f 3491/3505 3492/3506 3493/3507 308/313
f 3490/3504 308/313 420/423 3494/3508
f 3494/3508 420/423 380/385 2675/2686
f 3490/3504 3494/3508 2675/2686 422/427
f 2692/2703 2257/2266 2729/2740 3495/3509
f 3495/3509 2729/2740 509/513 3496/3510
f 2692/2703 3495/3509 3496/3510 418/421
f 2665/2676 2659/2670 3497/3512 3498/3511
f 3498/3511 3497/3512 380/385 3499/3513
f 2665/2676 3498/3511 3499/3513 509/513
f 421/424 418/421 3496/3510 3500/3514
f 3500/3514 3496/3510 509/513 3499/3513
f 421/424 3500/3514 3499/3513 380/385
f 3503/3517 2684/2695 3501/3516 3502/3515
f 3502/3515 3501/3516 2310/2319 2316/2323
f 3503/3517 3502/3515 2316/2323 291/295
f 2685/2694 2684/2695 3503/3517 3504/3518
f 3504/3518 3503/3517 291/295 2664/2674
f 2685/2694 3504/3518 2664/2674 339/343
f 400/403 403/406 473/475 3505/3519
f 3505/3519 473/475 472/476 2681/2691
f 400/403 3505/3519 2681/2691 397/402
f 391/394 390/395 3506/3521 3507/3520
f 3507/3520 3506/3521 374/379 2707/2717
f 391/394 3507/3520 2707/2717 394/398
f 388/391 374/379 3506/3521 3508/3522
f 3508/3522 3506/3521 390/395 2281/2288
f 388/391 3508/3522 2281/2288 389/392
f 383/386 378/382 387/390 3509/3523
f 3509/3523 387/390 389/392 2678/2688
f 383/386 3509/3523 2678/2688 380/385
f 377/380 369/372 2669/2680 3510/3524
f 3510/3524 2669/2680 2289/2296 2710/2720
f 377/380 3510/3524 2710/2720 374/379
f 395/397 394/398 3478/3492 3511/3525
f 3511/3525 3478/3492 403/406 2639/2649
f 395/397 3511/3525 2639/2649 396/399
f 359/362 362/365 2284/2291 3512/3526
f 3512/3526 2284/2291 2277/2285 2668/2678
f 359/362 3512/3526 2668/2678 356/361
f 3514/3528 349/353 346/349 3513/3527
f 3513/3527 346/349 345/350 2248/2255
f 3514/3528 3513/3527 2248/2255 312/316
f 3493/3507 349/353 3514/3528 3515/3529
f 3515/3529 3514/3528 312/316 309/312
f 3493/3507 3515/3529 309/312 308/313
f 3517/3531 367/371 364/367 3516/3530
f 3516/3530 364/367 363/368 3518/3532
f 3517/3531 3516/3530 3518/3532 2309/2316
f 2305/2312 367/371 3517/3531 3519/3533
f 3519/3533 3517/3531 2309/2316 2308/2315
f 2305/2312 3519/3533 2308/2315 330/335
f 2656/2666 466/470 463/466 3520/3534
f 3520/3534 463/466 462/467 2662/2672
f 2656/2666 3520/3534 2662/2672 335/338
f 2317/2325 319/324 2269/2276 3521/3535
f 3521/3535 2269/2276 493/496 492/495
f 2317/2325 3521/3535 492/495 344/347
f 2648/2659 484/487 2225/2231 3522/3536
f 3522/3536 2225/2231 2224/2232 3523/3537
f 2648/2659 3522/3536 3523/3537 307/310
f 3525/3539 2206/2215 2717/2727 3524/3538
f 3524/3538 2717/2727 478/483 2322/2329
f 3525/3539 3524/3538 2322/2329 2253/2262
f 3467/3481 2206/2215 3525/3539 3526/3540
f 3526/3540 3525/3539 2253/2262 2643/2654
f 3467/3481 3526/3540 2643/2654 2244/2252
f 304/307 307/310 3523/3537 3527/3541
f 3527/3541 3523/3537 2224/2232 3528/3542
f 304/307 3527/3541 3528/3542 301/306
f 290/293 293/296 2703/2713 3529/3543
f 3529/3543 2703/2713 466/470 2654/2665
f 290/293 3529/3543 2654/2665 287/292
f 381/384 380/385 3497/3512 3530/3544
f 3530/3544 3497/3512 2659/2670 3531/3545
f 381/384 3530/3544 3531/3545 384/388
f 2657/2668 2309/2316 3518/3532 3532/3546
f 3532/3546 3518/3532 363/368 3533/3547
f 2657/2668 3532/3546 3533/3547 2659/2670
f 371/374 373/376 3534/3549 3535/3548
f 3535/3548 3534/3549 2659/2670 3533/3547
f 371/374 3535/3548 3533/3547 363/368
f 2674/2684 384/388 3531/3545 3536/3550
f 3536/3550 3531/3545 2659/2670 3534/3549
f 2674/2684 3536/3550 3534/3549 373/376
f 3538/3552 2634/2645 2632/2643 3537/3551
f 3537/3551 2632/2643 1052/1057 2959/2971
f 3538/3552 3537/3551 2959/2971 2336/2345
f 3540/3554 2634/2645 3538/3552 3539/3553
f 3539/3553 3538/3552 2336/2345 2341/2348
f 3540/3554 3539/3553 2341/2348 2343/2350
f 3542/3556 2351/2358 2350/2357 3541/3555
f 3541/3555 2350/2357 260/263 2631/2641
f 3542/3556 3541/3555 2631/2641 275/278
f 2613/2624 244/249 252/255 3543/3557
f 3543/3557 252/255 199/203 196/199
f 2613/2624 3543/3557 196/199 195/200
f 3545/3559 2359/2366 2358/2365 3544/3558
f 3544/3558 2358/2365 250/253 249/251
f 3545/3559 3544/3558 249/251 248/252
f 245/248 244/249 2620/2631 3546/3560
f 3546/3560 2620/2631 242/246 2625/2635
f 245/248 3546/3560 2625/2635 248/252
f 239/243 234/237 2364/2371 3547/3561
f 3547/3561 2364/2371 264/267 2354/2361
f 239/243 3547/3561 2354/2361 242/246
f 3549/3563 2369/2376 2368/2375 3548/3562
f 3548/3562 2368/2375 221/226 224/227
f 3549/3563 3548/3562 224/227 227/230
f 3551/3565 227/230 226/228 3550/3564
f 3550/3564 226/228 225/229 2618/2628
f 3551/3565 3550/3564 2618/2628 210/215
f 3553/3567 227/230 3551/3565 3552/3566
f 3552/3566 3551/3565 210/215 2371/2378
f 3553/3567 3552/3566 2371/2378 2373/2380
f 207/210 209/212 3554/3569 3555/3568
f 3555/3568 3554/3569 2374/2383 2377/2384
f 207/210 3555/3568 2377/2384 204/209
f 3557/3571 2592/2604 2608/2618 3556/3570
f 3556/3570 2608/2618 204/209 2612/2622
f 3557/3571 3556/3570 2612/2622 214/218
f 2593/2603 2592/2604 3557/3571 3558/3572
f 3558/3572 3557/3571 214/218 2389/2396
f 2593/2603 3558/3572 2389/2396 2388/2397
f 2386/2393 188/191 191/194 3559/3573
f 3559/3573 191/194 194/197 3560/3574
f 2386/2393 3559/3573 3560/3574 2387/2394
f 189/193 188/191 187/190 3561/3575
f 3561/3575 187/190 184/187 203/206
f 189/193 3561/3575 203/206 192/196
f 2589/2599 170/173 2610/2620 3562/3576
f 3562/3576 2610/2620 2592/2604 2595/2605
f 2589/2599 3562/3576 2595/2605 2406/2413
f 2590/2601 175/179 2601/2610 3563/3577
f 3563/3577 2601/2610 2600/2611 3564/3578
f 2590/2601 3563/3577 3564/3578 2415/2423
f 165/168 164/169 3565/3580 3566/3579
f 3566/3579 3565/3580 938/942 2579/2589
f 165/168 3566/3579 2579/2589 168/172
f 2584/2593 2583/2594 3567/3582 3568/3581
f 3568/3581 3567/3582 153/158 3569/3583
f 2584/2593 3568/3581 3569/3583 177/180
f 3569/3583 153/158 161/164 3570/3584
f 3570/3584 161/164 163/166 180/183
f 3569/3583 3570/3584 180/183 177/180
f 3564/3578 2600/2611 3571/3586 3572/3585
f 3572/3585 3571/3586 152/155 2416/2422
f 3564/3578 3572/3585 2416/2422 2415/2423
f 2421/2428 26/27 2573/2582 3573/3587
f 3573/3587 2573/2582 132/133 2426/2433
f 2421/2428 3573/3587 2426/2433 141/143
f 129/129 128/130 3574/3589 3575/3588
f 3575/3588 3574/3589 2422/2431 2425/2432
f 129/129 3575/3588 2425/2432 132/133
f 3577/3592 2422/2576 3574/3591 3576/3590
f 3576/3590 3574/3591 128/2915 2904/2914
f 3577/3592 3576/3590 2904/2914 127/127
f 2567/2575 2422/2576 3577/3592 3578/3593
f 3578/3593 3577/3592 127/127 126/126
f 2567/2575 3578/3593 126/126 123/123
f 3580/3595 115/115 2443/2450 3579/3594
f 3579/3594 2443/2450 2441/2448 2446/2453
f 3580/3595 3579/3594 2446/2453 2449/2456
f 104/104 103/105 3581/3597 3582/3596
f 3582/3596 3581/3597 2447/2455 2561/2569
f 104/104 3582/3596 2561/2569 94/94
f 3584/3599 872/876 2559/2567 3583/3598
f 3583/3598 2559/2567 98/98 100/100
f 3584/3599 3583/3598 100/100 99/101
f 2895/2905 872/876 3584/3599 3585/3600
f 3585/3600 3584/3599 99/101 2454/2461
f 2895/2905 3585/3600 2454/2461 879/883
f 88/88 90/90 2458/2466 3586/3601
f 3586/3601 2458/2466 83/84 80/80
f 88/88 3586/3601 80/80 79/81
f 2462/2470 44/46 3587/3603 3588/3602
f 3588/3602 3587/3603 79/81 82/82
f 2462/2470 3588/3602 82/82 85/85
f 3591/3606 2535/2542 3589/3605 3590/3604
f 3590/3604 3589/3605 2465/2474 2468/2475
f 3591/3606 3590/3604 2468/2475 90/90
f 2553/2560 2535/2542 3591/3606 3592/3607
f 3592/3607 3591/3606 90/90 89/89
f 2553/2560 3592/3607 89/89 77/78
f 78/77 77/78 86/87 3593/3608
f 3593/3608 86/87 79/81 3587/3603
f 78/77 3593/3608 3587/3603 44/46
f 64/64 67/67 3594/3610 3595/3609
f 3595/3609 3594/3610 2491/2498 2550/2557
f 64/64 3595/3609 2550/2557 55/57
f 3597/3612 65/66 2546/2553 3596/3611
f 3596/3611 2546/2553 61/61 2483/2490
f 3597/3612 3596/3611 2483/2490 824/828
f 2476/2483 65/66 3597/3612 3598/3613
f 3598/3613 3597/3612 824/828 2878/2889
f 2476/2483 3598/3613 2878/2889 834/838
f 60/59 59/60 68/69 3599/3614
f 3599/3614 68/69 54/54 2482/2489
f 60/59 3599/3614 2482/2489 61/61
f 3602/3617 2541/2549 3600/3616 3601/3615
f 3601/3615 3600/3616 2484/2493 2489/2496
f 3602/3617 3601/3615 2489/2496 2491/2498
f 2542/2548 2541/2549 3602/3617 3603/3618
f 3603/3618 3602/3617 2491/2498 3594/3610
f 2542/2548 3603/3618 3594/3610 67/67
f 3606/3621 2533/2541 3604/3620 3605/3619
f 3605/3619 3604/3620 2492/2501 2500/2507
f 3606/3621 3605/3619 2500/2507 2465/2474
f 2534/2540 2533/2541 3606/3621 3607/3622
f 3607/3622 3606/3621 2465/2474 3589/3605
f 2534/2540 3607/3622 3589/3605 2535/2542
f 18/18 21/21 2039/2046 3608/3623
f 3608/3623 2039/2046 792/797 2529/2536
f 18/18 3608/3623 2529/2536 15/17
f 3610/3625 2047/2054 2506/2513 3609/3624
f 3609/3624 2506/2513 2508/2515 3611/3626
f 3610/3625 3609/3624 3611/3626 2522/2530
f 2045/2052 2047/2054 3610/3625 3612/3627
f 3612/3627 3610/3625 2522/2530 2519/2527
f 2045/2052 3612/3627 2519/2527 791/794
f 2516/2524 779/783 2052/2059 3613/3628
f 3613/3628 2052/2059 1/3 4/4
f 2516/2524 3613/3628 4/4 7/7
f 3617/3632 3614/3631 3615/3630 3616/3629
f 3616/3629 3615/3630 3618/3634 3619/3633
f 3617/3632 3616/3629 3619/3633 3620/3635
f 3624/3639 3621/3638 3622/3637 3623/3636
f 3623/3636 3622/3637 3625/3641 3626/3640
f 3624/3639 3623/3636 3626/3640 3627/3642
f 3629/3644 3621/3638 3624/3639 3628/3643
f 3628/3643 3624/3639 3627/3642 3630/3645
f 3629/3644 3628/3643 3630/3645 3631/3646
f 3635/3650 3632/3649 3633/3648 3634/3647
f 3634/3647 3633/3648 3636/3652 3637/3651
f 3635/3650 3634/3647 3637/3651 3638/3653
f 3642/3657 3639/3656 3640/3655 3641/3654
f 3641/3654 3640/3655 3643/3659 3644/3658
f 3642/3657 3641/3654 3644/3658 3645/3660
f 3649/3664 3646/3663 3647/3662 3648/3661
f 3648/3661 3647/3662 3650/3666 3651/3665
f 3649/3664 3648/3661 3651/3665 3621/3638
f 3653/3668 3646/3663 3649/3664 3652/3667
f 3652/3667 3649/3664 3621/3638 3629/3644
f 3653/3668 3652/3667 3629/3644 3631/3646
f 3657/3672 3654/3671 3655/3670 3656/3669
f 3656/3669 3655/3670 3658/3674 3659/3673
f 3657/3672 3656/3669 3659/3673 3660/3675
f 3664/3679 3661/3678 3662/3677 3663/3676
f 3663/3676 3662/3677 3665/3681 3666/3680
f 3664/3679 3663/3676 3666/3680 3627/3642
f 3668/3683 3661/3678 3664/3679 3667/3682
f 3667/3682 3664/3679 3627/3642 3626/3640
f 3668/3683 3667/3682 3626/3640 3625/3641
f 3672/3687 3669/3686 3670/3685 3671/3684
f 3671/3684 3670/3685 3673/3689 3674/3688
f 3672/3687 3671/3684 3674/3688 3636/3652
f 3676/3691 3669/3686 3672/3687 3675/3690
f 3675/3690 3672/3687 3636/3652 3633/3648
f 3676/3691 3675/3690 3633/3648 3632/3649
f 3680/3695 3677/3694 3678/3693 3679/3692
f 3679/3692 3678/3693 3681/3697 3682/3696
f 3680/3695 3679/3692 3682/3696 3683/3698
f 3685/3700 3677/3694 3680/3695 3684/3699
f 3684/3699 3680/3695 3683/3698 3686/3701
f 3685/3700 3684/3699 3686/3701 3687/3702
f 3691/3706 3688/3705 3689/3704 3690/3703
f 3690/3703 3689/3704 3692/3708 3693/3707
f 3691/3706 3690/3703 3693/3707 3658/3674
f 3695/3710 3688/3705 3691/3706 3694/3709
f 3694/3709 3691/3706 3658/3674 3655/3670
f 3695/3710 3694/3709 3655/3670 3654/3671
f 3682/3696 3681/3697 3696/3712 3697/3711
f 3697/3711 3696/3712 3639/3656 3698/3713
f 3682/3696 3697/3711 3698/3713 3683/3698
f 3701/3716 3669/3686 3699/3715 3700/3714
f 3700/3714 3699/3715 3702/3718 3703/3717
f 3701/3716 3700/3714 3703/3717 3704/3719
f 3708/3723 3705/3722 3706/3721 3707/3720
f 3707/3720 3706/3721 3709/3725 3710/3724
f 3708/3723 3707/3720 3710/3724 3692/3708
f 3713/3728 3673/3689 3711/3727 3712/3726
f 3712/3726 3711/3727 3704/3719 3714/3729
f 3713/3728 3712/3726 3714/3729 3677/3694
f 3716/3731 3673/3689 3713/3728 3715/3730
f 3715/3730 3713/3728 3677/3694 3717/3732
f 3716/3731 3715/3730 3717/3732 3718/3733
f 3722/3737 3719/3736 3720/3735 3721/3734
f 3721/3734 3720/3735 3723/3739 3724/3738
f 3722/3737 3721/3734 3724/3738 3725/3740
f 3729/3744 3726/3743 3727/3742 3728/3741
f 3728/3741 3727/3742 3730/3746 3731/3745
f 3729/3744 3728/3741 3731/3745 3732/3747
f 3734/3749 3726/3743 3729/3744 3733/3748
f 3733/3748 3729/3744 3732/3747 3735/3750
f 3734/3749 3733/3748 3735/3750 3736/3751
f 3740/3755 3737/3754 3738/3753 3739/3752
f 3739/3752 3738/3753 3741/3757 3742/3756
f 3740/3755 3739/3752 3742/3756 3743/3758
f 3747/3762 3744/3761 3745/3760 3746/3759
f 3746/3759 3745/3760 3748/3764 3749/3763
f 3747/3762 3746/3759 3749/3763 3750/3765
f 3747/3762 3750/3765 3751/3767 3752/3766
f 3752/3766 3751/3767 3753/3769 3754/3768
f 3747/3762 3752/3766 3754/3768 3744/3761
f 3758/3773 3755/3772 3756/3771 3757/3770
f 3757/3770 3756/3771 3730/3746 3727/3742
f 3758/3773 3757/3770 3727/3742 3726/3743
f 3760/3775 3755/3772 3758/3773 3759/3774
f 3759/3774 3758/3773 3726/3743 3761/3776
f 3760/3775 3759/3774 3761/3776 3762/3777
f 3766/3781 3763/3780 3764/3779 3765/3778
f 3765/3778 3764/3779 3755/3772 3767/3782
f 3766/3781 3765/3778 3767/3782 3768/3783
f 3770/3785 3763/3780 3766/3781 3769/3784
f 3769/3784 3766/3781 3768/3783 3771/3786
f 3770/3785 3769/3784 3771/3786 3772/3787
f 3775/3790 3748/3764 3773/3789 3774/3788
f 3774/3788 3773/3789 3776/3792 3777/3791
f 3775/3790 3774/3788 3777/3791 3778/3793
f 3782/3797 3779/3796 3780/3795 3781/3794
f 3781/3794 3780/3795 3783/3799 3784/3798
f 3782/3797 3781/3794 3784/3798 3743/3758
f 3786/3801 3779/3796 3782/3797 3785/3800
f 3785/3800 3782/3797 3743/3758 3787/3802
f 3786/3801 3785/3800 3787/3802 3788/3803
f 3792/3807 3789/3806 3790/3805 3791/3804
f 3791/3804 3790/3805 3768/3783 3793/3808
f 3792/3807 3791/3804 3793/3808 3794/3809
f 3796/3811 3789/3806 3792/3807 3795/3810
f 3795/3810 3792/3807 3794/3809 3797/3812
f 3796/3811 3795/3810 3797/3812 3798/3813
f 3802/3817 3799/3816 3800/3815 3801/3814
f 3801/3814 3800/3815 3803/3819 3804/3818
f 3802/3817 3801/3814 3804/3818 3805/3820
f 3807/3822 3779/3796 3786/3801 3806/3821
f 3806/3821 3786/3801 3788/3803 3808/3823
f 3807/3822 3806/3821 3808/3823 3809/3824
f 3811/3826 3779/3796 3807/3822 3810/3825
f 3810/3825 3807/3822 3809/3824 3812/3827
f 3811/3826 3810/3825 3812/3827 3813/3828
f 3817/3832 3814/3831 3815/3830 3816/3829
f 3816/3829 3815/3830 3789/3806 3818/3833
f 3817/3832 3816/3829 3818/3833 3819/3834
f 3822/3837 1054/1060 3820/3836 3821/3835
f 3821/3835 3820/3836 3813/3828 3812/3827
f 3822/3837 3821/3835 3812/3827 3809/3824
f 3824/3839 1054/1060 3822/3837 3823/3838
f 3823/3838 3822/3837 3809/3824 3825/3840
f 3824/3839 3823/3838 3825/3840 3826/3841
f 3830/3845 3827/3844 3828/3843 3829/3842
f 3829/3842 3828/3843 3831/3847 3832/3846
f 3830/3845 3829/3842 3832/3846 3833/3848
f 3837/3852 3834/3851 3835/3850 3836/3849
f 3836/3849 3835/3850 3838/3854 3839/3853
f 3837/3852 3836/3849 3839/3853 3840/3855
f 3844/3859 3841/3858 3842/3857 3843/3856
f 3843/3856 3842/3857 3845/3861 3846/3860
f 3844/3859 3843/3856 3846/3860 3847/3862
f 3850/3865 3841/3858 3848/3864 3849/3863
f 3849/3863 3848/3864 3851/3867 3852/3866
f 3850/3865 3849/3863 3852/3866 3853/3868
f 3856/3871 3826/3841 3854/3870 3855/3869
f 3855/3869 3854/3870 3857/3873 3858/3872
f 3856/3871 3855/3869 3858/3872 3719/3736
f 3860/3875 3826/3841 3856/3871 3859/3874
f 3859/3874 3856/3871 3719/3736 3861/3876
f 3860/3875 3859/3874 3861/3876 282/285
f 3865/3880 3862/3879 3863/3878 3864/3877
f 3864/3877 3863/3878 3866/3882 3867/3881
f 3865/3880 3864/3877 3867/3881 3725/3740
f 3871/3886 3868/3885 3869/3884 3870/3883
f 3870/3883 3869/3884 3872/3888 3873/3887
f 3871/3886 3870/3883 3873/3887 3847/3862
f 3876/3891 3620/3635 3874/3890 3875/3889
f 3875/3889 3874/3890 3877/3893 3878/3892
f 3876/3891 3875/3889 3878/3892 3879/3894
f 3883/3898 3880/3897 3881/3896 3882/3895
f 3882/3895 3881/3896 3884/3900 3885/3899
f 3883/3898 3882/3895 3885/3899 3886/3901
f 3888/3903 3880/3897 3883/3898 3887/3902
f 3887/3902 3883/3898 3886/3901 3889/3904
f 3888/3903 3887/3902 3889/3904 3890/3905
f 3830/3845 3833/3848 3891/3907 3892/3906
f 3892/3906 3891/3907 3893/3909 3894/3908
f 3830/3845 3892/3906 3894/3908 3827/3844
f 3897/3912 3614/3631 3895/3911 3896/3910
f 3896/3910 3895/3911 3898/3914 3899/3913
f 3897/3912 3896/3910 3899/3913 2387/2394
f 3901/3916 3614/3631 3897/3912 3900/3915
f 3900/3915 3897/3912 2387/2394 3560/3574
f 3901/3916 3900/3915 3560/3574 194/197
f 3903/3918 271/274 2635/2644 3902/3917
f 3902/3917 2635/2644 2634/2645 3904/3919
f 3903/3918 3902/3917 3904/3919 3905/3920
f 3907/3922 271/274 3903/3918 3906/3921
f 3906/3921 3903/3918 3905/3920 3908/3923
f 3907/3922 3906/3921 3908/3923 3909/3924
f 3913/3928 3910/3927 3911/3926 3912/3925
f 3912/3925 3911/3926 3914/3930 3915/3929
f 3913/3928 3912/3925 3915/3929 3916/3931
f 3920/3935 3917/3934 3918/3933 3919/3932
f 3919/3932 3918/3933 3921/3937 3922/3936
f 3920/3935 3919/3932 3922/3936 3923/3938
f 3925/3940 3917/3934 3920/3935 3924/3939
f 3924/3939 3920/3935 3923/3938 3926/3941
f 3925/3940 3924/3939 3926/3941 3927/3942
f 3931/3946 3928/3945 3929/3944 3930/3943
f 3930/3943 3929/3944 3932/3948 3933/3947
f 3931/3946 3930/3943 3933/3947 3934/3949
f 3936/3951 3928/3945 3931/3946 3935/3950
f 3935/3950 3931/3946 3934/3949 3937/3952
f 3936/3951 3935/3950 3937/3952 3938/3953
f 3942/3957 3939/3956 3940/3955 3941/3954
f 3941/3954 3940/3955 3862/3879 3943/3958
f 3942/3957 3941/3954 3943/3958 3944/3959
f 3948/3963 3945/3962 3946/3961 3947/3960
f 3947/3960 3946/3961 3949/3965 3950/3964
f 3948/3963 3947/3960 3950/3964 3951/3966
f 3953/3968 3945/3962 3948/3963 3952/3967
f 3952/3967 3948/3963 3951/3966 3954/3969
f 3953/3968 3952/3967 3954/3969 3955/3970
f 3959/3974 3956/3973 3957/3972 3958/3971
f 3958/3971 3957/3972 3868/3885 3960/3975
f 3959/3974 3958/3971 3960/3975 3961/3976
f 3965/3980 3962/3979 3963/3978 3964/3977
f 3964/3977 3963/3978 3966/3982 3967/3981
f 3965/3980 3964/3977 3967/3981 3968/3983
f 3971/3986 248/252 3969/3985 3970/3984
f 3970/3984 3969/3985 3972/3988 3973/3987
f 3971/3986 3970/3984 3973/3987 3974/3989
f 3978/3993 3975/3992 3976/3991 3977/3990
f 3977/3990 3976/3991 3979/3995 3980/3994
f 3978/3993 3977/3990 3980/3994 3981/3996
f 3985/4000 3982/3999 3983/3998 3984/3997
f 3984/3997 3983/3998 3986/4002 3987/4001
f 3985/4000 3984/3997 3987/4001 3988/4003
f 3990/4005 3982/3999 3985/4000 3989/4004
f 3989/4004 3985/4000 3988/4003 3991/4006
f 3990/4005 3989/4004 3991/4006 3992/4007
f 3996/4011 3993/4010 3994/4009 3995/4008
f 3995/4008 3994/4009 3997/4013 3998/4012
f 3996/4011 3995/4008 3998/4012 3999/4014
f 4003/4018 4000/4017 4001/4016 4002/4015
f 4002/4015 4001/4016 4004/4020 4005/4019
f 4003/4018 4002/4015 4005/4019 4006/4021
f 4010/4025 4007/4024 4008/4023 4009/4022
f 4009/4022 4008/4023 4011/4027 4012/4026
f 4010/4025 4009/4022 4012/4026 4013/4028
f 4015/4030 4007/4024 4010/4025 4014/4029
f 4014/4029 4010/4025 4013/4028 4016/4031
f 4015/4030 4014/4029 4016/4031 4017/4032
f 4021/4036 4018/4035 4019/4034 4020/4033
f 4020/4033 4019/4034 5/6 4022/4037
f 4021/4036 4020/4033 4022/4037 4023/4038
f 4027/4042 4024/4041 4025/4040 4026/4039
f 4026/4039 4025/4040 4028/4044 4029/4043
f 4027/4042 4026/4039 4029/4043 4030/4045
f 4032/4047 4024/4041 4027/4042 4031/4046
f 4031/4046 4027/4042 4030/4045 4033/4048
f 4032/4047 4031/4046 4033/4048 4034/4049
f 4038/4053 4035/4052 4036/4051 4037/4050
f 4037/4050 4036/4051 5/6 4039/4054
f 4038/4053 4037/4050 4039/4054 4040/4055
f 4044/4059 4041/4058 4042/4057 4043/4056
f 4043/4056 4042/4057 4045/4061 4046/4060
f 4044/4059 4043/4056 4046/4060 4047/4062
f 4051/4066 4048/4065 4049/4064 4050/4063
f 4050/4063 4049/4064 4052/4068 4053/4067
f 4051/4066 4050/4063 4053/4067 4054/4069
f 4056/4071 4048/4065 4051/4066 4055/4070
f 4055/4070 4051/4066 4054/4069 4057/4072
f 4056/4071 4055/4070 4057/4072 4058/4073
f 4062/4077 4059/4076 4060/4075 4061/4074
f 4061/4074 4060/4075 4063/4079 4064/4078
f 4062/4077 4061/4074 4064/4078 19/20
f 4068/4083 4065/4082 4066/4081 4067/4080
f 4067/4080 4066/4081 4069/4085 4070/4084
f 4068/4083 4067/4080 4070/4084 4071/4086
f 4075/4090 4072/4089 4073/4088 4074/4087
f 4074/4087 4073/4088 4076/4092 4077/4091
f 4075/4090 4074/4087 4077/4091 4078/4093
f 4081/4096 3993/4010 4079/4095 4080/4094
f 4080/4094 4079/4095 4082/4098 4083/4097
f 4081/4096 4080/4094 4083/4097 4084/4099
f 4088/4103 4085/4102 4086/4101 4087/4100
f 4087/4100 4086/4101 4089/4105 4090/4104
f 4088/4103 4087/4100 4090/4104 4091/4106
f 4093/4108 4085/4102 4088/4103 4092/4107
f 4092/4107 4088/4103 4091/4106 4094/4109
f 4093/4108 4092/4107 4094/4109 4095/4110
f 4099/4114 4096/4113 4097/4112 4098/4111
f 4098/4111 4097/4112 4100/4116 4101/4115
f 4099/4114 4098/4111 4101/4115 4102/4117
f 4104/4119 4096/4113 4099/4114 4103/4118
f 4103/4118 4099/4114 4102/4117 4105/4120
f 4104/4119 4103/4118 4105/4120 4106/4121
f 4110/4125 4107/4124 4108/4123 4109/4122
f 4109/4122 4108/4123 3979/3995 4111/4126
f 4110/4125 4109/4122 4111/4126 4112/4127
f 4090/4104 4089/4105 4113/4129 4114/4128
f 4114/4128 4113/4129 4115/4131 4116/4130
f 4090/4104 4114/4128 4116/4130 4091/4106
f 4120/4135 4117/4134 4118/4133 4119/4132
f 4119/4132 4118/4133 4121/4137 4122/4136
f 4120/4135 4119/4132 4122/4136 2786/2798
f 4124/4139 4117/4134 4120/4135 4123/4138
f 4123/4138 4120/4135 2786/2798 3386/3401
f 4124/4139 4123/4138 3386/3401 766/771
f 27/26 26/27 4125/4141 4126/4140
f 4126/4140 4125/4141 4127/4143 4128/4142
f 27/26 4126/4140 4128/4142 28/28
f 4130/4145 4004/4020 4001/4016 4129/4144
f 4129/4144 4001/4016 4000/4017 4131/4146
f 4130/4145 4129/4144 4131/4146 4132/4147
f 4136/4151 4133/4150 4134/4149 4135/4148
f 4135/4148 4134/4149 4137/4153 4138/4152
f 4136/4151 4135/4148 4138/4152 4139/4154
f 4141/4156 4133/4150 4136/4151 4140/4155
f 4140/4155 4136/4151 4139/4154 4142/4157
f 4141/4156 4140/4155 4142/4157 4143/4158
f 4147/4162 4144/4161 4145/4160 4146/4159
f 4146/4159 4145/4160 4148/4164 4149/4163
f 4147/4162 4146/4159 4149/4163 4150/4165
f 4152/4167 4144/4161 4147/4162 4151/4166
f 4151/4166 4147/4162 4150/4165 4153/4168
f 4152/4167 4151/4166 4153/4168 4154/4169
f 4158/4173 4155/4172 4156/4171 4157/4170
f 4157/4170 4156/4171 4159/4175 4160/4174
f 4158/4173 4157/4170 4160/4174 4161/4176
f 4163/4178 4155/4172 4158/4173 4162/4177
f 4162/4177 4158/4173 4161/4176 4164/4179
f 4163/4178 4162/4177 4164/4179 4165/4180
f 4169/4184 4166/4183 4167/4182 4168/4181
f 4168/4181 4167/4182 4170/4186 4171/4185
f 4169/4184 4168/4181 4171/4185 4133/4150
f 4173/4188 4166/4183 4169/4184 4172/4187
f 4172/4187 4169/4184 4133/4150 4141/4156
f 4173/4188 4172/4187 4141/4156 4143/4158
f 4177/4192 4174/4191 4175/4190 4176/4189
f 4176/4189 4175/4190 4178/4194 4179/4193
f 4177/4197 4176/4196 4179/4195 4006/4021
f 4183/4201 4180/4200 4181/4199 4182/4198
f 4182/4198 4181/4199 4184/4203 4185/4202
f 4183/4201 4182/4198 4185/4202 4186/4204
f 4188/4206 4180/4200 4183/4201 4187/4205
f 4187/4205 4183/4201 4186/4204 4189/4207
f 4188/4206 4187/4205 4189/4207 4190/4208
f 4194/4212 4191/4211 4192/4210 4193/4209
f 4193/4209 4192/4210 4195/4214 4196/4213
f 4194/4212 4193/4209 4196/4213 4166/4183
f 4200/4218 4197/4217 4198/4216 4199/4215
f 4199/4215 4198/4216 3993/4010 3996/4011
f 4200/4218 4199/4215 3996/4011 3999/4014
f 4204/4222 4201/4221 4202/4220 4203/4219
f 4203/4219 4202/4220 4205/4224 4206/4223
f 4204/4222 4203/4219 4206/4223 4207/4225
f 4209/4227 4201/4221 4204/4222 4208/4226
f 4208/4226 4204/4222 4207/4225 4210/4228
f 4209/4227 4208/4226 4210/4228 4211/4229
f 4215/4233 4212/4232 4213/4231 4214/4230
f 4214/4230 4213/4231 4216/4235 4217/4234
f 4215/4233 4214/4230 4217/4234 4218/4236
f 4220/4238 4212/4232 4215/4233 4219/4237
f 4219/4237 4215/4233 4218/4236 4221/4239
f 4220/4238 4219/4237 4221/4239 3982/3999
f 4225/4243 4222/4242 4223/4241 4224/4240
f 4224/4240 4223/4241 4226/4245 4227/4244
f 4225/4243 4224/4240 4227/4244 4228/4246
f 4230/4248 4222/4242 4225/4243 4229/4247
f 4229/4247 4225/4243 4228/4246 4231/4249
f 4230/4248 4229/4247 4231/4249 4212/4232
f 4234/4252 4107/4124 4232/4251 4233/4250
f 4233/4250 4232/4251 4235/4254 4236/4253
f 4234/4252 4233/4250 4236/4253 3981/3996
f 4122/4136 4121/4137 4237/4256 4238/4255
f 4238/4255 4237/4256 4239/4258 4240/4257
f 4122/4136 4238/4255 4240/4257 2786/2798
f 4243/4261 4205/4224 4241/4260 4242/4259
f 4242/4259 4241/4260 4244/4263 4245/4262
f 4243/4261 4242/4259 4245/4262 4246/4264
f 4250/4268 4247/4267 4248/4266 4249/4265
f 4249/4265 4248/4266 4251/4270 4252/4269
f 4250/4268 4249/4265 4252/4269 4165/4180
f 4254/4272 4247/4267 4250/4268 4253/4271
f 4253/4271 4250/4268 4165/4180 4164/4179
f 4254/4272 4253/4271 4164/4179 4161/4176
f 4258/4276 4255/4275 4256/4274 4257/4273
f 4257/4273 4256/4274 4259/4278 4260/4277
f 4258/4276 4257/4273 4260/4277 4261/4279
f 4265/4283 4262/4282 4263/4281 4264/4280
f 4264/4280 4263/4281 4266/4285 4267/4284
f 4265/4283 4264/4280 4267/4284 4268/4286
f 4272/4290 4269/4289 4270/4288 4271/4287
f 4271/4287 4270/4288 4273/4292 4274/4291
f 4272/4290 4271/4287 4274/4291 4275/4293
f 4277/4295 4269/4289 4272/4290 4276/4294
f 4276/4294 4272/4290 4275/4293 4278/4296
f 4277/4295 4276/4294 4278/4296 4279/4297
f 4283/4301 4280/4300 4281/4299 4282/4298
f 4282/4298 4281/4299 4195/4214 4192/4210
f 4283/4301 4282/4298 4192/4210 4191/4211
f 4285/4303 4280/4300 4283/4301 4284/4302
f 4284/4302 4283/4301 4191/4211 4286/4304
f 4285/4303 4284/4302 4286/4304 4287/4305
f 4289/4307 4178/4194 4175/4190 4288/4306
f 4288/4306 4175/4190 4174/4191 4290/4308
f 4289/4307 4288/4306 4290/4308 4291/4309
f 4294/4312 4054/4069 4292/4311 4293/4310
f 4293/4310 4292/4311 4184/4203 4181/4199
f 4294/4312 4293/4310 4181/4199 4180/4200
f 4298/4316 4295/4315 4296/4314 4297/4313
f 4297/4313 4296/4314 4299/4318 4300/4317
f 4298/4316 4297/4313 4300/4317 4301/4319
f 4305/4323 4302/4322 4303/4321 4304/4320
f 4304/4320 4303/4321 3975/3992 4306/4324
f 4305/4323 4304/4320 4306/4324 4065/4082
f 4310/4328 4307/4327 4308/4326 4309/4325
f 4309/4325 4308/4326 4261/4279 4311/4329
f 4310/4328 4309/4325 4311/4329 4312/4330
f 4316/4334 4313/4333 4314/4332 4315/4331
f 4315/4331 4314/4332 4317/4336 4318/4335
f 4316/4334 4315/4331 4318/4335 4319/4337
f 4321/4339 4313/4333 4316/4334 4320/4338
f 4320/4338 4316/4334 4319/4337 4322/4340
f 4321/4339 4320/4338 4322/4340 4228/4246
f 4326/4344 4323/4343 4324/4342 4325/4341
f 4325/4341 4324/4342 4207/4225 4206/4223
f 4326/4344 4325/4341 4206/4223 4205/4224
f 4329/4347 4041/4058 4327/4346 4328/4345
f 4328/4345 4327/4346 4330/4349 4331/4348
f 4329/4347 4328/4345 4331/4348 4332/4350
f 4334/4352 4041/4058 4329/4347 4333/4351
f 4333/4351 4329/4347 4332/4350 4335/4353
f 4334/4352 4333/4351 4335/4353 4239/4258
f 4339/4357 4336/4356 4337/4355 4338/4354
f 4338/4354 4337/4355 2515/2522 4340/4358
f 4339/4357 4338/4354 4340/4358 4244/4263
f 4343/4361 4174/4191 4341/4360 4342/4359
f 4342/4359 4341/4360 4045/4061 4344/4362
f 4343/4361 4342/4359 4344/4362 4345/4363
f 4348/4366 4047/4062 4346/4365 4347/4364
f 4347/4364 4346/4365 4063/4079 4349/4367
f 4348/4366 4347/4364 4349/4367 4330/4349
f 4353/4371 4350/4370 4351/4369 4352/4368
f 4352/4368 4351/4369 139/140 4354/4372
f 4353/4371 4352/4368 4354/4372 4355/4373
f 4358/4376 4133/4150 4356/4375 4357/4374
f 4357/4374 4356/4375 4359/4378 4360/4377
f 4358/4376 4357/4374 4360/4377 4361/4379
f 4134/4149 4133/4150 4358/4376 4362/4380
f 4362/4380 4358/4376 4361/4379 4363/4381
f 4134/4149 4362/4380 4363/4381 4137/4153
f 4366/4384 4035/4052 4364/4383 4365/4382
f 4365/4382 4364/4383 4367/4386 4368/4385
f 4366/4384 4365/4382 4368/4385 4259/4278
f 4370/4388 4035/4052 4366/4384 4369/4387
f 4369/4387 4366/4384 4259/4278 4256/4274
f 4370/4388 4369/4387 4256/4274 4255/4275
f 4374/4392 4371/4391 4372/4390 4373/4389
f 4373/4389 4372/4390 4132/4147 4375/4393
f 4374/4392 4373/4389 4375/4393 4275/4293
f 4377/4395 4371/4391 4374/4392 4376/4394
f 4376/4394 4374/4392 4275/4293 4378/4396
f 4377/4395 4376/4394 4378/4396 4379/4397
f 4383/4401 4380/4400 4381/4399 4382/4398
f 4382/4398 4381/4399 4384/4403 4385/4402
f 4383/4401 4382/4398 4385/4402 4280/4300
f 4389/4407 4386/4406 4387/4405 4388/4404
f 4388/4404 4387/4405 4052/4068 4390/4408
f 4389/4407 4388/4404 4390/4408 4178/4409
f 4392/4411 4386/4406 4389/4407 4391/4410
f 4391/4410 4389/4407 4178/4409 4393/4412
f 4392/4411 4391/4410 4393/4412 4355/4413
f 4396/4416 4269/4289 4394/4415 4395/4414
f 4395/4414 4394/4415 4180/4200 4188/4206
f 4396/4416 4395/4414 4188/4206 4190/4208
f 4399/4419 4255/4275 4397/4418 4398/4417
f 4398/4417 4397/4418 4246/4264 4245/4262
f 4399/4419 4398/4417 4245/4262 4244/4263
f 4370/4388 4255/4275 4399/4419 4400/4420
f 4400/4420 4399/4419 4244/4263 4401/4421
f 4370/4388 4400/4420 4401/4421 4035/4052
f 4405/4425 4402/4424 4403/4423 4404/4422
f 4404/4422 4403/4423 4406/4427 4407/4426
f 4405/4425 4404/4422 4407/4426 4408/4428
f 4412/4432 4409/4431 4410/4430 4411/4429
f 4411/4429 4410/4430 4413/4434 4414/4433
f 4412/4432 4411/4429 4414/4433 4415/4435
f 4417/4437 4409/4431 4412/4432 4416/4436
f 4416/4436 4412/4432 4415/4435 4418/4438
f 4417/4437 4416/4436 4418/4438 4419/4439
f 4423/4443 4420/4442 4421/4441 4422/4440
f 4422/4440 4421/4441 4424/4445 4425/4444
f 4423/4443 4422/4440 4425/4444 3737/3754
f 4429/4449 4426/4448 4427/4447 4428/4446
f 4428/4446 4427/4447 4430/4451 4431/4450
f 4429/4449 4428/4446 4431/4450 4432/4452
f 4435/4455 3737/3754 4433/4454 4434/4453
f 4434/4453 4433/4454 4436/4457 4437/4456
f 4435/4455 4434/4453 4437/4456 4432/4452
f 3738/3753 3737/3754 4435/4455 4438/4458
f 4438/4458 4435/4455 4432/4452 4439/4459
f 3738/3753 4438/4458 4439/4459 3741/3757
f 4443/4463 4440/4462 4441/4461 4442/4460
f 4442/4460 4441/4461 4444/4465 4445/4464
f 4443/4463 4442/4460 4445/4464 4446/4466
f 4448/4468 4440/4462 4443/4463 4447/4467
f 4447/4467 4443/4463 4446/4466 4449/4469
f 4448/4468 4447/4467 4449/4469 4450/4470
f 4454/4474 4451/4473 4452/4472 4453/4471
f 4453/4471 4452/4472 4112/4127 4111/4126
f 4454/4474 4453/4471 4111/4126 3979/3995
f 4456/4476 4451/4473 4454/4474 4455/4475
f 4455/4475 4454/4474 3979/3995 4457/4477
f 4456/4476 4455/4475 4457/4477 4458/4478
f 4460/4480 4040/4055 4039/4054 4459/4479
f 4459/4479 4039/4054 5/6 4461/4481
f 4460/4480 4459/4479 4461/4481 4462/4482
f 4466/4486 4463/4485 4464/4484 4465/4483
f 4465/4483 4464/4484 2432/2440 4467/4487
f 4466/4486 4465/4483 4467/4487 3805/3820
f 4471/4491 4468/4490 4469/4489 4470/4488
f 4470/4488 4469/4489 3798/3813 4472/4492
f 4471/4491 4470/4488 4472/4492 4473/4493
f 4476/4496 4463/4485 4474/4495 4475/4494
f 4475/4494 4474/4495 4477/4498 4478/4497
f 4476/4496 4475/4494 4478/4497 4479/4499
f 4481/4501 115/115 3580/3595 4480/4500
f 4480/4500 3580/3595 2449/2456 4482/4502
f 4481/4501 4480/4500 4482/4502 3805/3820
f 3950/3964 3949/3965 4483/4504 4484/4503
f 4484/4503 4483/4504 3956/3973 4485/4505
f 3950/3964 4484/4503 4485/4505 3951/3966
f 4489/4509 4486/4508 4487/4507 4488/4506
f 4488/4506 4487/4507 3966/3982 4490/4510
f 4489/4509 4488/4506 4490/4510 3910/3927
f 4493/4513 3917/3934 4491/4512 4492/4511
f 4492/4511 4491/4512 4494/4515 4495/4514
f 4493/4513 4492/4511 4495/4514 4496/4516
f 4498/4518 3917/3934 4493/4513 4497/4517
f 4497/4517 4493/4513 4496/4516 4499/4519
f 4498/4518 4497/4517 4499/4519 4500/4520
f 4502/4522 2346/2355 2349/2356 4501/4521
f 4501/4521 2349/2356 2351/2358 4503/4523
f 4502/4522 4501/4521 4503/4523 3938/3953
f 4506/4526 4496/4516 4504/4525 4505/4524
f 4505/4524 4504/4525 3934/3949 4507/4527
f 4506/4526 4505/4524 4507/4527 4508/4528
f 4510/4530 275/278 274/277 4509/4529
f 4509/4529 274/277 271/274 3907/3922
f 4510/4530 4509/4529 3907/3922 3909/3924
f 4514/4534 4511/4533 4512/4532 4513/4531
f 4513/4531 4512/4532 4515/4536 4516/4535
f 4514/4534 4513/4531 4516/4535 3905/3920
f 4518/4538 4511/4533 4514/4534 4517/4537
f 4517/4537 4514/4534 3905/3920 4519/4539
f 4518/4538 4517/4537 4519/4539 4520/4540
f 4522/4542 4386/4406 4392/4411 4521/4541
f 4521/4541 4392/4411 4355/4413 4523/4543
f 4522/4542 4521/4541 4523/4543 4524/4544
f 4528/4548 4525/4547 4526/4546 4527/4545
f 4527/4545 4526/4546 4529/4550 4530/4549
f 4528/4548 4527/4545 4530/4549 4531/4551
f 4535/4555 4532/4554 4533/4553 4534/4552
f 4534/4552 4533/4553 4536/4557 4537/4556
f 4535/4555 4534/4552 4537/4556 4538/4558
f 4542/4562 4539/4561 4540/4560 4541/4559
f 4541/4559 4540/4560 4543/4564 4544/4563
f 4542/4562 4541/4559 4544/4563 4545/4565
f 4549/4569 4546/4568 4547/4567 4548/4566
f 4548/4566 4547/4567 4550/4571 4551/4570
f 4549/4569 4548/4566 4551/4570 4552/4572
f 4556/4576 4553/4575 4554/4574 4555/4573
f 4555/4573 4554/4574 4550/4571 4557/4577
f 4556/4576 4555/4573 4557/4577 4558/4578
f 4562/4582 4559/4581 4560/4580 4561/4579
f 4561/4579 4560/4580 4563/4584 4564/4583
f 4562/4582 4561/4579 4564/4583 4565/4585
f 4568/4588 4546/4568 4566/4587 4567/4586
f 4567/4586 4566/4587 4569/4590 4570/4589
f 4568/4588 4567/4586 4570/4589 4571/4591
f 4574/4594 4550/4571 4572/4593 4573/4592
f 4573/4592 4572/4593 4575/4596 4576/4595
f 4574/4594 4573/4592 4576/4595 4577/4597
f 4581/4601 4578/4600 4579/4599 4580/4598
f 4580/4598 4579/4599 4582/4603 4583/4602
f 4581/4601 4580/4598 4583/4602 4584/4604
f 4586/4606 4578/4600 4581/4601 4585/4605
f 4585/4605 4581/4601 4584/4604 4587/4607
f 4586/4606 4585/4605 4587/4607 4588/4608
f 4590/4610 4553/4575 4556/4576 4589/4609
f 4589/4609 4556/4576 4558/4578 4591/4611
f 4590/4610 4589/4609 4591/4611 4592/4612
f 4594/4614 4553/4575 4590/4610 4593/4613
f 4593/4613 4590/4610 4592/4612 4595/4615
f 4594/4614 4593/4613 4595/4615 4596/4616
f 4598/4618 4577/4597 4576/4595 4597/4617
f 4597/4617 4576/4595 4575/4596 4599/4619
f 4598/4618 4597/4617 4599/4619 4600/4620
f 4604/4624 4601/4623 4602/4622 4603/4621
f 4603/4621 4602/4622 4605/4626 4606/4625
f 4604/4624 4603/4621 4606/4625 4607/4627
f 4609/4629 4601/4623 4604/4624 4608/4628
f 4608/4628 4604/4624 4607/4627 4610/4630
f 4609/4629 4608/4628 4610/4630 4611/4631
f 4614/4634 4600/4620 4612/4633 4613/4632
f 4613/4632 4612/4633 4615/4636 4616/4635
f 4614/4634 4613/4632 4616/4635 4596/4616
f 4618/4638 4600/4620 4614/4634 4617/4637
f 4617/4637 4614/4634 4596/4616 4595/4615
f 4618/4638 4617/4637 4595/4615 4592/4612
f 4620/4640 4611/4631 4610/4630 4619/4639
f 4619/4639 4610/4630 4607/4627 4621/4641
f 4620/4640 4619/4639 4621/4641 4622/4642
f 4587/4607 4584/4604 4623/4644 4624/4643
f 4624/4643 4623/4644 4625/4646 4626/4645
f 4587/4607 4624/4643 4626/4645 4588/4608
f 4630/4650 4627/4649 4628/4648 4629/4647
f 4629/4647 4628/4648 4631/4652 4632/4651
f 4630/4650 4629/4647 4632/4651 4532/4554
f 4636/4656 4633/4655 4634/4654 4635/4653
f 4635/4653 4634/4654 4637/4658 4638/4657
f 4636/4656 4635/4653 4638/4657 4639/4659
f 4643/4663 4640/4662 4641/4661 4642/4660
f 4642/4660 4641/4661 4644/4665 4645/4664
f 4643/4663 4642/4660 4645/4664 4646/4666
f 4650/4670 4647/4669 4648/4668 4649/4667
f 4649/4667 4648/4668 4651/4672 4652/4671
f 4650/4670 4649/4667 4652/4671 4633/4655
f 4655/4675 4639/4659 4653/4674 4654/4673
f 4654/4673 4653/4674 4656/4677 4657/4676
f 4655/4675 4654/4673 4657/4676 4658/4678
f 4660/4680 4639/4659 4655/4675 4659/4679
f 4659/4679 4655/4675 4658/4678 4661/4681
f 4660/4680 4659/4679 4661/4681 4662/4682
f 4664/4684 4647/4669 4650/4670 4663/4683
f 4663/4683 4650/4670 4633/4655 4636/4656
f 4664/4684 4663/4683 4636/4656 4639/4659
f 4668/4688 4665/4687 4666/4686 4667/4685
f 4667/4685 4666/4686 4669/4690 4670/4689
f 4668/4688 4667/4685 4670/4689 3732/3747
f 4672/4692 4665/4687 4668/4688 4671/4691
f 4671/4691 4668/4688 3732/3747 4673/4693
f 4672/4692 4671/4691 4673/4693 4674/4694
f 4678/4698 4675/4697 4676/4696 4677/4695
f 4677/4695 4676/4696 4679/4700 4680/4699
f 4678/4698 4677/4695 4680/4699 4681/4701
f 4685/4705 4682/4704 4683/4703 4684/4702
f 4684/4702 4683/4703 4681/4701 4686/4706
f 4685/4705 4684/4702 4686/4706 4687/4707
f 4691/4711 4688/4710 4689/4709 4690/4708
f 4690/4708 4689/4709 4669/4690 4666/4686
f 4691/4711 4690/4708 4666/4686 4665/4687
f 4693/4713 4688/4710 4691/4711 4692/4712
f 4692/4712 4691/4711 4665/4687 4694/4714
f 4693/4713 4692/4712 4694/4714 4695/4715
f 4699/4719 4696/4718 4697/4717 4698/4716
f 4698/4716 4697/4717 4700/4721 4701/4720
f 4699/4719 4698/4716 4701/4720 4702/4722
f 4704/4724 4696/4718 4699/4719 4703/4723
f 4703/4723 4699/4719 4702/4722 4705/4725
f 4704/4724 4703/4723 4705/4725 4688/4710
f 4709/4729 4706/4728 4707/4727 4708/4726
f 4708/4726 4707/4727 4710/4731 4711/4730
f 4709/4729 4708/4726 4711/4730 4712/4732
f 4714/4734 4706/4728 4709/4729 4713/4733
f 4713/4733 4709/4729 4712/4732 4715/4735
f 4714/4734 4713/4733 4715/4735 4716/4736
f 4720/4740 4717/4739 4718/4738 4719/4737
f 4719/4737 4718/4738 4721/4742 4722/4741
f 4720/4740 4719/4737 4722/4741 4710/4731
f 4724/4744 4717/4739 4720/4740 4723/4743
f 4723/4743 4720/4740 4710/4731 4725/4745
f 4724/4744 4723/4743 4725/4745 4726/4746
f 4729/4749 4700/4721 4727/4748 4728/4747
f 4728/4747 4727/4748 4730/4751 4731/4750
f 4729/4749 4728/4747 4731/4750 4732/4752
f 4734/4754 4700/4721 4729/4749 4733/4753
f 4733/4753 4729/4749 4732/4752 4735/4755
f 4734/4754 4733/4753 4735/4755 4736/4756
f 4740/4760 4737/4759 4738/4758 4739/4757
f 4739/4757 4738/4758 4741/4762 4742/4761
f 4740/4760 4739/4757 4742/4761 4743/4763
f 4746/4766 4726/4746 4744/4765 4745/4764
f 4745/4764 4744/4765 4747/4768 4748/4767
f 4746/4766 4745/4764 4748/4767 4749/4769
f 4751/4771 4726/4746 4746/4766 4750/4770
f 4750/4770 4746/4766 4749/4769 4752/4772
f 4751/4771 4750/4770 4752/4772 4753/4773
f 4756/4776 4717/4739 4754/4775 4755/4774
f 4755/4774 4754/4775 4757/4778 4758/4777
f 4756/4776 4755/4774 4758/4777 4759/4779
f 4761/4781 4741/4762 4738/4758 4760/4780
f 4760/4780 4738/4758 4737/4759 4762/4782
f 4761/4781 4760/4780 4762/4782 4763/4783
f 4767/4787 4764/4786 4765/4785 4766/4784
f 4766/4784 4765/4785 4749/4769 4748/4767
f 4767/4787 4766/4784 4748/4767 4747/4768
f 4771/4791 4768/4790 4769/4789 4770/4788
f 4770/4788 4769/4789 4772/4793 4773/4792
f 4771/4791 4770/4788 4773/4792 4774/4794
f 4778/4798 4775/4797 4776/4796 4777/4795
f 4777/4795 4776/4796 4759/4779 4758/4777
f 4778/4798 4777/4795 4758/4777 4757/4778
f 4780/4800 4775/4797 4778/4798 4779/4799
f 4779/4799 4778/4798 4757/4778 4781/4801
f 4780/4800 4779/4799 4781/4801 4782/4802
f 4786/4806 4783/4805 4784/4804 4785/4803
f 4785/4803 4784/4804 4749/4769 4787/4807
f 4786/4806 4785/4803 4787/4807 4788/4808
f 4792/4812 4789/4811 4790/4810 4791/4809
f 4791/4809 4790/4810 4793/4814 4794/4813
f 4792/4812 4791/4809 4794/4813 4788/4808
f 4797/4817 4764/4786 4795/4816 4796/4815
f 4796/4815 4795/4816 4798/4819 4799/4818
f 4797/4817 4796/4815 4799/4818 4800/4820
f 4804/4824 4801/4823 4802/4822 4803/4821
f 4803/4821 4802/4822 4805/4826 4806/4825
f 4804/4824 4803/4821 4806/4825 4798/4819
f 4808/4828 4801/4823 4804/4824 4807/4827
f 4807/4827 4804/4824 4798/4819 4809/4829
f 4808/4828 4807/4827 4809/4829 1866/1872
f 4813/4833 4810/4832 4811/4831 4812/4830
f 4812/4830 4811/4831 4789/4811 4814/4834
f 4813/4833 4812/4830 4814/4834 4815/4835
f 4819/4839 4816/4838 4817/4837 4818/4836
f 4818/4836 4817/4837 4820/4841 4821/4840
f 4819/4839 4818/4836 4821/4840 4822/4842
f 4825/4845 4782/4802 4823/4844 4824/4843
f 4824/4843 4823/4844 4822/4842 4826/4846
f 4825/4845 4824/4843 4826/4846 4827/4847
f 4831/4851 4828/4850 4829/4849 4830/4848
f 4830/4848 4829/4849 4832/4853 4833/4852
f 4831/4851 4830/4848 4833/4852 4774/4794
f 4835/4855 4828/4850 4831/4851 4834/4854
f 4834/4854 4831/4851 4774/4794 4836/4856
f 4835/4855 4834/4854 4836/4856 4837/4857
f 4841/4861 4838/4860 4839/4859 4840/4858
f 4840/4858 4839/4859 4820/4841 4842/4862
f 4841/4861 4840/4858 4842/4862 4843/4863
f 983/986 982/987 4844/4865 4845/4864
f 4845/4864 4844/4865 4846/4867 4847/4866
f 983/986 4845/4864 4847/4866 984/988
f 4850/4870 984/988 4848/4869 4849/4868
f 4849/4868 4848/4869 4838/4860 4841/4861
f 4850/4870 4849/4868 4841/4861 4843/4863
f 4853/4873 4637/4658 4851/4872 4852/4871
f 4852/4871 4851/4872 4854/4875 4855/4874
f 4853/4873 4852/4871 4855/4874 4856/4876
f 4859/4879 4651/4672 4857/4878 4858/4877
f 4858/4877 4857/4878 4860/4881 4861/4880
f 4859/4879 4858/4877 4861/4880 4862/4882
f 4866/4886 4863/4885 4864/4884 4865/4883
f 4865/4883 4864/4884 4647/4669 4867/4887
f 4866/4886 4865/4883 4867/4887 4662/4682
f 4869/4889 4863/4885 4866/4886 4868/4888
f 4868/4888 4866/4886 4662/4682 4870/4890
f 4869/4889 4868/4888 4870/4890 4871/4891
f 4875/4895 4872/4894 4873/4893 4874/4892
f 4874/4892 4873/4893 4658/4678 4657/4676
f 4875/4895 4874/4892 4657/4676 4656/4677
f 4877/4897 4872/4894 4875/4895 4876/4896
f 4876/4896 4875/4895 4656/4677 4878/4898
f 4877/4897 4876/4896 4878/4898 4879/4899
f 4883/4903 4880/4902 4881/4901 4882/4900
f 4882/4900 4881/4901 4810/4832 4884/4904
f 4883/4903 4882/4900 4884/4904 4885/4905
f 4888/4908 4639/4659 4886/4907 4887/4906
f 4887/4906 4886/4907 4856/4876 4889/4909
f 4888/4908 4887/4906 4889/4909 4890/4910
f 4892/4912 4639/4659 4888/4908 4891/4911
f 4891/4911 4888/4908 4890/4910 4893/4913
f 4892/4912 4891/4911 4893/4913 4640/4662
f 4896/4916 4816/4838 4894/4915 4895/4914
f 4895/4914 4894/4915 4897/4918 4898/4917
f 4896/4916 4895/4914 4898/4917 4899/4919
f 4902/4922 1029/1035 4900/4921 4901/4920
f 4901/4920 4900/4921 4903/4924 4904/4923
f 4902/4922 4901/4920 4904/4923 4905/4925
f 1030/1034 1029/1035 4902/4922 4906/4926
f 4906/4926 4902/4922 4905/4925 4907/4927
f 1030/1034 4906/4926 4907/4927 1033/1038
f 4911/4931 4908/4930 4909/4929 4910/4928
f 4910/4928 4909/4929 4912/4933 4913/4932
f 4911/4931 4910/4928 4913/4932 4914/4934
f 4916/4936 4908/4930 4911/4931 4915/4935
f 4915/4935 4911/4931 4914/4934 4917/4937
f 4916/4936 4915/4935 4917/4937 4918/4938
f 4922/4942 4919/4941 4920/4940 4921/4939
f 4921/4939 4920/4940 4923/4944 4924/4943
f 4922/4942 4921/4939 4924/4943 4925/4945
f 4927/4947 4919/4941 4922/4942 4926/4946
f 4926/4946 4922/4942 4925/4945 4928/4948
f 4927/4947 4926/4946 4928/4948 4929/4949
f 4933/4953 4930/4952 4931/4951 4932/4950
f 4932/4950 4931/4951 4934/4955 4935/4954
f 4933/4953 4932/4950 4935/4954 4936/4956
f 4940/4960 4937/4959 4938/4958 4939/4957
f 4939/4957 4938/4958 4941/4962 4942/4961
f 4940/4960 4939/4957 4942/4961 4943/4963
f 4945/4965 4937/4959 4940/4960 4944/4964
f 4944/4964 4940/4960 4943/4963 4946/4966
f 4945/4965 4944/4964 4946/4966 4531/4551
f 4950/4970 4947/4969 4948/4968 4949/4967
f 4949/4967 4948/4968 4951/4972 4952/4971
f 4950/4970 4949/4967 4952/4971 4953/4973
f 4957/4977 4954/4976 4955/4975 4956/4974
f 4956/4974 4955/4975 4958/4979 4959/4978
f 4957/4977 4956/4974 4959/4978 4960/4980
f 4962/4982 4954/4976 4957/4977 4961/4981
f 4961/4981 4957/4977 4960/4980 4963/4983
f 4962/4982 4961/4981 4963/4983 4964/4984
f 4968/4988 4965/4987 4966/4986 4967/4985
f 4967/4985 4966/4986 4969/4990 4970/4989
f 4968/4988 4967/4985 4970/4989 4971/4991
f 4975/4995 4972/4994 4973/4993 4974/4992
f 4974/4992 4973/4993 4976/4997 4977/4996
f 4975/4995 4974/4992 4977/4996 4978/4998
f 4980/5000 4529/4550 4526/4546 4979/4999
f 4979/4999 4526/4546 4525/4547 4981/5001
f 4980/5000 4979/4999 4981/5001 4982/5002
f 4984/5004 4529/4550 4980/5000 4983/5003
f 4983/5003 4980/5000 4982/5002 4985/5005
f 4984/5004 4983/5003 4985/5005 4986/5006
f 4988/5008 4531/4551 4530/4549 4987/5007
f 4987/5007 4530/4549 4529/4550 4989/5009
f 4988/5008 4987/5007 4989/5009 4990/5010
f 4945/4965 4531/4551 4988/5008 4991/5011
f 4991/5011 4988/5008 4990/5010 4992/5012
f 4945/4965 4991/5011 4992/5012 4937/4959
f 4996/5016 4993/5015 4994/5014 4995/5013
f 4995/5013 4994/5014 4997/5018 4998/5017
f 4996/5016 4995/5013 4998/5017 4999/5019
f 5003/5023 5000/5022 5001/5021 5002/5020
f 5002/5020 5001/5021 5004/5025 5005/5024
f 5003/5023 5002/5020 5005/5024 5006/5026
f 5008/5028 5000/5022 5003/5023 5007/5027
f 5007/5027 5003/5023 5006/5026 5009/5029
f 5008/5028 5007/5027 5009/5029 5010/5030
f 5014/5034 5011/5033 5012/5032 5013/5031
f 5013/5031 5012/5032 5015/5036 5016/5035
f 5014/5034 5013/5031 5016/5035 5017/5037
f 5020/5040 4925/4945 5018/5039 5019/5038
f 5019/5038 5018/5039 5021/5042 5022/5041
f 5020/5040 5019/5038 5022/5041 5023/5043
f 5027/5047 5024/5046 5025/5045 5026/5044
f 5026/5044 5025/5045 4912/4933 4909/4929
f 5027/5047 5026/5044 4909/4929 4908/4930
f 5029/5049 5024/5046 5027/5047 5028/5048
f 5028/5048 5027/5047 4908/4930 5030/5050
f 5029/5049 5028/5048 5030/5050 5031/5051
f 5035/5055 5032/5054 5033/5053 5034/5052
f 5034/5052 5033/5053 4930/4952 5036/5056
f 5035/5055 5034/5052 5036/5056 5037/5057
f 5039/5059 5032/5054 5035/5055 5038/5058
f 5038/5058 5035/5055 5037/5057 5040/5060
f 5039/5059 5038/5058 5040/5060 5041/5061
f 5045/5065 5042/5064 5043/5063 5044/5062
f 5044/5062 5043/5063 5046/5067 5047/5066
f 5045/5065 5044/5062 5047/5066 5048/5068
f 5051/5071 2043/2050 5049/5070 5050/5069
f 5050/5069 5049/5070 4999/5019 4998/5017
f 5051/5071 5050/5069 4998/5017 4997/5018
f 5054/5074 916/919 5052/5073 5053/5072
f 5053/5072 5052/5073 5055/5076 5056/5075
f 5054/5074 5053/5072 5056/5075 5057/5077
f 5061/5081 5058/5080 5059/5079 5060/5078
f 5060/5078 5059/5079 4971/4991 5062/5082
f 5061/5081 5060/5078 5062/5082 5063/5083
f 5067/5087 5064/5086 5065/5085 5066/5084
f 5066/5084 5065/5085 5068/5089 5069/5088
f 5067/5087 5066/5084 5069/5088 5010/5030
f 5071/5091 5064/5086 5067/5087 5070/5090
f 5070/5090 5067/5087 5010/5030 5072/5092
f 5071/5091 5070/5090 5072/5092 5073/5093
f 5077/5097 5074/5096 5075/5095 5076/5094
f 5076/5094 5075/5095 5078/5099 5079/5098
f 5077/5097 5076/5094 5079/5098 5080/5100
f 4977/4996 4976/4997 5081/5102 5082/5101
f 5082/5101 5081/5102 5083/5104 5084/5103
f 4977/4996 5082/5101 5084/5103 4978/4998
f 5086/5106 5063/5083 5062/5082 5085/5105
f 5085/5105 5062/5082 4971/4991 4970/4989
f 5086/5106 5085/5105 4970/4989 4969/4990
f 5088/5108 5063/5083 5086/5106 5087/5107
f 5087/5107 5086/5106 4969/4990 5089/5109
f 5088/5108 5087/5107 5089/5109 5090/5110
f 5092/5112 2048/2057 2856/2867 5091/5111
f 5091/5111 2856/2867 775/780 5093/5113
f 5092/5112 5091/5111 5093/5113 5094/5114
f 5096/5116 2048/2057 5092/5112 5095/5115
f 5095/5115 5092/5112 5094/5114 5097/5117
f 5096/5116 5095/5115 5097/5117 5098/5118
f 5102/5122 5099/5121 5100/5120 5101/5119
f 5101/5119 5100/5120 5103/5124 5104/5123
f 5102/5122 5101/5119 5104/5123 5105/5125
f 5109/5129 5106/5128 5107/5127 5108/5126
f 5108/5126 5107/5127 5004/5025 5110/5130
f 5109/5129 5108/5126 5110/5130 5111/5131
f 5115/5135 5112/5134 5113/5133 5114/5132
f 5114/5132 5113/5133 5116/5137 5117/5136
f 5115/5135 5114/5132 5117/5136 5118/5138
f 5120/5140 5010/5030 5069/5088 5119/5139
f 5119/5139 5069/5088 5068/5089 5121/5141
f 5120/5140 5119/5139 5121/5141 5074/5096
f 5008/5028 5010/5030 5120/5140 5122/5142
f 5122/5142 5120/5140 5074/5096 5123/5143
f 5008/5028 5122/5142 5123/5143 5000/5022
f 5126/5146 5017/5037 5124/5145 5125/5144
f 5125/5144 5124/5145 5032/5054 5039/5059
f 5126/5146 5125/5144 5039/5059 5041/5061
f 5128/5148 5017/5037 5126/5146 5127/5147
f 5127/5147 5126/5146 5041/5061 5129/5149
f 5128/5148 5127/5147 5129/5149 5130/5150
f 5132/5152 5021/5042 5018/5039 5131/5151
f 5131/5151 5018/5039 4925/4945 5133/5153
f 5132/5152 5131/5151 5133/5153 5134/5154
f 5136/5156 5021/5042 5132/5152 5135/5155
f 5135/5155 5132/5152 5134/5154 5137/5157
f 5136/5156 5135/5155 5137/5157 5138/5158
f 5030/5050 4908/4930 5139/5160 5140/5159
f 5140/5159 5139/5160 5141/5162 5142/5161
f 5030/5050 5140/5159 5142/5161 5031/5051
f 5146/5166 5143/5165 5144/5164 5145/5163
f 5145/5163 5144/5164 5147/5168 5148/5167
f 5146/5166 5145/5163 5148/5167 4919/4941
f 5152/5172 5149/5171 5150/5170 5151/5169
f 5151/5169 5150/5170 5078/5099 5153/5173
f 5152/5172 5151/5169 5153/5173 5154/5174
f 3380/3395 781/784 5155/5176 5156/5175
f 5156/5175 5155/5176 5157/5178 5158/5177
f 3380/3395 5156/5175 5158/5177 3382/3397
f 5162/5182 5159/5181 5160/5180 5161/5179
f 5161/5179 5160/5180 5163/5184 5164/5183
f 5162/5182 5161/5179 5164/5183 5165/5185
f 5167/5187 4937/4959 4992/5012 5166/5186
f 5166/5186 4992/5012 4990/5010 5168/5188
f 5167/5187 5166/5186 5168/5188 5048/5068
f 5171/5191 4732/4752 5169/5190 5170/5189
f 5170/5189 5169/5190 5048/5068 5168/5188
f 5171/5191 5170/5189 5168/5188 4990/5010
f 4735/4755 4732/4752 5171/5191 5172/5192
f 5172/5192 5171/5191 4990/5010 5173/5193
f 4735/4755 5172/5192 5173/5193 4736/4756
f 5177/5197 5174/5196 5175/5195 5176/5194
f 5176/5194 5175/5195 5178/5199 5179/5198
f 5177/5197 5176/5194 5179/5198 4013/4028
f 5181/5201 5174/5196 5177/5197 5180/5200
f 5180/5200 5177/5197 4013/4028 5182/5202
f 5181/5201 5180/5200 5182/5202 4034/4049
f 5186/5206 5183/5205 5184/5204 5185/5203
f 5185/5203 5184/5204 5187/5208 5188/5207
f 5186/5206 5185/5203 5188/5207 5189/5209
f 5191/5211 5183/5205 5186/5206 5190/5210
f 5190/5210 5186/5206 5189/5209 5192/5212
f 5191/5211 5190/5210 5192/5212 5193/5213
f 5102/5122 5105/5125 5194/5215 5195/5214
f 5195/5214 5194/5215 5178/5199 5196/5216
f 5102/5122 5195/5214 5196/5216 5099/5121
f 5196/5216 5178/5199 5197/5218 5198/5217
f 5198/5217 5197/5218 4960/4980 5199/5219
f 5196/5216 5198/5217 5199/5219 5099/5121
f 5202/5222 3382/3397 5200/5221 5201/5220
f 5201/5220 5200/5221 5006/5026 5005/5024
f 5202/5222 5201/5220 5005/5024 5004/5025
f 5206/5226 5203/5225 5204/5224 5205/5223
f 5205/5223 5204/5224 5207/5228 5208/5227
f 5206/5226 5205/5223 5208/5227 5209/5229
f 5211/5231 5203/5225 5206/5226 5210/5230
f 5210/5230 5206/5226 5209/5229 5212/5232
f 5211/5231 5210/5230 5212/5232 5213/5233
f 5217/5237 5214/5236 5215/5235 5216/5234
f 5216/5234 5215/5235 5218/5239 5219/5238
f 5217/5237 5216/5234 5219/5238 796/800
f 5223/5243 5220/5242 5221/5241 5222/5240
f 5222/5240 5221/5241 5224/5245 5225/5244
f 5223/5243 5222/5240 5225/5244 5006/5026
f 5229/5249 5226/5248 5227/5247 5228/5246
f 5228/5246 5227/5247 5011/5033 5230/5250
f 5229/5249 5228/5246 5230/5250 5231/5251
f 5150/5170 5149/5171 5232/5253 5233/5252
f 5233/5252 5232/5253 5080/5100 5079/5098
f 5150/5170 5233/5252 5079/5098 5078/5099
f 5235/5255 5031/5051 5142/5161 5234/5254
f 5234/5254 5142/5161 5141/5162 5236/5256
f 5235/5255 5234/5254 5236/5256 5237/5257
f 5240/5260 4934/4955 5238/5259 5239/5258
f 5239/5258 5238/5259 5241/5262 5242/5261
f 5240/5260 5239/5258 5242/5261 5243/5263
f 4935/4954 4934/4955 5240/5260 5244/5264
f 5244/5264 5240/5260 5243/5263 5245/5265
f 4935/4954 5244/5264 5245/5265 4936/4956
f 5249/5269 5246/5268 5247/5267 5248/5266
f 5248/5266 5247/5267 5250/5271 5251/5270
f 5249/5269 5248/5266 5251/5270 4976/4997
f 5253/5273 5246/5268 5249/5269 5252/5272
f 5252/5272 5249/5269 4976/4997 5254/5274
f 5253/5273 5252/5272 5254/5274 5255/5275
f 5259/5279 5256/5278 5257/5277 5258/5276
f 5258/5276 5257/5277 5260/5281 5261/5280
f 5259/5279 5258/5276 5261/5280 5262/5282
f 5266/5286 5263/5285 5264/5284 5265/5283
f 5265/5283 5264/5284 5112/5134 5267/5287
f 5266/5286 5265/5283 5267/5287 5268/5288
f 5271/5291 785/789 5269/5290 5270/5289
f 5270/5289 5269/5290 5272/5293 5273/5292
f 5271/5291 5270/5289 5273/5292 4972/4994
f 5277/5297 5274/5296 5275/5295 5276/5294
f 5276/5294 5275/5295 4960/4980 4959/4978
f 5277/5297 5276/5294 4959/4978 4958/4979
f 5281/5301 5278/5300 5279/5299 5280/5298
f 5280/5298 5279/5299 5282/5303 5283/5302
f 5281/5301 5280/5298 5283/5302 4958/4979
f 5285/5305 5278/5300 5281/5301 5284/5304
f 5284/5304 5281/5301 4958/4979 4955/4975
f 5285/5305 5284/5304 4955/4975 4954/4976
f 5289/5309 5286/5308 5287/5307 5288/5306
f 5288/5306 5287/5307 5090/5110 5089/5109
f 5289/5309 5288/5306 5089/5109 4969/4990
f 5291/5311 5286/5308 5289/5309 5290/5310
f 5290/5310 5289/5309 4969/4990 5292/5312
f 5291/5311 5290/5310 5292/5312 5293/5313
f 5297/5317 5294/5316 5295/5315 5296/5314
f 5296/5314 5295/5315 5274/5296 5298/5318
f 5297/5317 5296/5314 5298/5318 5299/5319
f 5303/5323 5300/5322 5301/5321 5302/5320
f 5302/5320 5301/5321 5268/5288 5267/5287
f 5303/5323 5302/5320 5267/5287 5112/5134
f 5306/5326 927/931 5304/5325 5305/5324
f 5305/5324 5304/5325 5057/5077 5307/5327
f 5306/5326 5305/5324 5307/5327 5308/5328
f 5310/5330 927/931 5306/5326 5309/5329
f 5309/5329 5306/5326 5308/5328 5311/5331
f 5310/5330 5309/5329 5311/5331 5312/5332
f 5314/5334 5011/5033 5014/5034 5313/5333
f 5313/5333 5014/5034 5017/5037 5128/5148
f 5314/5334 5313/5333 5128/5148 5130/5150
f 5316/5336 5011/5033 5314/5334 5315/5335
f 5315/5335 5314/5334 5130/5150 5317/5337
f 5316/5336 5315/5335 5317/5337 5149/5171
f 5321/5341 5318/5340 5319/5339 5320/5338
f 5320/5338 5319/5339 5322/5343 5323/5342
f 5321/5341 5320/5338 5323/5342 5324/5344
f 5327/5347 3783/3799 5325/5346 5326/5345
f 5326/5345 5325/5346 5328/5349 5329/5348
f 5327/5347 5326/5345 5329/5348 4679/4700
f 5333/5353 5330/5352 5331/5351 5332/5350
f 5332/5350 5331/5351 4687/4707 5334/5354
f 5333/5353 5332/5350 5334/5354 4538/4558
f 5337/5357 4563/4584 5335/5356 5336/5355
f 5336/5355 5335/5356 4741/4762 5338/5358
f 5337/5357 5336/5355 5338/5358 5339/5359
f 5342/5362 4656/4677 5340/5361 5341/5360
f 5341/5360 5340/5361 4646/4666 5343/5363
f 5342/5362 5341/5360 5343/5363 5344/5364
f 4878/4898 4656/4677 5342/5362 5345/5365
f 5345/5365 5342/5362 5344/5364 5346/5366
f 4878/4898 5345/5365 5346/5366 4879/4899
f 5350/5370 5347/5369 5348/5368 5349/5367
f 5349/5367 5348/5368 5064/5086 5071/5091
f 5350/5370 5349/5367 5071/5091 5073/5093
f 5352/5372 5347/5369 5350/5370 5351/5371
f 5351/5371 5350/5370 5073/5093 5353/5373
f 5352/5372 5351/5371 5353/5373 5299/5319
f 5357/5377 5354/5376 5355/5375 5356/5374
f 5356/5374 5355/5375 5358/5379 5359/5378
f 5357/5377 5356/5374 5359/5378 5360/5380
f 5363/5383 5189/5209 5361/5382 5362/5381
f 5362/5381 5361/5382 787/790 786/788
f 5363/5383 5362/5381 786/788 785/789
f 5192/5212 5189/5209 5363/5383 5364/5384
f 5364/5384 5363/5383 785/789 5365/5385
f 5192/5212 5364/5384 5365/5385 5193/5213
f 897/900 900/903 5366/5387 5367/5386
f 5367/5386 5366/5387 5368/5389 5369/5388
f 897/900 5367/5386 5369/5388 894/899
f 5373/5393 5370/5392 5371/5391 5372/5390
f 5372/5390 5371/5391 5374/5395 5375/5394
f 5373/5393 5372/5390 5375/5394 4768/4790
f 5379/5399 5376/5398 5377/5397 5378/5396
f 5378/5396 5377/5397 5370/5392 5380/5400
f 5379/5399 5378/5396 5380/5400 5381/5401
f 5385/5405 5382/5404 5383/5403 5384/5402
f 5384/5402 5383/5403 5386/5407 5387/5406
f 5385/5405 5384/5402 5387/5406 5388/5408
f 5390/5410 5382/5404 5385/5405 5389/5409
f 5389/5409 5385/5405 5388/5408 5391/5411
f 5390/5410 5389/5409 5391/5411 5392/5412
f 5396/5416 5393/5415 5394/5414 5395/5413
f 5395/5413 5394/5414 4899/4919 5397/5417
f 5396/5416 5395/5413 5397/5417 4854/4875
f 5400/5420 4863/4885 5398/5419 5399/5418
f 5399/5418 5398/5419 5401/5422 5402/5421
f 5400/5420 5399/5418 5402/5421 5403/5423
f 5405/5425 4863/4885 5400/5420 5404/5424
f 5404/5424 5400/5420 5403/5423 5406/5426
f 5405/5425 5404/5424 5406/5426 4860/4881
f 4877/4897 4879/4899 5407/5428 5408/5427
f 5408/5427 5407/5428 5409/5430 5410/5429
f 4877/4897 5408/5427 5410/5429 4872/4894
f 5414/5434 5411/5433 5412/5432 5413/5431
f 5413/5431 5412/5432 5415/5436 5416/5435
f 5414/5434 5413/5431 5416/5435 4905/4925
f 5418/5438 4662/4682 4661/4681 5417/5437
f 5417/5437 4661/4681 4658/4678 4873/4893
f 5418/5438 5417/5437 4873/4893 4872/4894
f 4870/4890 4662/4682 5418/5438 5419/5439
f 5419/5439 5418/5438 4872/4894 5420/5440
f 4870/4890 5419/5439 5420/5440 4871/4891
f 5424/5444 5421/5443 5422/5442 5423/5441
f 5423/5441 5422/5442 5425/5446 5426/5445
f 5424/5444 5423/5441 5426/5445 1043/1048
f 5430/5450 5427/5449 5428/5448 5429/5447
f 5429/5447 5428/5448 5409/5430 5431/5451
f 5430/5450 5429/5447 5431/5451 5432/5452
f 5435/5455 2955/2969 5433/5454 5434/5453
f 5434/5453 5433/5454 5436/5457 5437/5456
f 5435/5455 5434/5453 5437/5456 4801/4823
f 5129/5149 5041/5061 5438/5459 5439/5458
f 5439/5458 5438/5459 5106/5128 5440/5460
f 5129/5149 5439/5458 5440/5460 5130/5150
f 5301/5321 5300/5322 5441/5462 5442/5461
f 5442/5461 5441/5462 5443/5464 5444/5463
f 5301/5321 5442/5461 5444/5463 5268/5288
f 5447/5467 5436/5457 5445/5466 5446/5465
f 5446/5465 5445/5466 5448/5469 5449/5468
f 5447/5467 5446/5465 5449/5468 5450/5470
f 5453/5473 5409/5430 5451/5472 5452/5471
f 5452/5471 5451/5472 5450/5470 5454/5474
f 5453/5473 5452/5471 5454/5474 5421/5443
f 5457/5477 4872/4894 5455/5476 5456/5475
f 5456/5475 5455/5476 5411/5433 5458/5478
f 5457/5477 5456/5475 5458/5478 5459/5479
f 5462/5482 5415/5436 5460/5481 5461/5480
f 5461/5480 5460/5481 2954/2966 3305/3317
f 5462/5482 5461/5480 3305/3317 1033/1038
f 5465/5485 5344/5364 5463/5484 5464/5483
f 5464/5483 5463/5484 5432/5452 5431/5451
f 5465/5485 5464/5483 5431/5451 5409/5430
f 5346/5366 5344/5364 5465/5485 5466/5486
f 5466/5486 5465/5485 5409/5430 5407/5428
f 5346/5366 5466/5486 5407/5428 4879/4899
f 5468/5488 4860/4881 5406/5426 5467/5487
f 5467/5487 5406/5426 5403/5423 5469/5489
f 5468/5488 5467/5487 5469/5489 5393/5415
f 4861/4880 4860/4881 5468/5488 5470/5490
f 5470/5490 5468/5488 5393/5415 5471/5491
f 4861/4880 5470/5490 5471/5491 4862/4882
f 4855/4874 4854/4875 5397/5417 5472/5492
f 5472/5492 5397/5417 4899/4919 5473/5493
f 4855/4874 5472/5492 5473/5493 4856/4876
f 5476/5496 4890/4910 5474/5495 5475/5494
f 5475/5494 5474/5495 5386/5407 5383/5403
f 5476/5496 5475/5494 5383/5403 5382/5404
f 5369/5388 5368/5389 5477/5498 5478/5497
f 5478/5497 5477/5498 886/891 2900/2910
f 5369/5388 5478/5497 2900/2910 894/899
f 5481/5501 5374/5395 5479/5500 5480/5499
f 5480/5499 5479/5500 5042/5064 5482/5502
f 5481/5501 5480/5499 5482/5502 4732/4752
f 5484/5504 5376/5398 5379/5399 5483/5503
f 5483/5503 5379/5399 5381/5401 5485/5505
f 5484/5504 5483/5503 5485/5505 886/891
f 5488/5508 5368/5389 5486/5507 5487/5506
f 5487/5506 5486/5507 5046/5067 5043/5063
f 5488/5508 5487/5506 5043/5063 5042/5064
f 5491/5511 5189/5209 5489/5510 5490/5509
f 5490/5509 5489/5510 4999/5019 5049/5070
f 5491/5511 5490/5509 5049/5070 2043/2050
f 5361/5382 5189/5209 5491/5511 5492/5512
f 5492/5512 5491/5511 2043/2050 2042/2049
f 5361/5382 5492/5512 2042/2049 787/790
f 5494/5514 5299/5319 5353/5373 5493/5513
f 5493/5513 5353/5373 5073/5093 5495/5515
f 5494/5514 5493/5513 5495/5515 5354/5376
f 5297/5317 5299/5319 5494/5514 5496/5516
f 5496/5516 5494/5514 5354/5376 5497/5517
f 5297/5317 5496/5516 5497/5517 5294/5316
f 5501/5521 5498/5520 5499/5519 5500/5518
f 5500/5518 5499/5519 5074/5096 5121/5141
f 5501/5521 5500/5518 5121/5141 5068/5089
f 5503/5523 5498/5520 5501/5521 5502/5522
f 5502/5522 5501/5521 5068/5089 5504/5524
f 5503/5523 5502/5522 5504/5524 5505/5525
f 5509/5529 5506/5528 5507/5527 5508/5526
f 5508/5526 5507/5527 4627/4649 5510/5530
f 5509/5529 5508/5526 5510/5530 4681/4701
f 5512/5532 4741/4762 5335/5356 5511/5531
f 5511/5531 5335/5356 4563/4584 5513/5533
f 5512/5532 5511/5531 5513/5533 5514/5534
f 5516/5536 4681/4701 5510/5530 5515/5535
f 5515/5535 5510/5530 4627/4649 5517/5537
f 5516/5536 5515/5535 5517/5537 4538/4558
f 5519/5539 4679/4700 4676/4696 5518/5538
f 5518/5538 4676/4696 4675/4697 5520/5540
f 5519/5539 5518/5538 5520/5540 4413/4434
f 5522/5542 4679/4700 5519/5539 5521/5541
f 5521/5541 5519/5539 4413/4434 4410/4430
f 5522/5542 5521/5541 4410/4430 4409/4431
f 5525/5545 5111/5131 5523/5544 5524/5543
f 5524/5543 5523/5544 5080/5100 5526/5546
f 5525/5545 5524/5543 5526/5546 5130/5150
f 5528/5548 5098/5118 5097/5117 5527/5547
f 5527/5547 5097/5117 5094/5114 5529/5549
f 5528/5548 5527/5547 5529/5549 5530/5550
f 5532/5552 5098/5118 5528/5548 5531/5551
f 5531/5551 5528/5548 5530/5550 5533/5553
f 5532/5552 5531/5551 5533/5553 5534/5554
f 5536/5556 4965/4987 4968/4988 5535/5555
f 5535/5555 4968/4988 4971/4991 5059/5079
f 5536/5556 5535/5555 5059/5079 5058/5080
f 5539/5559 5443/5464 5537/5558 5538/5557
f 5538/5557 5537/5558 5540/5561 5541/5560
f 5539/5559 5538/5557 5541/5560 5263/5285
f 5444/5463 5443/5464 5539/5559 5542/5562
f 5542/5562 5539/5559 5263/5285 5266/5286
f 5444/5463 5542/5562 5266/5286 5268/5288
f 5544/5565 4972/5564 4975/4995 5543/5563
f 5543/5563 4975/4995 4978/4998 5545/5566
f 5544/5565 5543/5563 5545/5566 5183/5567
f 5547/5570 4972/4994 5544/5569 5546/5568
f 5546/5568 5544/5569 5183/5205 5191/5211
f 5547/5570 5546/5568 5191/5211 5193/5213
f 5550/5573 5278/5300 5548/5572 5549/5571
f 5549/5571 5548/5572 5551/5575 5552/5574
f 5550/5573 5549/5571 5552/5574 5553/5576
f 5555/5578 5278/5300 5550/5573 5554/5577
f 5554/5577 5550/5573 5553/5576 5556/5579
f 5555/5578 5554/5577 5556/5579 5083/5104
f 5560/5583 5557/5582 5558/5581 5559/5580
f 5559/5580 5558/5581 5347/5369 5352/5372
f 5560/5583 5559/5580 5352/5372 5299/5319
f 5562/5585 5557/5582 5560/5583 5561/5584
f 5561/5584 5560/5583 5299/5319 5298/5318
f 5562/5585 5561/5584 5298/5318 5274/5296
f 5566/5589 5563/5588 5564/5587 5565/5586
f 5565/5586 5564/5587 5498/5520 5567/5590
f 5566/5589 5565/5586 5567/5590 5568/5591
f 5571/5595 5443/5594 5569/5593 5570/5592
f 5570/5592 5569/5593 1962/1967 5572/5596
f 5571/5595 5570/5592 5572/5596 5312/5332
f 5576/5600 5573/5599 5574/5598 5575/5597
f 5575/5597 5574/5598 5577/5602 5578/5601
f 5576/5600 5575/5597 5578/5601 4997/5018
f 5582/5606 5579/5605 5580/5604 5581/5603
f 5581/5603 5580/5604 5256/5278 5583/5607
f 5582/5606 5581/5603 5583/5607 5584/5608
f 5586/5610 5094/5114 5093/5113 5585/5609
f 5585/5609 5093/5113 775/780 3383/3396
f 5586/5610 5585/5609 3383/3396 3382/3397
f 5590/5614 5587/5613 5588/5612 5589/5611
f 5589/5611 5588/5612 5591/5616 5592/5615
f 5590/5614 5589/5611 5592/5615 5573/5599
f 5594/5618 5587/5613 5590/5614 5593/5617
f 5593/5617 5590/5614 5573/5599 5595/5619
f 5594/5618 5593/5617 5595/5619 5159/5181
f 5598/5622 4936/4956 5596/5621 5597/5620
f 5597/5620 5596/5621 5530/5550 5599/5623
f 5598/5622 5597/5620 5599/5623 5600/5624
f 5603/5627 4914/4934 5601/5626 5602/5625
f 5602/5625 5601/5626 4319/4337 4318/4335
f 5603/5627 5602/5625 4318/4335 4317/4336
f 4917/4937 4914/4934 5603/5627 5604/5628
f 5604/5628 5603/5627 4317/4336 5605/5629
f 4917/4937 5604/5628 5605/5629 4918/4938
f 5242/5261 5241/5262 5606/5631 5607/5630
f 5607/5630 5606/5631 5608/5633 5609/5632
f 5242/5261 5607/5630 5609/5632 5243/5263
f 5612/5636 5224/5245 5610/5635 5611/5634
f 5611/5634 5610/5635 5354/5376 5495/5515
f 5612/5636 5611/5634 5495/5515 5073/5093
f 5164/5183 5163/5184 5613/5638 5614/5637
f 5614/5637 5613/5638 5615/5640 5616/5639
f 5164/5183 5614/5637 5616/5639 5165/5185
f 5620/5644 5617/5643 5618/5642 5619/5641
f 5619/5641 5618/5642 5116/5137 5621/5645
f 5620/5644 5619/5641 5621/5645 5207/5228
f 5624/5648 5111/5131 5622/5647 5623/5646
f 5623/5646 5622/5647 5000/5022 5123/5143
f 5624/5648 5623/5646 5123/5143 5074/5096
f 5523/5544 5111/5131 5624/5648 5625/5649
f 5625/5649 5624/5648 5074/5096 5077/5097
f 5523/5544 5625/5649 5077/5097 5080/5100
f 5627/5651 4964/4984 4963/4983 5626/5650
f 5626/5650 4963/4983 4960/4980 5197/5218
f 5627/5651 5626/5650 5197/5218 5178/5199
f 5629/5653 4964/4984 5627/5651 5628/5652
f 5628/5652 5627/5651 5178/5199 5175/5195
f 5629/5653 5628/5652 5175/5195 5174/5196
f 5631/5655 5272/5293 5269/5290 5630/5654
f 5630/5654 5269/5290 785/789 2859/2869
f 5631/5655 5630/5654 2859/2869 8/10
f 5633/5657 5243/5263 5609/5632 5632/5656
f 5632/5656 5609/5632 5608/5633 5634/5658
f 5633/5657 5632/5656 5634/5658 5635/5659
f 5639/5663 5636/5662 5637/5661 5638/5660
f 5638/5660 5637/5661 5209/5229 5640/5664
f 5639/5663 5638/5660 5640/5664 5263/5285
f 5642/5666 5636/5662 5639/5663 5641/5665
f 5641/5665 5639/5663 5263/5285 5541/5560
f 5642/5666 5641/5665 5541/5560 5540/5561
f 5645/5669 5218/5239 5643/5668 5644/5667
f 5644/5667 5643/5668 5055/5076 5646/5670
f 5645/5669 5644/5667 5646/5670 798/801
f 5219/5238 5218/5239 5645/5669 5647/5671
f 5647/5671 5645/5669 798/801 797/799
f 5219/5238 5647/5671 797/799 796/800
f 5599/5623 5530/5550 5529/5549 5648/5672
f 5648/5672 5529/5549 5094/5114 5649/5673
f 5599/5623 5648/5672 5649/5673 5600/5624
f 5229/5249 5231/5251 5650/5675 5651/5674
f 5651/5674 5650/5675 5652/5677 5653/5676
f 5229/5249 5651/5674 5653/5676 5226/5248
f 5657/5681 5654/5680 5655/5679 5656/5678
f 5656/5678 5655/5679 4919/4941 5658/5682
f 5657/5681 5656/5678 5658/5682 5324/5344
f 5661/5685 4100/4116 5659/5684 5660/5683
f 5660/5683 5659/5684 5024/5046 5029/5049
f 5661/5685 5660/5683 5029/5049 5031/5051
f 5663/5687 4100/4116 5661/5685 5662/5686
f 5662/5686 5661/5685 5031/5051 5235/5255
f 5663/5687 5662/5686 5235/5255 5237/5257
f 5666/5690 5143/5165 5664/5689 5665/5688
f 5665/5688 5664/5689 5667/5692 5668/5691
f 5666/5690 5665/5688 5668/5691 5669/5693
f 5144/5164 5143/5165 5666/5690 5670/5694
f 5670/5694 5666/5690 5669/5693 5671/5695
f 5144/5164 5670/5694 5671/5695 5147/5168
f 5675/5699 5672/5698 5673/5697 5674/5696
f 5674/5696 5673/5697 5676/5701 5677/5700
f 5675/5699 5674/5696 5677/5700 4934/4955
f 5681/5705 5678/5704 5679/5703 5680/5702
f 5680/5702 5679/5703 5682/5707 5683/5706
f 5681/5705 5680/5702 5683/5706 5057/5077
f 5685/5709 5678/5704 5681/5705 5684/5708
f 5684/5708 5681/5705 5057/5077 5056/5075
f 5685/5709 5684/5708 5056/5075 5055/5076
f 5688/5712 5250/5271 5686/5711 5687/5710
f 5687/5710 5686/5711 4947/4969 5689/5713
f 5688/5712 5687/5710 5689/5713 5690/5714
f 5692/5716 5584/5608 5583/5607 5691/5715
f 5691/5715 5583/5607 5256/5278 5693/5717
f 5692/5716 5691/5715 5693/5717 5636/5718
f 5697/5722 5694/5721 5695/5720 5696/5719
f 5696/5719 5695/5720 5154/5174 5698/5723
f 5697/5722 5696/5719 5698/5723 5563/5588
f 5700/5725 5694/5721 5697/5722 5699/5724
f 5699/5724 5697/5722 5563/5588 5701/5726
f 5700/5725 5699/5724 5701/5726 5702/5727
f 5705/5730 5083/5104 5703/5729 5704/5728
f 5704/5728 5703/5729 5690/5714 5706/5731
f 5705/5730 5704/5728 5706/5731 5282/5303
f 5555/5578 5083/5104 5705/5730 5707/5732
f 5707/5732 5705/5730 5282/5303 5279/5299
f 5555/5578 5707/5732 5279/5299 5278/5300
f 5709/5734 5293/5313 5292/5312 5708/5733
f 5708/5733 5292/5312 4969/4990 5710/5735
f 5709/5734 5708/5733 5710/5735 5711/5736
f 5713/5738 5293/5313 5709/5734 5712/5737
f 5712/5737 5709/5734 5711/5736 5714/5739
f 5713/5738 5712/5737 5714/5739 5715/5740
f 5718/5743 5294/5316 5716/5742 5717/5741
f 5717/5741 5716/5742 5360/5380 5719/5744
f 5718/5743 5717/5741 5719/5744 5099/5121
f 5295/5315 5294/5316 5718/5743 5720/5745
f 5720/5745 5718/5743 5099/5121 5721/5746
f 5295/5315 5720/5745 5721/5746 5274/5296
f 5724/5749 5048/5068 5722/5748 5723/5747
f 5723/5747 5722/5748 5725/5751 5726/5750
f 5724/5749 5723/5747 5726/5750 5112/5134
f 5728/5753 5048/5068 5724/5749 5727/5752
f 5727/5752 5724/5749 5112/5134 5115/5135
f 5728/5753 5727/5752 5115/5135 5118/5138
f 5732/5757 5729/5756 5730/5755 5731/5754
f 5731/5754 5730/5755 5262/5759 5733/5758
f 5732/5762 5731/5761 5733/5760 5187/5208
f 5737/5766 5734/5765 5735/5764 5736/5763
f 5736/5763 5735/5764 5738/5768 5739/5767
f 5737/5766 5736/5763 5739/5767 5312/5332
f 5743/5772 5740/5771 5741/5770 5742/5769
f 5742/5769 5741/5770 5744/5774 5745/5773
f 5743/5772 5742/5769 5745/5773 5165/5185
f 5747/5776 5740/5771 5743/5772 5746/5775
f 5746/5775 5743/5772 5165/5185 5616/5639
f 5747/5776 5746/5775 5616/5639 5615/5640
f 5749/5778 5231/5251 5230/5250 5748/5777
f 5748/5777 5230/5250 5011/5033 5316/5336
f 5749/5778 5748/5777 5316/5336 5149/5171
f 5753/5782 5750/5781 5751/5780 5752/5779
f 5752/5779 5751/5780 5024/5046 5659/5684
f 5753/5782 5752/5779 5659/5684 4100/4116
f 5755/5784 5750/5781 5753/5782 5754/5783
f 5754/5783 5753/5782 4100/4116 4097/4112
f 5755/5784 5754/5783 4097/4112 4096/4113
f 5757/5786 5652/5677 5650/5675 5756/5785
f 5756/5785 5650/5675 5231/5251 5758/5787
f 5757/5786 5756/5785 5758/5787 5154/5174
f 5760/5789 5652/5677 5757/5786 5759/5788
f 5759/5788 5757/5786 5154/5174 5695/5720
f 5760/5789 5759/5788 5695/5720 5694/5721
f 5763/5792 5672/5698 5761/5791 5762/5790
f 5762/5790 5761/5791 5032/5054 5124/5145
f 5763/5792 5762/5790 5124/5145 5017/5037
f 5173/5193 4990/5010 4989/5009 5764/5793
f 5764/5793 4989/5009 4529/4550 5765/5794
f 5173/5193 5764/5793 5765/5794 4736/4756
f 5767/5796 5224/5245 5612/5636 5766/5795
f 5766/5795 5612/5636 5073/5093 5072/5092
f 5767/5796 5766/5795 5072/5092 5010/5030
f 5770/5799 2863/2873 5768/5798 5769/5797
f 5769/5797 5768/5798 5577/5602 5771/5800
f 5770/5799 5769/5797 5771/5800 5214/5236
f 5773/5802 5207/5228 5621/5645 5772/5801
f 5772/5801 5621/5645 5116/5137 5774/5803
f 5773/5802 5772/5801 5774/5803 5263/5285
f 5208/5227 5207/5228 5773/5802 5775/5804
f 5775/5804 5773/5802 5263/5285 5640/5664
f 5208/5227 5775/5804 5640/5664 5209/5229
f 5777/5806 5159/5181 5595/5619 5776/5805
f 5776/5805 5595/5619 5573/5599 5778/5807
f 5777/5806 5776/5805 5778/5807 4993/5015
f 5782/5811 5779/5810 5780/5809 5781/5808
f 5781/5808 5780/5809 5246/5268 5783/5812
f 5782/5811 5781/5808 5783/5812 2048/2057
f 5785/5814 4034/4049 4033/4048 5784/5813
f 5784/5813 4033/4048 4030/4045 5786/5815
f 5785/5814 5784/5813 5786/5815 5286/5308
f 5181/5201 4034/4049 5785/5814 5787/5816
f 5787/5816 5785/5814 5286/5308 5788/5817
f 5181/5201 5787/5816 5788/5817 5174/5196
f 5791/5820 5272/5293 5789/5819 5790/5818
f 5790/5818 5789/5819 2048/2057 5792/5821
f 5791/5820 5790/5818 5792/5821 5255/5275
f 5273/5292 5272/5293 5791/5820 5793/5822
f 5793/5822 5791/5820 5255/5275 5794/5823
f 5273/5292 5793/5822 5794/5823 4972/4994
f 5797/5826 5300/5322 5795/5825 5796/5824
f 5796/5824 5795/5825 901/906 1963/1968
f 5797/5828 5796/5827 1963/1966 1962/1967
f 5799/5830 5209/5229 5637/5661 5798/5829
f 5798/5829 5637/5661 5636/5662 5800/5831
f 5799/5830 5798/5829 5800/5831 5262/5759
f 5802/5833 4930/4952 5033/5053 5801/5832
f 5801/5832 5033/5053 5032/5054 5761/5791
f 5802/5833 5801/5832 5761/5791 5672/5698
f 5806/5837 5803/5836 5804/5835 5805/5834
f 5805/5834 5804/5835 4923/4944 5807/5838
f 5806/5837 5805/5834 5807/5838 5147/5168
f 5809/5840 5803/5836 5806/5837 5808/5839
f 5808/5839 5806/5837 5147/5168 5810/5841
f 5809/5840 5808/5839 5810/5841 5811/5842
f 5813/5844 5354/5376 5610/5635 5812/5843
f 5812/5843 5610/5635 5224/5245 5814/5845
f 5813/5844 5812/5843 5814/5845 5654/5680
f 5818/5849 5815/5848 5816/5847 5817/5846
f 5817/5846 5816/5847 4903/4924 4900/4921
f 5818/5849 5817/5846 4900/4921 1029/1035
f 5820/5851 4843/4863 4842/4862 5819/5850
f 5819/5850 4842/4862 4820/4841 5821/5852
f 5820/5851 5819/5850 5821/5852 4899/4919
f 5824/5855 4816/4838 5822/5854 5823/5853
f 5823/5853 5822/5854 4810/4832 4881/4901
f 5824/5855 5823/5853 4881/4901 4880/4902
f 5826/5857 4640/4662 4893/4913 5825/5856
f 5825/5856 4893/4913 4890/4910 5476/5496
f 5826/5857 5825/5856 5476/5496 5382/5404
f 5828/5859 4640/4662 5826/5857 5827/5858
f 5827/5858 5826/5857 5382/5404 5829/5860
f 5828/5859 5827/5858 5829/5860 5830/5861
f 5387/5406 5386/5407 5831/5863 5832/5862
f 5832/5862 5831/5863 5833/5865 5834/5864
f 5387/5406 5832/5862 5834/5864 5388/5408
f 5837/5868 4644/4665 5835/5867 5836/5866
f 5836/5866 5835/5867 5392/5412 5838/5869
f 5837/5868 5836/5866 5838/5869 5344/5364
f 5841/5872 5815/5848 5839/5871 5840/5870
f 5840/5870 5839/5871 5403/5423 5402/5421
f 5841/5872 5840/5870 5402/5421 5401/5422
f 5816/5847 5815/5848 5841/5872 5842/5873
f 5842/5873 5841/5872 5401/5422 5843/5874
f 5816/5847 5842/5873 5843/5874 4903/4924
f 5846/5877 4633/4655 5844/5876 5845/5875
f 5845/5875 5844/5876 4862/4882 5847/5878
f 5846/5877 5845/5875 5847/5878 4854/4875
f 5849/5880 5392/5412 5391/5411 5848/5879
f 5848/5879 5391/5411 5388/5408 5850/5881
f 5849/5880 5848/5879 5850/5881 5432/5452
f 5838/5869 5392/5412 5849/5880 5851/5882
f 5851/5882 5849/5880 5432/5452 5463/5484
f 5838/5869 5851/5882 5463/5484 5344/5364
f 4847/4866 4846/4867 5852/5884 5853/5883
f 5853/5883 5852/5884 4838/4860 4848/4869
f 4847/4866 5853/5883 4848/4869 984/988
f 5855/5886 4827/4847 4826/4846 5854/5885
f 5854/5885 4826/4846 4822/4842 5856/5887
f 5855/5886 5854/5885 5856/5887 4846/4867
f 5859/5890 4828/4850 5857/5889 5858/5888
f 5858/5888 5857/5889 5381/5401 5380/5400
f 5859/5890 5858/5888 5380/5400 5370/5392
f 5862/5893 4837/4857 5860/5892 5861/5891
f 5861/5891 5860/5892 4775/4797 5863/5894
f 5862/5893 5861/5891 5863/5894 4827/4847
f 5866/5897 4822/4842 5864/5896 5865/5895
f 5865/5895 5864/5896 4783/4805 5867/5898
f 5866/5897 5865/5895 5867/5898 4793/4814
f 5822/5854 4816/4838 5868/5900 5869/5899
f 5869/5899 5868/5900 4789/4811 4811/4831
f 5822/5854 5869/5899 4811/4831 4810/4832
f 5871/5902 4805/4826 4802/4822 5870/5901
f 5870/5901 4802/4822 4801/4823 5872/5903
f 5871/5902 5870/5901 5872/5903 5833/5865
f 5875/5906 1059/1063 5873/5905 5874/5904
f 5874/5904 5873/5905 4798/4819 5876/5907
f 5875/5906 5874/5904 5876/5907 5877/5908
f 5879/5910 1059/1063 5875/5906 5878/5909
f 5878/5909 5875/5906 5877/5908 5880/5911
f 5879/5910 5878/5909 5880/5911 4763/4783
f 5882/5913 4789/4811 4792/4812 5881/5912
f 5881/5912 4792/4812 4788/4808 5883/5914
f 5882/5913 5881/5912 5883/5914 4800/4820
f 5885/5916 4782/4802 4781/4801 5884/5915
f 5884/5915 4781/4801 4757/4778 5886/5917
f 5885/5916 5884/5915 5886/5917 4753/4773
f 5889/5920 4775/4797 5887/5919 5888/5918
f 5888/5918 5887/5919 4774/4794 4773/4792
f 5889/5920 5888/5918 4773/4792 4772/4793
f 4776/4796 4775/4797 5889/5920 5890/5921
f 5890/5921 5889/5920 4772/4793 5891/5922
f 4776/4796 5890/5921 5891/5922 4759/4779
f 5894/5925 4764/4786 5892/5924 5893/5923
f 5893/5923 5892/5924 5339/5359 5338/5358
f 5894/5925 5893/5923 5338/5358 4741/4762
f 5896/5927 4764/4786 5894/5925 5895/5926
f 5895/5926 5894/5925 4741/4762 5897/5928
f 5896/5927 5895/5926 5897/5928 5877/5908
f 5900/5931 4772/4793 5898/5930 5899/5929
f 5899/5929 5898/5930 5901/5933 5902/5932
f 5900/5931 5899/5929 5902/5932 5903/5934
f 5905/5936 4717/4739 4724/4744 5904/5935
f 5904/5935 4724/4744 4726/4746 4751/4771
f 5905/5936 5904/5935 4751/4771 4753/4773
f 4754/4775 4717/4739 5905/5936 5906/5937
f 5906/5937 5905/5936 4753/4773 5886/5917
f 4754/4775 5906/5937 5886/5917 4757/4778
f 5909/5940 5339/5359 5907/5939 5908/5938
f 5908/5938 5907/5939 4747/4768 5910/5941
f 5909/5940 5908/5938 5910/5941 4706/4728
f 5912/5943 5339/5359 5909/5940 5911/5942
f 5911/5942 5909/5940 4706/4728 5913/5944
f 5912/5943 5911/5942 5913/5944 5330/5352
f 5915/5946 5368/5389 5488/5508 5914/5945
f 5914/5945 5488/5508 5042/5064 5916/5947
f 5915/5946 5914/5945 5916/5947 5376/5398
f 5920/5951 5917/5950 5918/5949 5919/5948
f 5919/5948 5918/5949 4721/4742 4718/4738
f 5920/5951 5919/5948 4718/4738 4717/4739
f 5922/5953 5917/5950 5920/5951 5921/5952
f 5921/5952 5920/5951 4717/4739 5923/5954
f 5922/5953 5921/5952 5923/5954 5903/5934
f 5925/5956 5330/5352 5913/5944 5924/5955
f 5924/5955 5913/5944 4706/4728 4714/4734
f 5925/5956 5924/5955 4714/4734 4716/4736
f 5331/5351 5330/5352 5925/5956 5926/5957
f 5926/5957 5925/5956 4716/4736 5927/5958
f 5331/5351 5926/5957 5927/5958 4687/4707
f 5930/5961 4721/4742 5928/5960 5929/5959
f 5929/5959 5928/5960 5931/5963 5932/5962
f 5930/5961 5929/5959 5932/5962 4712/4732
f 5934/5965 4700/4721 4734/4754 5933/5964
f 5933/5964 4734/4754 4736/4756 5935/5966
f 5934/5965 5933/5964 5935/5966 4986/5006
f 4701/4720 4700/4721 5934/5965 5936/5967
f 5936/5967 5934/5965 4986/5006 5937/5968
f 4701/4720 5936/5967 5937/5968 4702/4722
f 5940/5971 4665/4687 5938/5970 5939/5969
f 5939/5969 5938/5970 5941/5973 5942/5972
f 5940/5971 5939/5969 5942/5972 5931/5963
f 4694/4714 4665/4687 5940/5971 5943/5974
f 5943/5974 5940/5971 5931/5963 5944/5975
f 4694/4714 5943/5974 5944/5975 4695/4715
f 5948/5979 5945/5978 5946/5977 5947/5976
f 5947/5976 5946/5977 4675/4697 5949/5980
f 5948/5979 5947/5976 5949/5980 4682/4704
f 5951/5982 4681/4701 4680/4699 5950/5981
f 5950/5981 4680/4699 4679/4700 5329/5348
f 5951/5982 5950/5981 5329/5348 5328/5349
f 4683/4703 4682/4704 5949/5980 5952/5983
f 5952/5983 5949/5980 4675/4697 4678/4698
f 4683/4703 5952/5983 4678/4698 4681/4701
f 5955/5986 5945/5978 5953/5985 5954/5984
f 5954/5984 5953/5985 5941/5973 5956/5987
f 5955/5986 5954/5984 5956/5987 5957/5988
f 5959/5990 5945/5978 5955/5986 5958/5989
f 5958/5989 5955/5986 5957/5988 5960/5991
f 5959/5990 5958/5989 5960/5991 5961/5992
f 4806/4825 4805/4826 5962/5994 5963/5993
f 5963/5993 5962/5994 4800/4820 4799/4818
f 4806/4825 5963/5993 4799/4818 4798/4819
f 5966/5997 4611/4631 5964/5996 5965/5995
f 5965/5995 5964/5996 5967/5999 5968/5998
f 5966/5997 5965/5995 5968/5998 4588/4608
f 5972/6003 5969/6002 5970/6001 5971/6000
f 5971/6000 5970/6001 5973/6005 5974/6004
f 5972/6003 5971/6000 5974/6004 4584/4604
f 5976/6007 4622/4642 4621/4641 5975/6006
f 5975/6006 4621/4641 4607/4627 5977/6008
f 5976/6007 5975/6006 5977/6008 4536/4557
f 5979/6010 4622/4642 5976/6007 5978/6009
f 5978/6009 5976/6007 4536/4557 4533/4553
f 5979/6010 5978/6009 4533/4553 4532/4554
f 5982/6013 4605/4626 5980/6012 5981/6011
f 5981/6011 5980/6012 4565/4585 5983/6014
f 5982/6013 5981/6011 5983/6014 4536/4557
f 4606/4625 4605/4626 5982/6013 5984/6015
f 5984/6015 5982/6013 4536/4557 5977/6008
f 4606/4625 5984/6015 5977/6008 4607/4627
f 5987/6018 4575/4596 5985/6017 5986/6016
f 5986/6016 5985/6017 5988/6020 5989/6019
f 5987/6018 5986/6016 5989/6019 5973/6005
f 5991/6022 4575/4596 5987/6018 5990/6021
f 5990/6021 5987/6018 5973/6005 5970/6001
f 5991/6022 5990/6021 5970/6001 5969/6002
f 5994/6025 4552/4572 5992/6024 5993/6023
f 5993/6023 5992/6024 4553/4575 4594/4614
f 5994/6025 5993/6023 4594/4614 4596/4616
f 5996/6027 4552/4572 5994/6025 5995/6026
f 5995/6026 5994/6025 4596/4616 4616/4635
f 5996/6027 5995/6026 4616/4635 4615/4636
f 6000/6031 5997/6030 5998/6029 5999/6028
f 5999/6028 5998/6029 4578/4600 4586/4606
f 6000/6031 5999/6028 4586/4606 4588/4608
f 6002/6033 5997/6030 6000/6031 6001/6032
f 6001/6032 6000/6031 4588/4608 5968/5998
f 6002/6033 6001/6032 5968/5998 5967/5999
f 6004/6035 4550/4571 4547/4567 6003/6034
f 6003/6034 4547/4567 4546/4568 6005/6036
f 6004/6035 6003/6034 6005/6036 5988/6020
f 4572/4593 4550/4571 6004/6035 6006/6037
f 6006/6037 6004/6035 5988/6020 5985/6017
f 4572/4593 6006/6037 5985/6017 4575/4596
f 4570/4589 4569/4590 6007/6039 6008/6038
f 6008/6038 6007/6039 4601/4623 6009/6040
f 4570/4589 6008/6038 6009/6040 4571/4591
f 6011/6042 4631/4652 4628/4648 6010/6041
f 6010/6041 4628/4648 4627/4649 6012/6043
f 6011/6042 6010/6041 6012/6043 5514/5534
f 6014/6045 4631/4652 6011/6042 6013/6044
f 6013/6044 6011/6042 5514/5534 6015/6046
f 6014/6045 6013/6044 6015/6046 4559/4581
f 6018/6049 4582/4603 6016/6048 6017/6047
f 6017/6047 6016/6048 4569/4590 4566/4587
f 6018/6049 6017/6047 4566/4587 4546/4568
f 6020/6051 4578/4600 5998/6029 6019/6050
f 6019/6050 5998/6029 5997/6030 6021/6052
f 6020/6051 6019/6050 6021/6052 4539/4561
f 6023/6054 5901/5933 5898/5930 6022/6053
f 6022/6053 5898/5930 4772/4793 4769/4789
f 6023/6054 6022/6053 4769/4789 4768/4790
f 6025/6056 5241/5262 5238/5259 6024/6055
f 6024/6055 5238/5259 4934/4955 5677/5700
f 6025/6056 6024/6055 5677/5700 5676/5701
f 6027/6058 4402/4424 4405/4425 6026/6057
f 6026/6057 4405/4425 4408/4428 6028/6059
f 6027/6058 6026/6057 6028/6059 4201/4221
f 6030/6061 4402/4424 6027/6058 6029/6060
f 6029/6060 6027/6058 4201/4221 4209/4227
f 6030/6061 6029/6060 4209/4227 4211/4229
f 6033/6064 3866/3882 6031/6063 6032/6062
f 6032/6062 6031/6063 2343/2350 2342/2349
f 6033/6064 6032/6062 2342/2349 286/289
f 6037/6068 6034/6067 6035/6066 6036/6065
f 6036/6065 6035/6066 3932/3948 6038/6069
f 6037/6068 6036/6065 6038/6069 4511/4533
f 6041/6072 4500/4520 6039/6071 6040/6070
f 6040/6070 6039/6071 4508/4528 6042/6073
f 6041/6072 6040/6070 6042/6073 6043/6074
f 6045/6076 4500/4520 6041/6072 6044/6075
f 6044/6075 6041/6072 6043/6074 6046/6077
f 6045/6076 6044/6075 6046/6077 6047/6078
f 6049/6080 3938/3953 3937/3952 6048/6079
f 6048/6079 3937/3952 3934/3949 4504/4525
f 6049/6080 6048/6079 4504/4525 4496/4516
f 6051/6082 3862/3879 3940/3955 6050/6081
f 6050/6081 3940/3955 3939/3956 6052/6083
f 6051/6082 6050/6081 6052/6083 6034/6067
f 6055/6086 4508/4528 6053/6085 6054/6084
f 6054/6084 6053/6085 3932/3948 6056/6087
f 6055/6086 6054/6084 6056/6087 6057/6088
f 6059/6090 3910/3927 4490/4510 6058/6089
f 6058/6089 4490/4510 3966/3982 3963/3978
f 6059/6090 6058/6089 3963/3978 3962/3979
f 6061/6092 3951/3966 4485/4505 6060/6091
f 6060/6091 4485/4505 3956/3973 3959/3974
f 6061/6092 6060/6091 3959/3974 3961/3976
f 6063/6094 3951/3966 6061/6092 6062/6093
f 6062/6093 6061/6092 3961/3976 6064/6095
f 6063/6094 6062/6093 6064/6095 4486/4508
f 6066/6097 2432/2440 4464/4484 6065/6096
f 6065/6096 4464/4484 4463/4485 4476/4496
f 6066/6097 6065/6096 4476/4496 4479/4499
f 2433/2439 2432/2440 6066/6097 6067/6098
f 6067/6098 6066/6097 4479/4499 6068/6099
f 2433/2439 6067/6098 6068/6099 2434/2441
f 6070/6101 3905/3920 3904/3919 6069/6100
f 6069/6100 3904/3919 2634/2645 3540/3554
f 6070/6101 6069/6100 3540/3554 2343/2350
f 4519/4539 3905/3920 6070/6101 6071/6102
f 6071/6102 6070/6101 2343/2350 6072/6103
f 4519/4539 6071/6102 6072/6103 4520/4540
f 3832/3846 3831/3847 6073/6105 6074/6104
f 6074/6104 6073/6105 4468/4490 6075/6106
f 3832/3846 6074/6104 6075/6106 3833/3848
f 6077/6108 2434/2441 6068/6099 6076/6107
f 6076/6107 6068/6099 4479/4499 6078/6109
f 6077/6108 6076/6107 6078/6109 4524/4544
f 2572/2580 2434/2441 6077/6108 6079/6110
f 6079/6110 6077/6108 4524/4544 6080/6111
f 2572/2580 6079/6110 6080/6111 135/137
f 6084/6115 6081/6114 6082/6113 6083/6112
f 6083/6112 6082/6113 5318/5340 6085/6116
f 6084/6115 6083/6112 6085/6116 4112/4127
f 6087/6118 6081/6114 6084/6115 6086/6117
f 6086/6117 6084/6115 4112/4127 4452/4472
f 6087/6118 6086/6117 4452/4472 4451/4473
f 6089/6120 3979/3995 3976/3991 6088/6119
f 6088/6119 3976/3991 3975/3992 6090/6121
f 6089/6120 6088/6119 6090/6121 6091/6122
f 6094/6125 4170/4186 6092/6124 6093/6123
f 6093/6123 6092/6124 4446/4466 6095/6126
f 6094/6125 6093/6123 6095/6126 4359/4378
f 4171/4185 4170/4186 6094/6125 6096/6127
f 6096/6127 6094/6125 4359/4378 4356/4375
f 4171/4185 6096/6127 4356/4375 4133/4150
f 6099/6130 6057/6088 6097/6129 6098/6128
f 6098/6128 6097/6129 6100/6132 6101/6131
f 6099/6130 6098/6128 6101/6131 6102/6133
f 6106/6137 6103/6136 6104/6135 6105/6134
f 6105/6134 6104/6135 4426/4448 6107/6138
f 6106/6137 6105/6134 6107/6138 6108/6139
f 6112/6143 6109/6142 6110/6141 6111/6140
f 6111/6140 6110/6141 6113/6145 6114/6144
f 6112/6143 6111/6140 6114/6144 4424/4445
f 6116/6147 4409/4431 4417/4437 6115/6146
f 6115/6146 4417/4437 4419/4439 6117/6148
f 6116/6147 6115/6146 6117/6148 3743/3758
f 6121/6152 6118/6151 6119/6150 6120/6149
f 6120/6149 6119/6150 4112/4127 6085/6116
f 6121/6152 6120/6149 6085/6116 5318/5340
f 6125/6156 6122/6155 6123/6154 6124/6153
f 6124/6153 6123/6154 4402/4424 6126/6157
f 6125/6156 6124/6153 6126/6157 4084/4099
f 6128/6159 6122/6155 6125/6156 6127/6158
f 6127/6158 6125/6156 4084/4099 6129/6160
f 6128/6159 6127/6158 6129/6160 4115/4131
f 6132/6163 4350/4370 6130/6162 6131/6161
f 6131/6161 6130/6162 6133/6165 6134/6164
f 6132/6163 6131/6161 6134/6164 6135/6166
f 6137/6168 4350/4370 6132/6163 6136/6167
f 6136/6167 6132/6163 6135/6166 6138/6169
f 6137/6168 6136/6167 6138/6169 2417/2426
f 6140/6171 4386/4406 4522/4542 6139/6170
f 6139/6170 4522/4542 4524/4544 6078/6109
f 6140/6171 6139/6170 6078/6109 4479/4499
f 6144/6175 6141/6174 6142/6173 6143/6172
f 6143/6172 6142/6173 4262/4282 6145/6176
f 6144/6175 6143/6172 6145/6176 6091/6122
f 6148/6179 4150/4165 6146/6178 6147/6177
f 6147/6177 6146/6178 6149/6181 6150/6180
f 6148/6179 6147/6177 6150/6180 4159/4175
f 6152/6183 4150/4165 6148/6179 6151/6182
f 6151/6182 6148/6179 4159/4175 6153/6184
f 6152/6183 6151/6182 6153/6184 4028/4044
f 6156/6187 4144/4161 6154/6186 6155/6185
f 6155/6185 6154/6186 4380/4400 6157/6188
f 6156/6187 6155/6185 6157/6188 4287/4305
f 6159/6190 4144/4161 6156/6187 6158/6189
f 6158/6189 6156/6187 4287/4305 6160/6191
f 6159/6190 6158/6189 6160/6191 6161/6192
f 6163/6194 4384/4403 4381/4399 6162/6193
f 6162/6193 4381/4399 4380/4400 6164/6195
f 6163/6194 6162/6193 6164/6195 4266/4285
f 6166/6197 4018/4035 4021/4036 6165/6196
f 6165/6196 4021/4036 4023/4038 6167/6198
f 6166/6197 6165/6196 6167/6198 14/14
f 4387/4405 4386/4406 6168/6200 6169/6199
f 6169/6199 6168/6200 6170/6202 6171/6201
f 4387/4405 6169/6199 6171/6201 4052/4068
f 6174/6206 4004/6205 6172/6204 6173/6203
f 6173/6203 6172/6204 6175/6208 6176/6207
f 6174/6206 6173/6203 6176/6207 6177/6209
f 6180/6212 4462/4482 6178/6211 6179/6210
f 6179/6210 6178/6211 6181/6214 6182/6213
f 6180/6212 6179/6210 6182/6213 4166/4183
f 4460/4480 4462/4482 6180/6212 6183/6215
f 6183/6215 6180/6212 4166/4183 6184/6216
f 4460/4480 6183/6215 6184/6216 4040/4055
f 6187/6219 4323/4343 6185/6218 6186/6217
f 6186/6217 6185/6218 4307/4327 4310/4328
f 6187/6219 6186/6217 4310/4328 4312/4330
f 6189/6221 4323/4343 6187/6219 6188/6220
f 6188/6220 6187/6219 4312/4330 6190/6222
f 6189/6221 6188/6220 6190/6222 6191/6223
f 6193/6225 5237/5257 5236/5256 6192/6224
f 6192/6224 5236/5256 5141/5162 6194/6226
f 6193/6225 6192/6224 6194/6226 6195/6227
f 6198/6230 4361/4379 6196/6229 6197/6228
f 6197/6228 6196/6229 4406/4427 4403/4423
f 6198/6230 6197/6228 4403/4423 4402/4424
f 6201/6233 4082/4098 6199/6232 6200/6231
f 6200/6231 6199/6232 6202/6235 6203/6234
f 6201/6233 6200/6231 6203/6234 4091/4106
f 6207/6239 6204/6238 6205/6237 6206/6236
f 6206/6236 6205/6237 2515/2522 6208/6240
f 6207/6239 6206/6236 6208/6240 4069/4085
f 6212/6244 6209/6243 6210/6242 6211/6241
f 6211/6241 6210/6242 19/20 16/16
f 6212/6244 6211/6241 16/16 15/17
f 6215/6247 4000/4017 6213/6246 6214/6245
f 6214/6245 6213/6246 4048/4065 4056/4071
f 6215/6247 6214/6245 4056/4071 4058/4073
f 6217/6249 4000/4017 6215/6247 6216/6248
f 6216/6248 6215/6247 4058/4073 6218/6250
f 6217/6249 6216/6248 6218/6250 4279/4297
f 6221/6253 4336/4356 6219/6252 6220/6251
f 6220/6251 6219/6252 6222/6255 6223/6254
f 6221/6253 6220/6251 6223/6254 4069/4085
f 6225/6257 4268/4286 4267/4284 6224/6256
f 6224/6256 4267/4284 4266/4285 6226/6258
f 6225/6257 6224/6256 6226/6258 4011/4027
f 6228/6260 4268/4286 6225/6257 6227/6259
f 6227/6259 6225/6257 4011/4027 4008/4023
f 6228/6260 6227/6259 4008/4023 4007/4024
f 6232/6264 6229/6263 6230/6262 6231/6261
f 6231/6261 6230/6262 6233/6266 6234/6265
f 6232/6264 6231/6261 6234/6265 6235/6267
f 6237/6269 4030/4045 4029/4043 6236/6268
f 6236/6268 4029/4043 4028/4044 6153/6184
f 6237/6269 6236/6268 6153/6184 4159/4175
f 6239/6271 4030/4045 6237/6269 6238/6270
f 6238/6270 6237/6269 4159/4175 4156/4171
f 6239/6271 6238/6270 4156/4171 4155/4172
f 6241/6273 4205/4224 4202/4220 6240/6272
f 6240/6272 4202/4220 4201/4221 6242/6274
f 6241/6273 6240/6272 6242/6274 6222/6255
f 6244/6276 4205/4224 6241/6273 6243/6275
f 6243/6275 6241/6273 6222/6255 6219/6252
f 6244/6276 6243/6275 6219/6252 4336/4356
f 6247/6279 4477/4498 6245/6278 6246/6277
f 6246/6277 6245/6278 6248/6281 6249/6280
f 6247/6279 6246/6277 6249/6280 6250/6282
f 6252/6284 4477/4498 6247/6279 6251/6283
f 6251/6283 6247/6279 6250/6282 6253/6285
f 6252/6284 6251/6283 6253/6285 6254/6286
f 6258/6290 6255/6289 6256/6288 6257/6287
f 6257/6287 6256/6288 6259/6292 6260/6291
f 6258/6290 6257/6287 6260/6291 6235/6267
f 6263/6295 4295/4315 6261/6294 6262/6293
f 6262/6293 6261/6294 4345/4363 6264/6296
f 6263/6295 6262/6293 6264/6296 4041/4058
f 6266/6298 4295/4315 6263/6295 6265/6297
f 6265/6297 6263/6295 4041/4058 4334/4352
f 6266/6298 6265/6297 4334/4352 4239/4258
f 6268/6300 4295/4315 6266/6298 6267/6299
f 6267/6299 6266/6298 4239/4258 4237/4256
f 6268/6300 6267/6299 4237/4256 4121/4137
f 6271/6303 4089/4105 6269/6302 6270/6301
f 6270/6301 6269/6302 4361/4379 6272/6304
f 6271/6303 6270/6301 6272/6304 6122/6155
f 6276/6308 6273/6307 6274/6306 6275/6305
f 6275/6305 6274/6306 3988/4003 6277/6309
f 6276/6308 6275/6305 6277/6309 6278/6310
f 6280/6312 4228/4246 4322/4340 6279/6311
f 6279/6311 4322/4340 4319/4337 6281/6313
f 6280/6312 6279/6311 6281/6313 4216/4235
f 4231/4249 4228/4246 6280/6312 6282/6314
f 6282/6314 6280/6312 4216/4235 4213/4231
f 4231/4249 6282/6314 4213/4231 4212/4232
f 6285/6317 6278/6310 6283/6316 6284/6315
f 6284/6315 6283/6316 5667/5692 6286/6318
f 6285/6317 6284/6315 6286/6318 5157/5178
f 6288/6320 6278/6310 6285/6317 6287/6319
f 6287/6319 6285/6317 5157/5178 6289/6321
f 6288/6320 6287/6319 6289/6321 6204/6238
f 6292/6324 4059/4076 6290/6323 6291/6322
f 6291/6322 6290/6323 6209/6243 6293/6325
f 6292/6324 6291/6322 6293/6325 6294/6326
f 6296/6328 4059/4076 6292/6324 6295/6327
f 6295/6327 6292/6324 6294/6326 6297/6329
f 6296/6328 6295/6327 6297/6329 6298/6330
f 6300/6332 6177/6209 6176/6207 6299/6331
f 6299/6331 6176/6207 6175/6208 6301/6333
f 6300/6332 6299/6331 6301/6333 4047/4062
f 6303/6335 6177/6209 6300/6332 6302/6334
f 6302/6334 6300/6332 4047/4062 4046/4060
f 6303/6335 6302/6334 4046/4060 4045/4061
f 6305/6337 4054/4069 4053/4067 6304/6336
f 6304/6336 4053/4067 4052/4068 6171/6201
f 6305/6337 6304/6336 6171/6201 6170/6202
f 6307/6339 4451/4473 4456/4476 6306/6338
f 6306/6338 4456/4476 4458/4478 6308/6340
f 6307/6339 6306/6338 6308/6340 4268/4286
f 6310/6342 4035/4052 4401/4421 6309/6341
f 6309/6341 4401/4421 4244/4263 6311/6343
f 6310/6342 6309/6341 6311/6343 7/7
f 4036/4051 4035/4052 6310/6342 6312/6344
f 6312/6344 6310/6342 7/7 6/5
f 4036/4051 6312/6344 6/5 5/6
f 6314/6346 4159/4175 6150/6180 6313/6345
f 6313/6345 6150/6180 6149/6181 6315/6347
f 6314/6346 6313/6345 6315/6347 6316/6348
f 4160/4174 4159/4175 6314/6346 6317/6349
f 6317/6349 6314/6346 6316/6348 6318/6350
f 4160/4174 6317/6349 6318/6350 4161/4176
f 6322/6354 6319/6353 6320/6352 6321/6351
f 6321/6351 6320/6352 4191/4211 6323/6355
f 6322/6354 6321/6351 6323/6355 6181/6214
f 6325/6357 4406/4427 6196/6229 6324/6356
f 6324/6356 6196/6229 4361/4379 4360/4377
f 6325/6357 6324/6356 4360/4377 4359/4378
f 6328/6360 4302/4322 6326/6359 6327/6358
f 6327/6358 6326/6359 4071/4086 6329/6361
f 6328/6360 6327/6358 6329/6361 6330/6362
f 6332/6364 4302/4322 6328/6360 6331/6363
f 6331/6363 6328/6360 6330/6362 6333/6365
f 6332/6364 6331/6363 6333/6365 4444/4465
f 6335/6367 4247/4267 4254/4272 6334/6366
f 6334/6366 4254/4272 4161/4176 6318/6350
f 6335/6367 6334/6366 6318/6350 6316/6348
f 6338/6370 6135/6166 6336/6369 6337/6368
f 6337/6368 6336/6369 4127/4143 4125/4141
f 6338/6370 6337/6368 4125/4141 26/27
f 6340/6372 2508/2515 2507/2514 6339/6371
f 6339/6371 2507/2514 19/20 4064/4078
f 6340/6372 6339/6371 4064/4078 4063/4079
f 6343/6375 3803/3819 6341/6374 6342/6373
f 6342/6373 6341/6374 4477/4498 4474/4495
f 6343/6375 6342/6373 4474/4495 4463/4485
f 6345/6377 4211/4229 4210/4228 6344/6376
f 6344/6376 4210/4228 4207/4225 6346/6378
f 6345/6377 6344/6376 6346/6378 3999/4014
f 6349/6381 6118/6151 6347/6380 6348/6379
f 6348/6379 6347/6380 5023/5043 6350/6382
f 6349/6381 6348/6379 6350/6382 4235/4254
f 6352/6384 6118/6151 6349/6381 6351/6383
f 6351/6383 6349/6381 4235/4254 4232/4251
f 6352/6384 6351/6383 4232/4251 4107/4124
f 6354/6386 4096/4113 4104/4119 6353/6385
f 6353/6385 4104/4119 4106/4121 6355/6387
f 6354/6386 6353/6385 6355/6387 6356/6388
f 6358/6390 4096/4113 6354/6386 6357/6389
f 6357/6389 6354/6386 6356/6388 6359/6391
f 6358/6390 6357/6389 6359/6391 5138/5158
f 6362/6394 5021/5042 6360/6393 6361/6392
f 6361/6392 6360/6393 6363/6396 6364/6395
f 6362/6394 6361/6392 6364/6395 4235/4254
f 6366/6398 6135/6166 6134/6164 6365/6397
f 6365/6397 6134/6164 6133/6165 6367/6399
f 6366/6398 6365/6397 6367/6399 6368/6400
f 6370/6402 6135/6166 6366/6398 6369/6401
f 6369/6401 6366/6398 6368/6400 6371/6403
f 6370/6402 6369/6401 6371/6403 6372/6404
f 6375/6407 6255/6289 6373/6406 6374/6405
f 6374/6405 6373/6406 4063/4079 4346/4365
f 6375/6407 6374/6405 4346/4365 4047/4062
f 6377/6409 4251/4270 4248/4266 6376/6408
f 6376/6408 4248/4266 4247/4267 6378/6410
f 6377/6409 6376/6408 6378/6410 6379/6411
f 6381/6413 4251/4270 6377/6409 6380/6412
f 6380/6412 6377/6409 6379/6411 6382/6414
f 6381/6413 6380/6412 6382/6414 6383/6415
f 6386/6418 6250/6282 6384/6417 6385/6416
f 6385/6416 6384/6417 4078/4093 6387/6419
f 6386/6418 6385/6416 6387/6419 6388/6420
f 6391/6423 4076/4092 6389/6422 6390/6421
f 6390/6421 6389/6422 6392/6425 6393/6424
f 6391/6423 6390/6421 6393/6424 6379/6411
f 4077/4091 4076/4092 6391/6423 6394/6426
f 6394/6426 6391/6423 6379/6411 6395/6427
f 4077/4091 6394/6426 6395/6427 4078/4093
f 6398/6431 4018/6430 6396/6429 6397/6428
f 6397/6428 6396/6429 6399/6433 6400/6432
f 6398/6431 6397/6428 6400/6432 6181/6214
f 6403/6436 6149/6181 6401/6435 6402/6434
f 6402/6434 6401/6435 4273/4292 4270/4288
f 6403/6436 6402/6434 4270/4288 4269/4289
f 6406/6439 4154/4169 6404/6438 6405/6437
f 6405/6437 6404/6438 4266/4285 6164/6195
f 6406/6439 6405/6437 6164/6195 4380/4400
f 4152/4167 4154/4169 6406/6439 6407/6440
f 6407/6440 6406/6439 4380/4400 6154/6186
f 4152/4167 6407/6440 6154/6186 4144/4161
f 4281/4299 4280/4300 6408/6442 6409/6441
f 6409/6441 6408/6442 4170/4186 6410/6443
f 4281/4299 6409/6441 6410/6443 4195/4214
f 6413/6446 6388/6420 6411/6445 6412/6444
f 6412/6444 6411/6445 4186/4204 4185/4202
f 6413/6446 6412/6444 4185/4202 4184/4203
f 6386/6418 6388/6420 6413/6446 6414/6447
f 6414/6447 6413/6446 4184/4203 6415/6448
f 6386/6418 6414/6447 6415/6448 6250/6282
f 6417/6450 4207/4225 4324/4342 6416/6449
f 6416/6449 4324/4342 4323/4343 6189/6221
f 6417/6450 6416/6449 6189/6221 6191/6223
f 6419/6452 4235/4254 6364/6395 6418/6451
f 6418/6451 6364/6395 6363/6396 6420/6453
f 6419/6452 6418/6451 6420/6453 3988/4003
f 6422/6455 4235/4254 6419/6452 6421/6454
f 6421/6454 6419/6452 3988/4003 6274/6306
f 6422/6455 6421/6454 6274/6306 6273/6307
f 6424/6457 4313/4333 4321/4339 6423/6456
f 6423/6456 4321/4339 4228/4246 4227/4244
f 6424/6457 6423/6456 4227/4244 4226/4245
f 6426/6459 4313/4333 6424/6457 6425/6458
f 6425/6458 6424/6457 4226/4245 6427/6460
f 6426/6459 6425/6458 6427/6460 6428/6461
f 6431/6464 2346/2355 6429/6463 6430/6462
f 6430/6462 6429/6463 6432/6466 6433/6465
f 6431/6464 6430/6462 6433/6465 3972/3988
f 2626/2636 2346/2355 6431/6464 6434/6467
f 6434/6467 6431/6464 3972/3988 3969/3985
f 2626/2636 6434/6467 3969/3985 248/252
f 6437/6470 3868/3885 6435/6469 6436/6468
f 6436/6468 6435/6469 3968/3983 3967/3981
f 6437/6470 6436/6468 3967/3981 3966/3982
f 6439/6472 3955/3970 3954/3969 6438/6471
f 6438/6471 3954/3969 3951/3966 6440/6473
f 6439/6472 6438/6471 6440/6473 6441/6474
f 6440/6473 3951/3966 6063/6094 6442/6475
f 6442/6475 6063/6094 4486/4508 6443/6476
f 6440/6473 6442/6475 6443/6476 6441/6474
f 6447/6480 6444/6479 6445/6478 6446/6477
f 6446/6477 6445/6478 6448/6482 6449/6481
f 6447/6480 6446/6477 6449/6481 3949/3965
f 6451/6484 6444/6479 6447/6480 6450/6483
f 6450/6483 6447/6480 3949/3965 3946/3961
f 6451/6484 6450/6483 3946/3961 3945/3962
f 6454/6487 6432/6466 6452/6486 6453/6485
f 6453/6485 6452/6486 4496/4516 4495/4514
f 6454/6487 6453/6485 4495/4514 4494/4515
f 6433/6465 6432/6466 6454/6487 6455/6488
f 6455/6488 6454/6487 4494/4515 6456/6489
f 6433/6465 6455/6488 6456/6489 3972/3988
f 6459/6492 3923/3938 6457/6491 6458/6490
f 6458/6490 6457/6491 3916/3931 3915/3929
f 6459/6492 6458/6490 3915/3929 3914/3930
f 6463/6496 6460/6495 6461/6494 6462/6493
f 6462/6493 6461/6494 6441/6474 6443/6476
f 6463/6496 6462/6493 6443/6476 4486/4508
f 6465/6498 3909/3924 3908/3923 6464/6497
f 6464/6497 3908/3923 3905/3920 4516/4535
f 6465/6498 6464/6497 4516/4535 4515/4536
f 6469/6502 6466/6501 6467/6500 6468/6499
f 6468/6499 6467/6500 3618/3634 6470/6503
f 6469/6502 6468/6499 6470/6503 2359/2366
f 6473/6506 3614/3631 6471/6505 6472/6504
f 6472/6504 6471/6505 3880/3897 3888/3903
f 6473/6506 6472/6504 3888/3903 3890/3905
f 3895/3911 3614/3631 6473/6506 6474/6507
f 6474/6507 6473/6506 3890/3905 6475/6508
f 3895/3911 6474/6507 6475/6508 3898/3914
f 6467/6500 6466/6501 6476/6510 6477/6509
f 6477/6509 6476/6510 3968/3983 6478/6511
f 6467/6500 6477/6509 6478/6511 3618/3634
f 6481/6514 3890/3905 6479/6513 6480/6512
f 6480/6512 6479/6513 3827/3844 3894/3908
f 6481/6514 6480/6512 3894/3908 3893/3909
f 3881/3896 3880/3897 6482/6516 6483/6515
f 6483/6515 6482/6516 3840/3855 6484/6517
f 3881/3896 6483/6515 6484/6517 3884/3900
f 6435/6469 3868/3885 6485/6519 6486/6518
f 6486/6518 6485/6519 3620/3635 6487/6520
f 6435/6469 6486/6518 6487/6520 3968/3983
f 6490/6523 3944/3959 6488/6522 6489/6521
f 6489/6521 6488/6522 3723/3739 6491/6524
f 6490/6523 6489/6521 6491/6524 3872/3888
f 6494/6527 286/289 6492/6526 6493/6525
f 6493/6525 6492/6526 3719/3736 3722/3737
f 6494/6527 6493/6525 3722/3737 3725/3740
f 6033/6064 286/289 6494/6527 6495/6528
f 6495/6528 6494/6527 3725/3740 3867/3881
f 6033/6064 6495/6528 3867/3881 3866/3882
f 6498/6531 3841/3858 6496/6530 6497/6529
f 6497/6529 6496/6530 3719/3736 3858/3872
f 6498/6531 6497/6529 3858/3872 3857/3873
f 3848/3864 3841/3858 6498/6531 6499/6532
f 6499/6532 6498/6531 3857/3873 6500/6533
f 3848/3864 6499/6532 6500/6533 3851/3867
f 3846/3860 3845/3861 6501/6535 6502/6534
f 6502/6534 6501/6535 3879/3894 6503/6536
f 3846/3860 6502/6534 6503/6536 3847/3862
f 6506/6539 3853/3868 6504/6538 6505/6537
f 6505/6537 6504/6538 3834/3851 6507/6540
f 6506/6539 6505/6537 6507/6540 3879/3894
f 6510/6543 3886/3901 6508/6542 6509/6541
f 6509/6541 6508/6542 3819/3834 6511/6544
f 6510/6543 6509/6541 6511/6544 3831/3847
f 6513/6546 3853/3868 3852/3866 6512/6545
f 6512/6545 3852/3866 3851/3867 6514/6547
f 6513/6546 6512/6545 6514/6547 6103/6136
f 6516/6549 3853/3868 6513/6546 6515/6548
f 6515/6548 6513/6546 6103/6136 6517/6550
f 6516/6549 6515/6548 6517/6550 6518/6551
f 3854/3870 3826/3841 6519/6553 6520/6552
f 6520/6552 6519/6553 4426/4448 6521/6554
f 3854/3870 6520/6552 6521/6554 3857/3873
f 6524/6557 3838/3854 6522/6556 6523/6555
f 6523/6555 6522/6556 6525/6559 6526/6558
f 6524/6557 6523/6555 6526/6558 3814/3831
f 6528/6561 3834/3851 6504/6538 6527/6560
f 6527/6560 6504/6538 3853/3868 6516/6549
f 6528/6561 6527/6560 6516/6549 6518/6551
f 6530/6563 3834/3851 6528/6561 6529/6562
f 6529/6562 6528/6561 6518/6551 6531/6564
f 6530/6563 6529/6562 6531/6564 6532/6565
f 6535/6568 6518/6551 6533/6567 6534/6566
f 6534/6566 6533/6567 6536/6570 6537/6569
f 6535/6568 6534/6566 6537/6569 3778/3793
f 6531/6564 6518/6551 6535/6568 6538/6571
f 6538/6571 6535/6568 3778/3793 6539/6572
f 6531/6564 6538/6571 6539/6572 6532/6565
f 6542/6575 3814/3831 6540/6574 6541/6573
f 6541/6573 6540/6574 3772/3787 3771/3786
f 6542/6575 6541/6573 3771/3786 3768/3783
f 3815/3830 3814/3831 6542/6575 6543/6576
f 6543/6576 6542/6575 3768/3783 3790/3805
f 3815/3830 6543/6576 3790/3805 3789/3806
f 6545/6578 3743/3758 3742/3756 6544/6577
f 6544/6577 3742/3756 3741/3757 6546/6579
f 6545/6578 6544/6577 6546/6579 4430/4451
f 3787/3802 3743/3758 6545/6578 6547/6580
f 6547/6580 6545/6578 4430/4451 6548/6581
f 3787/3802 6547/6580 6548/6581 3788/3803
f 6551/6584 3776/3792 6549/6583 6550/6582
f 6550/6582 6549/6583 6552/6586 6553/6585
f 6551/6584 6550/6582 6553/6585 3763/3780
f 6555/6588 3776/3792 6551/6584 6554/6587
f 6554/6587 6551/6584 3763/3780 3770/3785
f 6555/6588 6554/6587 3770/3785 3772/3787
f 6558/6591 4076/4092 6556/6590 6557/6589
f 6557/6589 6556/6590 3762/3777 3761/3776
f 6558/6591 6557/6589 3761/3776 3726/3743
f 6389/6422 4076/4092 6558/6591 6559/6592
f 6559/6592 6558/6591 3726/3743 6560/6593
f 6389/6422 6559/6592 6560/6593 6392/6425
f 6562/6595 3748/3764 3745/3760 6561/6594
f 6561/6594 3745/3760 3744/3761 6563/6596
f 6562/6595 6561/6594 6563/6596 6564/6597
f 6566/6599 4420/4442 4423/4443 6565/6598
f 6565/6598 4423/4443 3737/3754 6567/6600
f 6566/6599 6565/6598 6567/6600 3753/3769
f 6570/6603 3737/3754 6568/6602 6569/6601
f 6569/6601 6568/6602 4419/4439 4418/4438
f 6570/6603 6569/6601 4418/4438 4415/4435
f 6572/6605 4674/4694 4673/4693 6571/6604
f 6571/6604 4673/4693 3732/3747 3731/3745
f 6572/6605 6571/6604 3731/3745 3730/3746
f 6574/6607 4674/4694 6572/6605 6573/6606
f 6573/6606 6572/6605 3730/3746 6575/6608
f 6574/6607 6573/6606 6575/6608 6576/6609
f 6578/6611 6441/6474 6461/6494 6577/6610
f 6577/6610 6461/6494 6460/6495 6579/6612
f 6578/6611 6577/6610 6579/6612 3916/3931
f 6583/6616 6580/6615 6581/6614 6582/6613
f 6582/6613 6581/6614 3955/3970 6439/6472
f 6583/6616 6582/6613 6439/6472 6441/6474
f 6586/6619 6102/6133 6584/6618 6585/6617
f 6585/6617 6584/6618 6580/6615 6583/6616
f 6586/6619 6585/6617 6583/6616 6441/6474
f 6589/6622 3921/3937 6587/6621 6588/6620
f 6588/6620 6587/6621 6047/6078 6590/6623
f 6589/6622 6588/6620 6590/6623 6441/6474
f 6593/6626 3736/3751 6591/6625 6592/6624
f 6592/6624 6591/6625 6594/6628 6595/6627
f 6593/6626 6592/6624 6595/6627 6392/6425
f 3734/3749 3736/3751 6593/6626 6596/6629
f 6596/6629 6593/6626 6392/6425 6560/6593
f 3734/3749 6596/6629 6560/6593 3726/3743
f 6598/6631 3661/3678 3668/3683 6597/6630
f 6597/6630 3668/3683 3625/3641 6599/6632
f 6598/6631 6597/6630 6599/6632 4436/4457
f 6602/6635 3705/3722 6600/6634 6601/6633
f 6601/6633 6600/6634 3702/3718 3699/3715
f 6602/6635 6601/6633 3699/3715 3669/3686
f 6605/6638 3665/3681 6603/6637 6604/6636
f 6604/6636 6603/6637 3692/3708 3710/3724
f 6605/6638 6604/6636 3710/3724 3709/3725
f 6607/6640 6103/6136 6106/6137 6606/6639
f 6606/6639 6106/6137 6108/6139 6608/6641
f 6607/6640 6606/6639 6608/6641 3650/3666
f 6611/6644 3692/3708 6609/6643 6610/6642
f 6610/6642 6609/6643 6612/6646 6613/6645
f 6611/6644 6610/6642 6613/6645 3646/3663
f 3693/3707 3692/3708 6611/6644 6614/6647
f 6614/6647 6611/6644 3646/3663 6615/6648
f 3693/3707 6614/6647 6615/6648 3658/3674
f 6618/6651 3704/3719 6616/6650 6617/6649
f 6617/6649 6616/6650 6619/6653 6620/6652
f 6618/6651 6617/6649 6620/6652 3681/3697
f 6624/6657 6621/6656 6622/6655 6623/6654
f 6623/6654 6622/6655 3687/3702 3686/3701
f 6624/6657 6623/6654 3686/3701 3683/3698
f 6626/6659 6621/6656 6624/6657 6625/6658
f 6625/6658 6624/6657 3683/3698 6627/6660
f 6626/6659 6625/6658 6627/6660 3645/3660
f 6629/6662 3669/3686 3676/3691 6628/6661
f 6628/6661 3676/3691 3632/3649 6630/6663
f 6629/6662 6628/6661 6630/6663 6631/6664
f 6633/6666 3665/3681 6605/6638 6632/6665
f 6632/6665 6605/6638 3709/3725 6634/6667
f 6633/6666 6632/6665 6634/6667 6635/6668
f 3666/3680 3665/3681 6633/6666 6636/6669
f 6636/6669 6633/6666 6635/6668 6637/6670
f 3666/3680 6636/6669 6637/6670 3627/3642
f 6641/6674 6638/6673 6639/6672 6640/6671
f 6640/6671 6639/6672 3654/3671 6642/6675
f 6641/6674 6640/6671 6642/6675 6643/6676
f 6645/6678 3646/3663 3653/3668 6644/6677
f 6644/6677 3653/3668 3631/3646 6646/6679
f 6645/6678 6644/6677 6646/6679 3660/3675
f 6649/6682 6108/6139 6647/6681 6648/6680
f 6648/6680 6647/6681 4432/4452 6650/6683
f 6649/6682 6648/6680 6650/6683 3621/3638
f 6627/6660 3683/3698 3698/3713 6651/6684
f 6651/6684 3698/3713 3639/3656 3642/3657
f 6627/6660 6651/6684 3642/3657 3645/3660
f 6654/6687 3638/3653 6652/6686 6653/6685
f 6653/6685 6652/6686 3643/3659 3640/3655
f 6654/6687 6653/6685 3640/3655 3639/3656
f 6656/6689 3660/3675 6646/6679 6655/6688
f 6655/6688 6646/6679 3631/3646 3630/3645
f 6656/6689 6655/6688 3630/3645 3627/3642
f 6658/6691 4424/4445 6114/6144 6657/6690
f 6657/6690 6114/6144 6113/6145 6659/6692
f 6658/6691 6657/6690 6659/6692 6103/6136
f 6661/6694 4424/4445 6658/6691 6660/6693
f 6660/6693 6658/6691 6103/6136 6662/6695
f 6661/6694 6660/6693 6662/6695 6663/6696
f 6665/6698 6388/6420 6387/6419 6664/6697
f 6664/6697 6387/6419 4078/4093 6395/6427
f 6665/6698 6664/6697 6395/6427 6379/6411
f 2577/2587 139/140 4351/4369 6666/6699
f 6666/6699 4351/4369 4350/4370 6137/6168
f 2577/2587 6666/6699 6137/6168 2417/2426
f 6668/6701 4424/4445 6661/6694 6667/6700
f 6667/6700 6661/6694 6663/6696 6669/6702
f 6668/6701 6667/6700 6669/6702 3661/3678
f 6656/6689 3627/3642 6637/6670 6670/6703
f 6670/6703 6637/6670 6635/6668 6671/6704
f 6656/6689 6670/6703 6671/6704 3660/3675
f 6674/6707 3632/3649 6672/6706 6673/6705
f 6673/6705 6672/6706 6643/6676 6675/6708
f 6674/6707 6673/6705 6675/6708 3660/3675
f 6630/6663 3632/3649 6674/6707 6676/6709
f 6676/6709 6674/6707 3660/3675 6677/6710
f 6630/6663 6676/6709 6677/6710 6631/6664
f 6652/6686 3638/3653 3637/3651 6678/6711
f 6678/6711 3637/3651 3636/3652 6679/6712
f 6652/6686 6678/6711 6679/6712 3643/3659
f 3651/3665 3650/3666 6608/6641 6680/6713
f 6680/6713 6608/6641 6108/6139 6649/6682
f 3651/3665 6680/6713 6649/6682 3621/3638
f 3659/3673 3658/3674 6615/6648 6681/6714
f 6681/6714 6615/6648 3646/3663 6645/6678
f 3659/3673 6681/6714 6645/6678 3660/3675
f 6683/6716 6638/6673 6641/6674 6682/6715
f 6682/6715 6641/6674 6643/6676 6684/6717
f 6683/6716 6682/6715 6684/6717 3638/3653
f 3696/3712 3681/3697 6620/6652 6685/6718
f 6685/6718 6620/6652 6619/6653 6686/6719
f 3696/3712 6685/6718 6686/6719 3639/3656
f 6688/6721 3705/3722 6602/6635 6687/6720
f 6687/6720 6602/6635 3669/3686 6629/6662
f 6688/6721 6687/6720 6629/6662 6631/6664
f 6690/6723 3673/3689 3716/3731 6689/6722
f 6689/6722 3716/3731 3718/3733 6691/6724
f 6690/6723 6689/6722 6691/6724 3643/3659
f 3674/3688 3673/3689 6690/6723 6692/6725
f 6692/6725 6690/6723 3643/3659 6679/6712
f 3674/3688 6692/6725 6679/6712 3636/3652
f 3678/3693 3677/3694 3714/3729 6693/6726
f 6693/6726 3714/3729 3704/3719 6618/6651
f 3678/3693 6693/6726 6618/6651 3681/3697
f 6696/6729 3702/3718 6694/6728 6695/6727
f 6695/6727 6694/6728 3688/3705 3695/3710
f 6696/6729 6695/6727 3695/3710 3654/3671
f 6698/6731 3702/3718 6696/6729 6697/6730
f 6697/6730 6696/6729 3654/3671 6639/6672
f 6698/6731 6697/6730 6639/6672 6638/6673
f 6700/6733 6663/6696 6662/6695 6699/6732
f 6699/6732 6662/6695 6103/6136 6607/6640
f 6700/6733 6699/6732 6607/6640 3650/3666
f 6702/6735 3687/3702 6622/6655 6701/6734
f 6701/6734 6622/6655 6621/6656 6703/6736
f 6702/6735 6701/6734 6703/6736 3718/3733
f 3685/3700 3687/3702 6702/6735 6704/6737
f 6704/6737 6702/6735 3718/3733 3717/3732
f 3685/3700 6704/6737 3717/3732 3677/3694
f 6603/6637 3665/3681 6705/6739 6706/6738
f 6706/6738 6705/6739 6612/6646 6609/6643
f 6603/6637 6706/6738 6609/6643 3692/3708
f 6600/6634 3705/3722 6707/6741 6708/6740
f 6708/6740 6707/6741 3688/3705 6694/6728
f 6600/6634 6708/6740 6694/6728 3702/3718
f 6598/6631 4436/4457 6709/6743 6710/6742
f 6710/6742 6709/6743 4424/4445 6668/6701
f 6598/6631 6710/6742 6668/6701 3661/3678
f 6589/6622 6441/6474 6578/6611 6711/6744
f 6711/6744 6578/6611 3916/3931 6712/6745
f 6589/6622 6711/6744 6712/6745 3921/3937
f 6590/6623 6047/6078 6046/6077 6713/6746
f 6713/6746 6046/6077 6043/6074 6714/6747
f 6590/6623 6713/6746 6714/6747 6441/6474
f 6714/6747 6043/6074 6715/6749 6716/6748
f 6716/6748 6715/6749 6102/6133 6586/6619
f 6714/6747 6716/6748 6586/6619 6441/6474
f 6712/6745 3916/3931 6457/6491 6717/6750
f 6717/6750 6457/6491 3923/3938 3922/3936
f 6712/6745 6717/6750 3922/3936 3921/3937
f 6720/6753 6580/6615 6718/6752 6719/6751
f 6719/6751 6718/6752 6444/6479 6451/6484
f 6720/6753 6719/6751 6451/6484 3945/3962
f 6581/6614 6580/6615 6720/6753 6721/6754
f 6721/6754 6720/6753 3945/3962 3953/3968
f 6581/6614 6721/6754 3953/3968 3955/3970
f 6724/6757 5957/5988 6722/6756 6723/6755
f 6723/6755 6722/6756 4674/4694 6574/6607
f 6724/6757 6723/6755 6574/6607 6576/6609
f 6726/6759 5957/5988 6724/6757 6725/6758
f 6725/6758 6724/6757 6576/6609 6727/6760
f 6726/6759 6725/6758 6727/6760 6564/6597
f 6730/6763 4413/4434 6728/6762 6729/6761
f 6729/6761 6728/6762 5961/5992 6731/6764
f 6730/6763 6729/6761 6731/6764 3744/3761
f 4414/4433 4413/4434 6730/6763 6732/6765
f 6732/6765 6730/6763 3744/3761 6733/6766
f 4414/4433 6732/6765 6733/6766 4415/4435
f 6735/6768 4420/4442 6566/6599 6734/6767
f 6734/6767 6566/6599 3753/3769 3751/3767
f 6735/6768 6734/6767 3751/3767 3750/3765
f 6737/6770 3748/3764 6562/6595 6736/6769
f 6736/6769 6562/6595 6564/6597 6738/6771
f 6737/6770 6736/6769 6738/6771 6552/6586
f 6741/6774 3763/3780 6739/6773 6740/6772
f 6740/6772 6739/6773 6576/6609 6575/6608
f 6741/6774 6740/6772 6575/6608 3730/3746
f 3764/3779 3763/3780 6741/6774 6742/6775
f 6742/6775 6741/6774 3730/3746 3756/3771
f 3764/3779 6742/6775 3756/3771 3755/3772
f 6744/6777 3755/3772 3760/3775 6743/6776
f 6743/6776 3760/3775 3762/3777 6745/6778
f 6744/6777 6743/6776 6745/6778 3794/3809
f 3767/3782 3755/3772 6744/6777 6746/6779
f 6746/6779 6744/6777 3794/3809 3793/3808
f 3767/3782 6746/6779 3793/3808 3768/3783
f 6748/6781 3750/3765 3749/3763 6747/6780
f 6747/6780 3749/3763 3748/3764 3775/3790
f 6748/6781 6747/6780 3775/3790 3778/3793
f 6750/6783 3750/3765 6748/6781 6749/6782
f 6749/6782 6748/6781 3778/3793 6537/6569
f 6750/6783 6749/6782 6537/6569 6536/6570
f 6752/6785 6532/6565 6539/6572 6751/6784
f 6751/6784 6539/6572 3778/3793 3777/3791
f 6752/6785 6751/6784 3777/3791 3776/3792
f 6754/6787 6532/6565 6752/6785 6753/6786
f 6753/6786 6752/6785 3776/3792 6755/6788
f 6754/6787 6753/6786 6755/6788 6525/6559
f 6758/6791 4072/4089 6756/6790 6757/6789
f 6757/6789 6756/6790 4473/4493 4472/4492
f 6758/6791 6757/6789 4472/4492 3798/3813
f 6760/6793 4072/4089 6758/6791 6759/6792
f 6759/6792 6758/6791 3798/3813 3797/3812
f 6760/6793 6759/6792 3797/3812 3794/3809
f 6762/6795 3788/3803 6548/6581 6761/6794
f 6761/6794 6548/6581 4430/4451 4427/4447
f 6762/6795 6761/6794 4427/4447 4426/4448
f 3808/3823 3788/3803 6762/6795 6763/6796
f 6763/6796 6762/6795 4426/4448 6764/6797
f 3808/3823 6763/6796 6764/6797 3809/3824
f 6768/6801 6765/6800 6766/6799 6767/6798
f 6767/6798 6766/6799 3838/3854 6524/6557
f 6768/6801 6767/6798 6524/6557 3814/3831
f 6771/6804 3831/3847 6769/6803 6770/6802
f 6770/6802 6769/6803 3789/3806 3796/3811
f 6771/6804 6770/6802 3796/3811 3798/3813
f 6073/6105 3831/3847 6771/6804 6772/6805
f 6772/6805 6771/6804 3798/3813 4469/4489
f 6073/6105 6772/6805 4469/4489 4468/4490
f 6519/6553 3826/3841 3825/3840 6773/6806
f 6773/6806 3825/3840 3809/3824 6764/6797
f 6519/6553 6773/6806 6764/6797 4426/4448
f 6510/6543 3831/3847 3828/3843 6774/6807
f 6774/6807 3828/3843 3827/3844 6775/6808
f 6510/6543 6774/6807 6775/6808 3886/3901
f 6777/6810 3840/3855 3839/3853 6776/6809
f 6776/6809 3839/3853 3838/3854 6766/6799
f 6777/6810 6776/6809 6766/6799 6765/6800
f 6484/6517 3840/3855 6777/6810 6778/6811
f 6778/6811 6777/6810 6765/6800 6779/6812
f 6484/6517 6778/6811 6779/6812 3884/3900
f 6506/6539 3879/3894 6501/6535 6780/6813
f 6780/6813 6501/6535 3845/3861 6781/6814
f 6506/6539 6780/6813 6781/6814 3853/3868
f 6503/6536 3879/3894 3878/3892 6782/6815
f 6782/6815 3878/3892 3877/3893 6783/6816
f 6503/6536 6782/6815 6783/6816 3847/3862
f 2637/2647 1054/1060 3824/3839 6784/6817
f 6784/6817 3824/3839 3826/3841 3860/3875
f 2637/2647 6784/6817 3860/3875 282/285
f 6786/6819 3862/3879 3865/3880 6785/6818
f 6785/6818 3865/3880 3725/3740 3724/3738
f 6786/6819 6785/6818 3724/3738 3723/3739
f 6491/6524 3723/3739 6787/6821 6788/6820
f 6788/6820 6787/6821 3847/3862 3873/3887
f 6491/6524 6788/6820 3873/3887 3872/3888
f 6485/6519 3868/3885 6789/6823 6790/6822
f 6790/6822 6789/6823 3877/3893 3874/3890
f 6485/6519 6790/6822 3874/3890 3620/3635
f 6482/6516 3880/3897 6791/6825 6792/6824
f 6792/6824 6791/6825 3620/3635 6793/6826
f 6482/6516 6792/6824 6793/6826 3840/3855
f 6479/6513 3890/3905 3889/3904 6794/6827
f 6794/6827 3889/3904 3886/3901 6775/6808
f 6479/6513 6794/6827 6775/6808 3827/3844
f 6478/6511 3968/3983 6487/6520 6795/6828
f 6795/6828 6487/6520 3620/3635 3619/3633
f 6478/6511 6795/6828 3619/3633 3618/3634
f 2604/2615 2359/2366 6796/6830 6797/6829
f 6797/6829 6796/6830 3614/3631 3901/3916
f 2604/2615 6797/6829 3901/3916 194/197
f 6469/6502 2359/2366 6798/6832 6799/6831
f 6799/6831 6798/6832 3974/3989 6800/6833
f 6469/6502 6799/6831 6800/6833 6466/6501
f 6463/6496 4486/4508 4489/4509 6801/6834
f 6801/6834 4489/4509 3910/3927 6802/6835
f 6463/6496 6801/6834 6802/6835 6460/6495
f 3926/3941 3923/3938 6459/6492 6803/6836
f 6803/6836 6459/6492 3914/3930 6804/6837
f 3926/3941 6803/6836 6804/6837 3927/3942
f 6806/6839 4500/4520 6045/6076 6805/6838
f 6805/6838 6045/6076 6047/6078 6587/6621
f 6806/6839 6805/6838 6587/6621 3921/3937
f 4498/4518 4500/4520 6806/6839 6807/6840
f 6807/6840 6806/6839 3921/3937 3918/3933
f 4498/4518 6807/6840 3918/3933 3917/3934
f 6809/6842 6057/6088 6099/6130 6808/6841
f 6808/6841 6099/6130 6102/6133 6715/6749
f 6809/6842 6808/6841 6715/6749 6043/6074
f 6055/6086 6057/6088 6809/6842 6810/6843
f 6810/6843 6809/6842 6043/6074 6042/6073
f 6055/6086 6810/6843 6042/6073 4508/4528
f 6814/6847 6811/6846 6812/6845 6813/6844
f 6813/6844 6812/6845 3944/3959 6490/6523
f 6814/6847 6813/6844 6490/6523 3872/3888
f 6816/6849 6811/6846 6814/6847 6815/6848
f 6815/6848 6814/6847 3872/3888 6817/6850
f 6816/6849 6815/6848 6817/6850 3956/3973
f 6437/6470 3966/3982 6818/6852 6819/6851
f 6819/6851 6818/6852 3961/3976 3960/3975
f 6437/6470 6819/6851 3960/3975 3868/3885
f 6823/6856 6820/6855 6821/6854 6822/6853
f 6822/6853 6821/6854 3962/3979 6824/6857
f 6823/6856 6822/6853 6824/6857 6466/6501
f 6826/6859 6820/6855 6823/6856 6825/6858
f 6825/6858 6823/6856 6466/6501 6800/6833
f 6826/6859 6825/6858 6800/6833 3974/3989
f 3545/3559 248/252 3971/3986 6827/6860
f 6827/6860 3971/3986 3974/3989 6798/6832
f 3545/3559 6827/6860 6798/6832 2359/2366
f 6830/6863 4106/4121 6828/6862 6829/6861
f 6829/6861 6828/6862 4222/4242 6831/6864
f 6830/6863 6829/6861 6831/6864 3992/4007
f 6355/6387 4106/4121 6830/6863 6832/6865
f 6832/6865 6830/6863 3992/4007 6833/6866
f 6355/6387 6832/6865 6833/6866 6356/6388
f 6346/6378 4207/4225 6417/6450 6834/6867
f 6834/6867 6417/6450 6191/6223 6835/6868
f 6346/6378 6834/6867 6835/6868 3999/4014
f 6205/6237 6204/6238 6289/6321 6836/6869
f 6836/6869 6289/6321 5157/5178 6837/6870
f 6205/6237 6836/6869 6837/6870 2515/2522
f 6839/6872 4440/4462 4448/4468 6838/6871
f 6838/6871 4448/4468 4450/4470 6840/6873
f 6839/6872 6838/6871 6840/6873 4280/4300
f 6842/6875 4440/4462 6839/6872 6841/6874
f 6841/6874 6839/6872 4280/4300 4385/4402
f 6842/6875 6841/6874 4385/4402 4384/4403
f 6408/6442 4280/4300 6840/6873 6843/6876
f 6843/6876 6840/6873 4450/4470 6844/6877
f 6408/6442 6843/6876 6844/6877 4170/4186
f 6846/6879 6316/6348 6315/6347 6845/6878
f 6845/6878 6315/6347 6149/6181 6403/6436
f 6846/6879 6845/6878 6403/6436 4269/4289
f 6398/6431 6181/6214 6178/6211 6847/6880
f 6847/6880 6178/6211 4462/4482 6848/6881
f 6398/6431 6847/6880 6848/6881 4018/4035
f 4167/4182 4166/4183 4196/4213 6849/6882
f 6849/6882 4196/4213 4195/4214 6410/6443
f 4167/4182 6849/6882 6410/6443 4170/4186
f 6851/6884 6388/6420 6665/6698 6850/6883
f 6850/6883 6665/6698 6379/6411 6378/6410
f 6851/6884 6850/6883 6378/6410 4247/4267
f 6411/6445 6388/6420 6851/6884 6852/6885
f 6852/6885 6851/6884 4247/4267 6853/6886
f 6411/6445 6852/6885 6853/6886 4186/4204
f 6384/6417 6250/6282 6249/6280 6854/6887
f 6854/6887 6249/6280 6248/6281 6855/6888
f 6384/6417 6854/6887 6855/6888 4078/4093
f 6375/6407 4047/4062 6301/6333 6856/6889
f 6856/6889 6301/6333 6175/6208 6857/6890
f 6375/6407 6856/6889 6857/6890 6255/6289
f 6859/6892 4071/4086 4070/4084 6858/6891
f 6858/6891 4070/4084 4069/4085 6223/6254
f 6859/6892 6858/6891 6223/6254 6222/6255
f 6861/6894 4071/4086 6859/6892 6860/6893
f 6860/6893 6859/6892 6222/6255 6862/6895
f 6861/6894 6860/6893 6862/6895 6863/6896
f 6129/6160 4084/4099 4083/4097 6864/6897
f 6864/6897 4083/4097 4082/4098 6865/6898
f 6129/6160 6864/6897 6865/6898 4115/4131
f 6362/6394 4235/4254 6350/6382 6866/6899
f 6866/6899 6350/6382 5023/5043 5022/5041
f 6362/6394 6866/6899 5022/5041 5021/5042
f 6869/6902 6195/6227 6867/6901 6868/6900
f 6868/6900 6867/6901 6428/6461 6427/6460
f 6869/6902 6868/6900 6427/6460 4226/4245
f 6871/6904 6195/6227 6869/6902 6870/6903
f 6870/6903 6869/6902 4226/4245 6872/6905
f 6871/6904 6870/6903 6872/6905 4102/4117
f 6874/6907 4211/4229 6345/6377 6873/6906
f 6873/6906 6345/6377 3999/4014 3998/4012
f 6874/6907 6873/6906 3998/4012 3997/4013
f 6877/6910 6368/6400 6875/6909 6876/6908
f 6876/6908 6875/6909 4117/4134 4124/4139
f 6877/6910 6876/6908 4124/4139 766/771
f 6341/6374 3803/3819 6878/6912 6879/6911
f 6879/6911 6878/6912 4473/4493 6880/6913
f 6341/6374 6879/6911 6880/6913 4477/4498
f 6340/6372 4063/4079 6373/6406 6881/6914
f 6881/6914 6373/6406 6255/6289 6882/6915
f 6340/6372 6881/6914 6882/6915 2508/2515
f 6338/6370 26/27 2418/2425 6883/6916
f 6883/6916 2418/2425 2417/2426 6138/6169
f 6338/6370 6883/6916 6138/6169 6135/6166
f 6335/6367 6316/6348 6884/6918 6885/6917
f 6885/6917 6884/6918 4190/4208 6886/6919
f 6335/6367 6885/6917 6886/6919 4247/4267
f 6888/6921 4406/4427 6325/6357 6887/6920
f 6887/6920 6325/6357 4359/4378 6889/6922
f 6888/6921 6887/6920 6889/6922 6890/6923
f 6400/6432 6399/6433 6891/6925 6892/6924
f 6892/6924 6891/6925 6319/6353 6322/6354
f 6400/6432 6892/6924 6322/6354 6181/6214
f 6895/6928 4371/4391 6893/6927 6894/6926
f 6894/6931 6893/6930 6229/6263 6896/6929
f 6895/6932 6894/6931 6896/6929 6259/6292
f 4372/4390 4371/4391 6895/6928 6897/6933
f 6897/6933 6895/6928 6259/6935 6898/6934
f 4372/4390 6897/6933 6898/6934 4132/4147
f 6901/6938 6161/6192 6899/6937 6900/6936
f 6900/6936 6899/6937 4379/4397 6902/6939
f 6901/6938 6900/6936 6902/6939 4148/4164
f 6159/6190 6161/6192 6901/6938 6903/6940
f 6903/6940 6901/6938 4148/4164 4145/4160
f 6159/6190 6903/6940 4145/4160 4144/4161
f 6228/6260 4007/4024 6904/6942 6905/6941
f 6905/6941 6904/6942 4451/4473 6307/6339
f 6228/6260 6905/6941 6307/6339 4268/4286
f 6908/6945 4408/4428 6906/6944 6907/6943
f 6907/6943 6906/6944 6863/6896 6862/6895
f 6908/6945 6907/6943 6862/6895 6222/6255
f 6028/6059 4408/4428 6908/6945 6909/6946
f 6909/6946 6908/6945 6222/6255 6242/6274
f 6028/6059 6909/6946 6242/6274 4201/4221
f 6305/6337 6170/6202 6910/6948 6911/6947
f 6911/6947 6910/6948 6254/6286 6912/6949
f 6305/6337 6911/6947 6912/6949 4054/4069
f 6915/6952 6863/6896 6913/6951 6914/6950
f 6914/6950 6913/6951 6890/6923 6916/6953
f 6915/6952 6914/6950 6916/6953 6330/6362
f 6861/6894 6863/6896 6915/6952 6917/6954
f 6917/6954 6915/6952 6330/6362 6329/6361
f 6861/6894 6917/6954 6329/6361 4071/4086
f 6919/6956 4402/4424 6030/6061 6918/6955
f 6918/6955 6030/6061 4211/4229 6874/6907
f 6919/6956 6918/6955 6874/6907 3997/4013
f 6126/6157 4402/4424 6919/6956 6920/6957
f 6920/6957 6919/6956 3997/4013 6921/6958
f 6126/6157 6920/6957 6921/6958 4084/4099
f 6923/6960 5138/5158 6359/6391 6922/6959
f 6922/6959 6359/6391 6356/6388 6924/6961
f 6923/6960 6922/6959 6924/6961 6363/6396
f 5136/5156 5138/5158 6923/6960 6925/6962
f 6925/6962 6923/6960 6363/6396 6360/6393
f 5136/5156 6925/6962 6360/6393 5021/5042
f 6867/6901 6195/6227 6194/6226 6926/6963
f 6926/6963 6194/6226 5141/5162 6927/6964
f 6867/6901 6926/6963 6927/6964 6428/6461
f 6277/6309 3988/4003 3987/4001 6928/6965
f 6928/6965 3987/4001 3986/4002 6929/6966
f 6277/6309 6928/6965 6929/6966 6278/6310
f 6269/6302 4089/4105 6930/6968 6931/6967
f 6931/6967 6930/6968 4137/4153 4363/4381
f 6269/6302 6931/6967 4363/4381 4361/4379
f 2513/2520 2515/2522 6837/6870 6932/6969
f 6932/6969 6837/6870 5157/5178 5155/5176
f 2513/2520 6932/6969 5155/5176 781/784
f 6264/6296 4345/4363 4344/4362 6933/6970
f 6933/6970 4344/4362 4045/4061 4042/4057
f 6264/6296 6933/6970 4042/4057 4041/4058
f 6256/6288 6255/6289 6934/6972 6935/6971
f 6935/6971 6934/6972 4004/6205 6936/6973
f 6256/6288 6935/6971 6936/6973 6259/6292
f 6939/6976 4072/4089 6937/6975 6938/6974
f 6938/6974 6937/6975 6248/6281 6245/6278
f 6939/6976 6938/6974 6245/6278 4477/4498
f 6756/6790 4072/4089 6939/6976 6940/6977
f 6940/6977 6939/6976 4477/4498 6880/6913
f 6756/6790 6940/6977 6880/6913 4473/4493
f 6942/6979 4034/4049 5182/5202 6941/6978
f 6941/6978 5182/5202 4013/4028 4012/4026
f 6942/6979 6941/6978 4012/4026 4011/4027
f 4032/4047 4034/4049 6942/6979 6943/6980
f 6943/6980 6942/6979 4011/4027 6944/6981
f 4032/4047 6943/6980 6944/6981 4024/4041
f 6232/6264 6235/6267 6260/6291 6945/6982
f 6945/6982 6260/6291 6259/6292 6896/6929
f 6232/6264 6945/6982 6896/6929 6229/6263
f 6947/6984 4023/4038 4022/4037 6946/6983
f 6946/6983 4022/4037 5/6 2510/2517
f 6947/6984 6946/6983 2510/2517 8/10
f 4337/4355 4336/4356 6221/6253 6948/6985
f 6948/6985 6221/6253 4069/4085 6208/6240
f 4337/4355 6948/6985 6208/6240 2515/2522
f 6950/6987 6250/6282 6415/6448 6949/6986
f 6949/6986 6415/6448 4184/4203 4292/4311
f 6950/6987 6949/6986 4292/4311 4054/4069
f 6253/6285 6250/6282 6950/6987 6951/6988
f 6951/6988 6950/6987 4054/4069 6912/6949
f 6253/6285 6951/6988 6912/6949 6254/6286
f 6212/6244 15/17 6952/6990 6953/6989
f 6953/6989 6952/6990 6954/6992 6955/6991
f 6212/6244 6953/6989 6955/6991 6209/6243
f 6207/6239 4069/4085 4066/4081 6956/6993
f 6956/6993 4066/4081 4065/4082 6957/6994
f 6207/6239 6956/6993 6957/6994 6204/6238
f 6201/6233 4091/4106 4116/4130 6958/6995
f 6958/6995 4116/4130 4115/4131 6865/6898
f 6201/6233 6958/6995 6865/6898 4082/4098
f 6272/6304 4361/4379 6198/6230 6959/6996
f 6959/6996 6198/6230 4402/4424 6123/6154
f 6272/6304 6959/6996 6123/6154 6122/6155
f 6961/6998 3982/3999 4221/4239 6960/6997
f 6960/6997 4221/4239 4218/4236 6962/6999
f 6961/6998 6960/6997 6962/6999 5669/5693
f 3983/3998 3982/3999 6961/6998 6963/7000
f 6963/7000 6961/6998 5669/5693 6964/7001
f 3983/3998 6963/7000 6964/7001 3986/4002
f 6967/7004 5141/5162 6965/7003 6966/7002
f 6966/7002 6965/7003 4317/4336 4314/4332
f 6967/7004 6966/7002 4314/4332 4313/4333
f 6293/6325 6209/6243 6955/6991 6968/7005
f 6968/7005 6955/6991 6954/6992 6969/7006
f 6293/6325 6968/7005 6969/7006 6294/6326
f 6934/6972 6255/6289 6857/6890 6970/7007
f 6970/7007 6857/6890 6175/6208 6172/6204
f 6934/6972 6970/7007 6172/6204 4004/6205
f 6174/6206 6177/6209 6971/7009 6972/7008
f 6972/7011 6971/7010 4006/4021 4005/4019
f 6174/7012 6972/7011 4005/4019 4004/4020
f 6975/7015 6594/6628 6973/7014 6974/7013
f 6974/7013 6973/7014 6383/6415 6382/6414
f 6975/7015 6974/7013 6382/6414 6379/6411
f 6595/6627 6594/6628 6975/7015 6976/7016
f 6976/7016 6975/7015 6379/6411 6393/6424
f 6595/6627 6976/7016 6393/6424 6392/6425
f 6166/6197 14/14 6977/7018 6978/7017
f 6978/7017 6977/7018 6233/6266 6979/7019
f 6166/6197 6978/7017 6979/7019 4018/4035
f 6163/6194 4266/4285 4263/4281 6980/7020
f 6980/7020 4263/4281 4262/4282 6981/7021
f 6163/6194 6980/7020 6981/7021 4384/4403
f 6983/7023 4148/4164 6902/6939 6982/7022
f 6982/7022 6902/6939 4379/4397 4378/4396
f 6983/7023 6982/7022 4378/4396 4275/4293
f 6985/7025 4148/4164 6983/7023 6984/7024
f 6984/7024 6983/7023 4275/4293 4274/4291
f 6985/7025 6984/7024 4274/4291 4273/4292
f 6987/7027 4154/4169 4153/4168 6986/7026
f 6986/7026 4153/4168 4150/4165 6152/6183
f 6987/7027 6986/7026 6152/6183 4028/4044
f 6989/7029 4154/4169 6987/7027 6988/7028
f 6988/7028 6987/7027 4028/4044 4025/4040
f 6989/7029 6988/7028 4025/4040 4024/4041
f 6991/7031 6170/6202 6168/6200 6990/7030
f 6990/7030 6168/6200 4386/4406 6140/6171
f 6991/7031 6990/7030 6140/6171 4479/4499
f 6993/7033 4000/4017 6217/6249 6992/7032
f 6992/7032 6217/6249 4279/4297 4278/4296
f 6993/7033 6992/7032 4278/4296 4275/4293
f 4131/4146 4000/4017 6993/7033 6994/7034
f 6994/7034 6993/7033 4275/4293 4375/4393
f 4131/4146 6994/7034 4375/4393 4132/4147
f 6996/7036 4291/4309 4290/4308 6995/7035
f 6995/7035 4290/4308 4174/4191 4343/4361
f 6996/7036 6995/7035 4343/4361 4345/4363
f 6998/7038 4291/4309 6996/7036 6997/7037
f 6997/7037 6996/7036 4345/4363 6999/7039
f 6998/7038 6997/7037 6999/7039 4301/4319
f 7001/7041 6273/6307 6276/6308 7000/7040
f 7000/7040 6276/6308 6278/6310 6288/6320
f 7001/7041 7000/7040 6288/6320 6204/6238
f 7003/7043 6273/6307 7001/7041 7002/7042
f 7002/7042 7001/7041 6204/6238 7004/7044
f 7003/7043 7002/7042 7004/7044 3981/3996
f 6119/6150 6118/6151 6352/6384 7005/7045
f 7005/7045 6352/6384 4107/4124 4110/4125
f 6119/6150 7005/7045 4110/4125 4112/4127
f 6116/6147 3743/3758 3784/3798 7006/7046
f 7006/7046 3784/3798 3783/3799 7007/7047
f 6116/6147 7006/7046 7007/7047 4409/4431
f 6112/6143 4424/4445 4421/4441 7008/7048
f 7008/7048 4421/4441 4420/4442 7009/7049
f 6112/6143 7008/7048 7009/7049 6109/6142
f 6546/6579 3741/3757 4439/4459 7010/7050
f 7010/7050 4439/4459 4432/4452 4431/4450
f 6546/6579 7010/7050 4431/4450 4430/4451
f 6101/6131 6100/6132 7011/7052 7012/7051
f 7012/7051 7011/7052 6580/6615 6584/6618
f 6101/6131 7012/7051 6584/6618 6102/6133
f 7015/7055 6141/6174 7013/7054 7014/7053
f 7014/7053 7013/7054 4302/4322 6332/6364
f 7015/7055 7014/7053 6332/6364 4444/4465
f 7017/7057 6141/6174 7015/7055 7016/7056
f 7016/7056 7015/7055 4444/4465 4441/4461
f 7017/7057 7016/7056 4441/4461 4440/4462
f 6089/6120 6091/6122 7018/7059 7019/7058
f 7019/7058 7018/7059 4458/4478 4457/4477
f 6089/6120 7019/7058 4457/4477 3979/3995
f 7021/7061 6233/6266 6977/7018 7020/7060
f 7020/7060 6977/7018 14/14 2523/2529
f 7021/7061 7020/7060 2523/2529 2522/2530
f 6234/6265 6233/6266 7021/7061 7022/7062
f 7022/7062 7021/7061 2522/2530 7023/7063
f 6234/6265 7022/7062 7023/7063 6235/6267
f 2566/2573 115/115 4481/4501 7024/7064
f 7024/7064 4481/4501 3805/3820 4467/4487
f 2566/2573 7024/7064 4467/4487 2432/2440
f 6075/6106 4468/4490 7025/7066 7026/7065
f 7026/7065 7025/7066 3799/3816 7027/7067
f 6075/6106 7026/7065 7027/7067 3833/3848
f 7031/7071 7028/7070 7029/7069 7030/7068
f 7030/7068 7029/7069 3833/3848 7027/7067
f 7031/7071 7030/7068 7027/7067 3799/3816
f 7034/7074 6448/6482 7032/7073 7033/7072
f 7033/7072 7032/7073 3939/3956 7035/7075
f 7034/7074 7033/7072 7035/7075 6811/6846
f 6449/6481 6448/6482 7034/7074 7036/7076
f 7036/7076 7034/7074 6811/6846 7037/7077
f 6449/6481 7036/7076 7037/7077 3949/3965
f 3911/3926 3910/3927 6059/6090 7038/7078
f 7038/7078 6059/6090 3962/3979 7039/7079
f 3911/3926 7038/7078 7039/7079 3914/3930
f 7042/7082 3927/3942 7040/7081 7041/7080
f 7041/7080 7040/7081 6820/6855 7043/7083
f 7042/7082 7041/7080 7043/7083 4494/4515
f 3925/3940 3927/3942 7042/7082 7044/7084
f 7044/7084 7042/7082 4494/4515 4491/4512
f 3925/3940 7044/7084 4491/4512 3917/3934
f 6053/6085 4508/4528 4507/4527 7045/7085
f 7045/7085 4507/4527 3934/3949 3933/3947
f 6053/6085 7045/7085 3933/3947 3932/3948
f 6051/6082 6034/6067 6037/6068 7046/7086
f 7046/7086 6037/6068 4511/4533 7047/7087
f 6051/6082 7046/7086 7047/7087 3862/3879
f 6049/6080 4496/4516 6452/6486 7048/7088
f 7048/7088 6452/6486 6432/6466 7049/7089
f 6049/6080 7048/7088 7049/7089 3938/3953
f 7051/7091 275/278 4510/4530 7050/7090
f 7050/7090 4510/4530 3909/3924 6465/6498
f 7051/7091 7050/7090 6465/6498 4515/4536
f 7053/7093 275/278 7051/7091 7052/7092
f 7052/7092 7051/7091 4515/4536 7054/7094
f 7053/7093 7052/7092 7054/7094 3928/3945
f 6038/6069 3932/3948 7055/7096 7056/7095
f 7056/7095 7055/7096 4515/4536 4512/4532
f 6038/6069 7056/7095 4512/4532 4511/4533
f 6031/6063 3866/3882 7057/7098 7058/7097
f 7058/7097 7057/7098 4520/4540 6072/6103
f 6031/6063 7058/7097 6072/6103 2343/2350
f 4449/4469 4446/4466 6092/6124 7059/7099
f 7059/7099 6092/6124 4170/4186 6844/6877
f 4449/4469 7059/7099 6844/6877 4450/4470
f 5856/5887 4822/4842 7060/7101 7061/7100
f 7061/7100 7060/7101 4838/4860 5852/5884
f 5856/5887 7061/7100 5852/5884 4846/4867
f 7063/7103 4545/4565 4544/4563 7062/7102
f 7062/7102 4544/4563 4543/4564 7064/7104
f 7063/7103 7062/7102 7064/7104 4631/4652
f 7066/7106 4545/4565 7063/7103 7065/7105
f 7065/7105 7063/7103 4631/4652 6014/6045
f 7066/7106 7065/7105 6014/6045 4559/4581
f 6018/6049 4546/4568 7067/7108 7068/7107
f 7068/7107 7067/7108 7069/7110 7070/7109
f 6018/6049 7068/7107 7070/7109 4582/4603
f 4554/4574 4553/4575 5992/6024 7071/7111
f 7071/7111 5992/6024 4552/4572 4551/4570
f 4554/4574 7071/7111 4551/4570 4550/4571
f 7073/7113 4545/4565 7066/7106 7072/7112
f 7072/7112 7066/7106 4559/4581 4562/4582
f 7073/7113 7072/7112 4562/4582 4565/4585
f 7075/7115 4545/4565 7073/7113 7074/7114
f 7074/7114 7073/7113 4565/4585 5980/6012
f 7075/7115 7074/7114 5980/6012 4605/4626
f 6007/6039 4569/4590 7076/7117 7077/7116
f 7077/7116 7076/7117 4539/4561 7078/7118
f 6007/6039 7077/7116 7078/7118 4601/4623
f 7080/7120 4631/4652 7064/7104 7079/7119
f 7079/7119 7064/7104 4543/4564 7081/7121
f 7080/7120 7079/7119 7081/7121 4622/4642
f 4632/4651 4631/4652 7080/7120 7082/7122
f 7082/7122 7080/7120 4622/4642 5979/6010
f 4632/4651 7082/7122 5979/6010 4532/4554
f 7084/7124 4582/4603 7070/7109 7083/7123
f 7083/7123 7070/7109 7069/7110 7085/7125
f 7084/7124 7083/7123 7085/7125 7086/7126
f 4583/4602 4582/4603 7084/7124 7087/7127
f 7087/7127 7084/7124 7086/7126 7088/7128
f 4583/4602 7087/7127 7088/7128 4584/4604
f 7090/7130 4592/4612 4591/4611 7089/7129
f 7089/7129 4591/4611 4558/4578 7091/7131
f 7090/7130 7089/7129 7091/7131 4577/4597
f 4618/4638 4592/4612 7090/7130 7092/7132
f 7092/7132 7090/7130 4577/4597 4598/4618
f 4618/4638 7092/7132 4598/4618 4600/4620
f 7094/7134 4571/4591 6009/6040 7093/7133
f 7093/7133 6009/6040 4601/4623 4609/4629
f 7094/7134 7093/7133 4609/4629 4611/4631
f 7096/7136 4571/4591 7094/7134 7095/7135
f 7095/7135 7094/7134 4611/4631 7097/7137
f 7096/7136 7095/7135 7097/7137 4625/4646
f 7091/7131 4558/4578 4557/4577 7098/7138
f 7098/7138 4557/4577 4550/4571 4574/4594
f 7091/7131 7098/7138 4574/4594 4577/4597
f 7088/7128 7086/7126 7099/7140 7100/7139
f 7100/7139 7099/7140 5969/6002 5972/6003
f 7088/7128 7100/7139 5972/6003 4584/4604
f 5966/5997 4588/4608 4626/4645 7101/7141
f 7101/7141 4626/4645 4625/4646 7097/7137
f 5966/5997 7101/7141 7097/7137 4611/4631
f 7103/7143 4615/4636 4612/4633 7102/7142
f 7102/7142 4612/4633 4600/4620 7104/7144
f 7103/7143 7102/7142 7104/7144 5969/6002
f 7106/7146 4615/4636 7103/7143 7105/7145
f 7105/7145 7103/7143 5969/6002 7099/7140
f 7106/7146 7105/7145 7099/7140 7086/7126
f 5962/5994 4805/4826 7107/7148 7108/7147
f 7108/7147 7107/7148 4815/4835 7109/7149
f 5962/5994 7108/7147 7109/7149 4800/4820
f 7111/7151 3736/3751 3735/3750 7110/7150
f 7110/7150 3735/3750 3732/3747 7112/7152
f 7111/7151 7110/7150 7112/7152 7113/7153
f 7112/7152 3732/3747 4670/4689 7114/7154
f 7114/7154 4670/4689 4669/4690 7115/7155
f 7112/7152 7114/7154 7115/7155 7113/7153
f 7117/7157 5506/5528 5509/5529 7116/7156
f 7116/7156 5509/5529 4681/4701 5951/5982
f 7117/7157 7116/7156 5951/5982 5328/5349
f 7119/7159 5945/5978 5948/5979 7118/7158
f 7118/7158 5948/5979 4682/4704 7120/7160
f 7119/7159 7118/7158 7120/7160 4716/4736
f 7119/7159 4716/4736 4715/4735 7121/7161
f 7121/7161 4715/4735 4712/4732 7122/7162
f 7119/7159 7121/7161 7122/7162 5945/5978
f 7125/7165 4702/4722 7123/7164 7124/7163
f 7124/7163 7123/7164 7113/7153 7115/7155
f 7125/7165 7124/7163 7115/7155 4669/4690
f 4705/4725 4702/4722 7125/7165 7126/7166
f 7126/7166 7125/7165 4669/4690 4689/4709
f 4705/4725 7126/7166 4689/4709 4688/4710
f 7129/7169 5917/5950 7127/7168 7128/7167
f 7128/7167 7127/7168 4696/4718 4704/4724
f 7129/7169 7128/7167 4704/4724 4688/4710
f 7131/7171 5917/5950 7129/7169 7130/7170
f 7130/7170 7129/7169 4688/4710 4693/4713
f 7131/7171 7130/7170 4693/4713 4695/4715
f 5930/5961 4712/4732 4711/4730 7132/7172
f 7132/7172 4711/4730 4710/4731 4722/4741
f 5930/5961 7132/7172 4722/4741 4721/4742
f 7136/7176 7133/7175 7134/7174 7135/7173
f 7135/7173 7134/7174 5328/5349 5325/5346
f 7136/7176 7135/7173 5325/5346 3783/3799
f 7138/7178 7133/7175 7136/7176 7137/7177
f 7137/7177 7136/7176 3783/3799 3780/3795
f 7138/7178 7137/7177 3780/3795 3779/3796
f 7140/7180 4730/4751 4727/4748 7139/7179
f 7139/7179 4727/4748 4700/4721 4697/4717
f 7140/7180 7139/7179 4697/4717 4696/4718
f 7142/7182 4730/4751 7140/7180 7141/7181
f 7141/7181 7140/7180 4696/4718 7143/7183
f 7142/7182 7141/7181 7143/7183 5901/5933
f 5916/5947 5042/5064 5479/5500 7144/7184
f 7144/7184 5479/5500 5374/5395 7145/7185
f 5916/5947 7144/7184 7145/7185 5376/5398
f 7148/7188 3813/3828 7146/7187 7147/7186
f 7147/7186 7146/7187 4737/4759 7149/7189
f 7148/7188 7147/7186 7149/7189 7133/7175
f 3811/3826 3813/3828 7148/7188 7150/7190
f 7150/7190 7148/7188 7133/7175 7138/7178
f 3811/3826 7150/7190 7138/7178 3779/3796
f 5900/5931 5903/5934 7151/7192 7152/7191
f 7152/7191 7151/7192 4759/4779 5891/5922
f 5900/5931 7152/7191 5891/5922 4772/4793
f 7154/7194 4763/4783 4762/4782 7153/7193
f 7153/7193 4762/4782 4737/4759 7146/7187
f 7154/7194 7153/7193 7146/7187 3813/3828
f 7156/7196 4763/4783 7154/7194 7155/7195
f 7155/7195 7154/7194 3813/3828 3820/3836
f 7156/7196 7155/7195 3820/3836 1054/1060
f 7158/7198 5370/5392 5373/5393 7157/7197
f 7157/7197 5373/5393 4768/4790 7159/7199
f 7158/7198 7157/7197 7159/7199 4832/4853
f 7162/7202 4783/4805 7160/7201 7161/7200
f 7161/7200 7160/7201 4782/4802 5885/5916
f 7162/7202 7161/7200 5885/5916 4753/4773
f 4814/4834 4789/4811 5882/5913 7163/7203
f 7163/7203 5882/5913 4800/4820 7109/7149
f 4814/4834 7163/7203 7109/7149 4815/4835
f 7165/7205 4800/4820 5883/5914 7164/7204
f 7164/7204 5883/5914 4788/4808 4787/4807
f 7165/7205 7164/7204 4787/4807 4749/4769
f 4797/4817 4800/4820 7165/7205 7166/7206
f 7166/7206 7165/7205 4749/4769 4765/4785
f 4797/4817 7166/7206 4765/4785 4764/4786
f 4809/4829 4798/4819 5873/5905 7167/7207
f 7167/7207 5873/5905 1059/1063 1867/1871
f 4809/4829 7167/7207 1867/1871 1866/1872
f 7170/7210 4815/4835 7168/7209 7169/7208
f 7169/7208 7168/7209 5833/5865 7171/7211
f 7170/7210 7169/7208 7171/7211 4885/4905
f 5868/5900 4816/4838 7172/7213 7173/7212
f 7173/7212 7172/7213 4793/4814 4790/4810
f 5868/5900 7173/7212 4790/4810 4789/4811
f 5864/5896 4822/4842 4823/4844 7174/7214
f 7174/7214 4823/4844 4782/4802 7160/7201
f 5864/5896 7174/7214 7160/7201 4783/4805
f 5860/5892 4837/4857 4836/4856 7175/7215
f 7175/7215 4836/4856 4774/4794 5887/5919
f 5860/5892 7175/7215 5887/5919 4775/4797
f 5859/5890 5370/5392 7158/7198 7176/7216
f 7176/7216 7158/7198 4832/4853 4829/4849
f 5859/5890 7176/7216 4829/4849 4828/4850
f 7178/7218 982/987 2928/2941 7177/7217
f 7177/7217 2928/2941 1922/1928 7179/7219
f 7178/7218 7177/7217 7179/7219 7180/7220
f 4844/4865 982/987 7178/7218 7181/7221
f 7181/7221 7178/7218 7180/7220 7182/7222
f 4844/4865 7181/7221 7182/7222 4846/4867
f 7185/7225 5425/5446 7183/7224 7184/7223
f 7184/7223 7183/7224 5448/5469 7186/7226
f 7185/7225 7184/7223 7186/7226 1048/1054
f 7188/7228 5425/5446 7185/7225 7187/7227
f 7187/7227 7185/7225 1048/1054 3303/3315
f 7188/7228 7187/7227 3303/3315 1875/1880
f 5846/5877 4854/4875 4851/4872 7189/7229
f 7189/7229 4851/4872 4637/4658 4634/4654
f 5846/5877 7189/7229 4634/4654 4633/4655
f 7191/7231 4860/4881 4857/4878 7190/7230
f 7190/7230 4857/4878 4651/4672 4648/4668
f 7191/7231 7190/7230 4648/4668 4647/4669
f 5405/5425 4860/4881 7191/7231 7192/7232
f 7192/7232 7191/7231 4647/4669 4864/4884
f 5405/5425 7192/7232 4864/4884 4863/4885
f 7194/7234 5415/5436 5412/5432 7193/7233
f 7193/7233 5412/5432 5411/5433 7195/7235
f 7194/7234 7193/7233 7195/7235 5409/5430
f 7197/7237 5415/5436 7194/7234 7196/7236
f 7196/7236 7194/7234 5409/5430 5453/5473
f 7197/7237 7196/7236 5453/5473 5421/5443
f 5837/5868 5344/5364 5343/5363 7198/7238
f 7198/7238 5343/5363 4646/4666 4645/4664
f 5837/5868 7198/7238 4645/4664 4644/4665
f 5831/5863 5386/5407 7199/7240 7200/7239
f 7200/7239 7199/7240 4885/4905 7171/7211
f 5831/5863 7200/7239 7171/7211 5833/5865
f 7202/7242 4897/4918 4894/4915 7201/7241
f 7201/7241 4894/4915 4816/4838 5824/5855
f 7202/7242 7201/7241 5824/5855 4880/4902
f 7204/7244 4843/4863 5820/5851 7203/7243
f 7203/7243 5820/5851 4899/4919 5394/5414
f 7204/7244 7203/7243 5394/5414 5393/5415
f 7206/7246 2954/2966 5460/5481 7205/7245
f 7205/7245 5460/5481 5415/5436 7197/7237
f 7206/7246 7205/7245 7197/7237 5421/5443
f 2952/2964 2954/2966 7206/7246 7207/7247
f 7207/7247 7206/7246 5421/5443 5424/5444
f 2952/2964 7207/7247 5424/5444 1043/1048
f 5813/5844 5654/5680 7208/7249 7209/7248
f 7209/7248 7208/7249 5358/5379 5355/5375
f 5813/5844 7209/7248 5355/5375 5354/5376
f 7213/7253 7210/7252 7211/7251 7212/7250
f 7212/7250 7211/7251 4912/4933 5025/5045
f 7213/7253 7212/7250 5025/5045 5024/5046
f 7215/7255 7210/7252 7213/7253 7214/7254
f 7214/7254 7213/7253 5024/5046 5751/5780
f 7215/7255 7214/7254 5751/5780 5750/5781
f 4916/4936 4918/4938 7216/7257 7217/7256
f 7217/7256 7216/7257 5141/5162 5139/5160
f 4916/4936 7217/7256 5139/5160 4908/4930
f 5799/5830 5262/5759 7218/7259 7219/7258
f 7219/7258 7218/7259 5213/5233 5212/5232
f 5799/5830 7219/7258 5212/5232 5209/5229
f 5797/5828 1962/1967 5569/5593 7220/7260
f 7220/7260 5569/5593 5443/5594 5441/7261
f 5797/5826 7220/7262 5441/5462 5300/5322
f 7222/7264 4017/4032 4016/4031 7221/7263
f 7221/7263 4016/4031 4013/4028 5179/5198
f 7222/7264 7221/7263 5179/5198 5178/5199
f 7224/7266 4017/4032 7222/7264 7223/7265
f 7223/7265 7222/7264 5178/5199 5194/5215
f 7224/7266 7223/7265 5194/5215 5105/5125
f 7226/7268 5083/5104 5556/5579 7225/7267
f 7225/7267 5556/5579 5553/5576 7227/7269
f 7226/7268 7225/7267 7227/7269 5183/5567
f 5084/5103 5083/5104 7226/7268 7228/7270
f 7228/7270 7226/7268 5183/5567 5545/5566
f 5084/5103 7228/7270 5545/5566 4978/4998
f 5782/5811 2048/2057 5096/5116 7229/7271
f 7229/7271 5096/5116 5098/5118 7230/7272
f 5782/5811 7229/7271 7230/7272 5779/5810
f 7233/7275 5103/5124 7231/7274 7232/7273
f 7232/7273 7231/7274 6081/6114 7234/7276
f 7233/7275 7232/7273 7234/7276 4017/4032
f 5104/5123 5103/5124 7233/7275 7235/7277
f 7235/7277 7233/7275 4017/4032 7224/7266
f 5104/5123 7235/7277 7224/7266 5105/5125
f 5777/5806 4993/5015 7236/7279 7237/7278
f 7237/7278 7236/7279 5579/5605 7238/7280
f 5777/5806 7237/7278 7238/7280 5159/5181
f 7240/7282 5207/5228 5204/5224 7239/7281
f 7239/7281 5204/5224 5203/5225 7241/7283
f 7240/7282 7239/7281 7241/7283 4965/4987
f 5620/5644 5207/5228 7240/7282 7242/7284
f 7242/7284 7240/7282 4965/4987 7243/7285
f 5620/5644 7242/7284 7243/7285 5617/5643
f 5768/5798 2863/2873 7244/7287 7245/7286
f 7245/7286 7244/7287 4997/5018 5578/5601
f 5768/5798 7245/7286 5578/5601 5577/5602
f 5767/5796 5010/5030 5009/5029 7246/7288
f 7246/7288 5009/5029 5006/5026 5225/5244
f 5767/5796 7246/7288 5225/5244 5224/5245
f 5765/5794 4529/4550 4984/5004 7247/7289
f 7247/7289 4984/5004 4986/5006 5935/5966
f 5765/5794 7247/7289 5935/5966 4736/4756
f 5763/5792 5017/5037 5016/5035 7248/7290
f 7248/7290 5016/5035 5015/5036 7249/7291
f 5763/5792 7248/7290 7249/7291 5672/5698
f 7251/7293 4925/4945 4924/4943 7250/7292
f 7250/7292 4924/4943 4923/4944 5804/5835
f 7251/7293 7250/7292 5804/5835 5803/5836
f 5133/5153 4925/4945 7251/7293 7252/7294
f 7252/7294 7251/7293 5803/5836 7253/7295
f 5133/5153 7252/7294 7253/7295 5134/5154
f 7256/7298 5322/5343 7254/7297 7255/7296
f 7255/7296 7254/7297 5358/5379 7208/7249
f 7256/7298 7255/7296 7208/7249 5654/5680
f 5323/5342 5322/5343 7256/7298 7257/7299
f 7257/7299 7256/7298 5654/5680 5657/5681
f 5323/5342 7257/7299 5657/5681 5324/5344
f 5749/5778 5149/5171 5152/5172 7258/7300
f 7258/7300 5152/5172 5154/5174 5758/5787
f 5749/5778 7258/7300 5758/5787 5231/5251
f 7260/7302 1554/1559 1551/1555 7259/7301
f 7259/7301 1551/1555 1550/1556 7261/7303
f 7260/7302 7259/7301 7261/7303 5744/5774
f 7263/7305 1554/1559 7260/7302 7262/7304
f 7262/7304 7260/7302 5744/5774 5741/5770
f 7263/7305 7262/7304 5741/5770 5740/5771
f 2866/2876 798/801 5646/5670 7264/7306
f 7264/7306 5646/5670 5055/5076 5052/5073
f 2866/2876 7264/7306 5052/5073 916/919
f 5730/5755 5729/5756 7265/7308 7266/7307
f 7266/7307 7265/7308 5213/5233 7218/7259
f 5730/5755 7266/7307 7218/7259 5262/5759
f 7270/7312 7267/7311 7268/7310 7269/7309
f 7269/7309 7268/7310 5702/5727 5701/5726
f 7270/7312 7269/7309 5701/5726 5563/5588
f 7272/7314 7267/7311 7270/7312 7271/7313
f 7271/7313 7270/7312 5563/5588 5566/5589
f 7272/7314 7271/7313 5566/5589 5568/5591
f 7275/7317 4964/4984 7273/7316 7274/7315
f 7274/7315 7273/7316 5293/5313 5713/5738
f 7275/7317 7274/7315 5713/5738 5715/5740
f 4962/4982 4964/4984 7275/7317 7276/7318
f 7276/7318 7275/7317 5715/5740 7277/7319
f 4962/4982 7276/7318 7277/7319 4954/4976
f 7280/7322 4165/4180 7278/7321 7279/7320
f 7279/7320 7278/7321 5063/5083 5088/5108
f 7280/7322 7279/7320 5088/5108 5090/5110
f 4163/4178 4165/4180 7280/7322 7281/7323
f 7281/7323 7280/7322 5090/5110 7282/7324
f 4163/4178 7281/7323 7282/7324 4155/4172
f 7284/7326 7267/7311 7272/7314 7283/7325
f 7283/7325 7272/7314 5568/5591 7285/7327
f 7284/7326 7283/7325 7285/7327 4951/4972
f 7287/7329 7267/7311 7284/7326 7286/7328
f 7286/7328 7284/7326 4951/4972 7288/7330
f 7287/7329 7286/7328 7288/7330 5250/5271
f 5692/5716 5636/5718 5642/7332 7289/7331
f 7289/7331 5642/7332 5540/7334 7290/7333
f 5692/5716 7289/7331 7290/7333 5584/5608
f 7293/7337 5058/5080 7291/7336 7292/7335
f 7292/7335 7291/7336 4943/4963 4942/4961
f 7293/7337 7292/7335 4942/4961 4941/4962
f 7295/7339 5058/5080 7293/7337 7294/7338
f 7294/7338 7293/7337 4941/4962 7296/7340
f 7295/7339 7294/7338 7296/7340 5617/5643
f 5688/5712 5690/5714 7297/7342 7298/7341
f 7298/7341 7297/7342 4976/4997 5251/5270
f 5688/5712 7298/7341 5251/5270 5250/5271
f 5802/5833 5672/5698 5675/5699 7299/7343
f 7299/7343 5675/5699 4934/4955 4931/4951
f 5802/5833 7299/7343 4931/4951 4930/4952
f 7301/7345 5041/5061 5040/5060 7300/7344
f 7300/7344 5040/5060 5037/5057 7302/7346
f 7301/7345 7300/7344 7302/7346 5600/5624
f 5438/5459 5041/5061 7301/7345 7303/7347
f 7303/7347 7301/7345 5600/5624 7304/7348
f 5438/5459 7303/7347 7304/7348 5106/5128
f 7307/7351 5811/5842 7305/7350 7306/7349
f 7306/7349 7305/7350 4218/4236 4217/4234
f 7307/7351 7306/7349 4217/4234 4216/4235
f 7309/7353 5811/5842 7307/7351 7308/7352
f 7308/7352 7307/7351 4216/4235 7310/7354
f 7309/7353 7308/7352 7310/7354 7311/7355
f 7314/7358 7311/7355 7312/7357 7313/7356
f 7313/7356 7312/7357 4914/4934 4913/4932
f 7314/7358 7313/7356 4913/4932 4912/4933
f 7316/7360 7311/7355 7314/7358 7315/7359
f 7315/7359 7314/7358 4912/4933 7211/7251
f 7316/7360 7315/7359 7211/7251 7210/7252
f 5658/5682 4919/4941 4927/4947 7317/7361
f 7317/7361 4927/4947 4929/4949 7318/7362
f 5658/5682 7317/7361 7318/7362 5324/5344
f 7261/7303 1550/1556 7319/7364 7320/7363
f 7320/7363 7319/7364 5587/5613 7321/7365
f 7261/7303 7320/7363 7321/7365 5744/5774
f 5649/5673 5094/5114 7322/7367 7323/7366
f 7323/7366 7322/7367 7324/7369 7325/7368
f 5649/5673 7323/7366 7325/7368 5600/5624
f 7327/7371 5063/5083 7278/7321 7326/7370
f 7326/7370 7278/7321 4165/4180 4252/4269
f 7327/7371 7326/7370 4252/4269 4251/4270
f 7329/7373 5063/5083 7327/7371 7328/7372
f 7328/7372 7327/7371 4251/4270 7330/7374
f 7329/7373 7328/7372 7330/7374 7331/7375
f 7333/7377 5243/5263 5633/5657 7332/7376
f 7332/7376 5633/5657 5635/5659 7334/7378
f 7333/7377 7332/7376 7334/7378 5534/5554
f 5721/5746 5099/5121 5199/5219 7335/7379
f 7335/7379 5199/5219 4960/4980 5275/5295
f 5721/5746 7335/7379 5275/5295 5274/5296
f 7338/7382 5203/5225 7336/7381 7337/7380
f 7337/7380 7336/7381 7339/7384 7340/7383
f 7338/7382 7337/7380 7340/7383 5711/5736
f 7241/7283 5203/5225 7338/7382 7341/7385
f 7341/7385 7338/7382 5711/5736 7342/7386
f 7241/7283 7341/7385 7342/7386 4965/4987
f 7344/7388 5282/5303 5706/5731 7343/7387
f 7343/7387 5706/5731 5690/5714 5689/5713
f 7344/7388 7343/7387 5689/5713 4947/4969
f 7346/7390 5282/5303 7344/7388 7345/7389
f 7345/7389 7344/7388 4947/4969 7347/7391
f 7346/7390 7345/7389 7347/7391 7348/7392
f 7351/7395 5443/5594 7349/7394 7350/7393
f 7350/7393 7349/7394 5738/5768 7352/7396
f 7351/7395 7350/7393 7352/7396 5584/5608
f 5537/7398 5443/5594 7351/7395 7353/7397
f 7353/7397 7351/7395 5584/5608 7290/7333
f 5537/7398 7353/7397 7290/7333 5540/7334
f 5618/5642 5617/5643 7296/7340 7354/7399
f 7354/7399 7296/7340 4941/4962 7355/7400
f 5618/5642 7354/7399 7355/7400 5116/5137
f 5613/5638 5163/5184 7356/7402 7357/7401
f 7357/7401 7356/7402 5734/5765 7358/7403
f 5613/5638 7357/7401 7358/7403 5615/5640
f 7361/7406 5591/5616 7359/7405 7360/7404
f 7360/7404 7359/7405 7362/7408 7363/7407
f 7361/7406 7360/7404 7363/7407 5577/5602
f 5592/5615 5591/5616 7361/7406 7364/7409
f 7364/7409 7361/7406 5577/5602 5574/5598
f 5592/5615 7364/7409 5574/5598 5573/5599
f 7366/7411 5530/5550 5596/5621 7365/7410
f 7365/7410 5596/5621 4936/4956 5245/5265
f 7366/7411 7365/7410 5245/5265 5243/5263
f 5533/5553 5530/5550 7366/7411 7367/7412
f 7367/7412 7366/7411 5243/5263 7333/7377
f 5533/5553 7367/7412 7333/7377 5534/5554
f 5221/5241 5220/5242 7368/7414 7369/7413
f 7369/7413 7368/7414 5654/5680 5814/5845
f 5221/5241 7369/7413 5814/5845 5224/5245
f 5598/5622 5600/5624 7302/7346 7370/7415
f 7370/7415 7302/7346 5037/5057 7371/7416
f 5598/5622 7370/7415 7371/7416 4936/4956
f 7322/7367 5094/5114 5586/5610 7372/7417
f 7372/7417 5586/5610 3382/3397 7373/7418
f 7322/7367 7372/7417 7373/7418 7324/7369
f 7376/7421 5163/5184 7374/7420 7375/7419
f 7375/7419 7374/7420 5579/5605 5582/5606
f 7376/7421 7375/7419 5582/5606 5584/5608
f 5778/5807 5573/5599 5576/5600 7377/7422
f 7377/7422 5576/5600 4997/5018 4994/5014
f 5778/5807 7377/7422 4994/5014 4993/5015
f 7379/7424 4943/4963 7291/7336 7378/7423
f 7378/7423 7291/7336 5058/5080 7380/7425
f 7379/7424 7378/7423 7380/7425 7331/7375
f 5571/5595 5312/5332 5739/5767 7381/7426
f 7381/7426 5739/5767 5738/5768 7349/7394
f 5571/5595 7381/7426 7349/7394 5443/5594
f 5564/5587 5563/5588 7382/7428 7383/7427
f 7383/7427 7382/7428 5078/5099 7384/7429
f 5564/5587 7383/7427 7384/7429 5498/5520
f 7386/7431 5534/5554 7334/7378 7385/7430
f 7385/7430 7334/7378 5635/5659 7387/7432
f 7386/7431 7385/7430 7387/7432 5779/5810
f 5532/5552 5534/5554 7386/7431 7388/7433
f 7388/7433 7386/7431 5779/5810 7230/7272
f 5532/5552 7388/7433 7230/7272 5098/5118
f 7391/7436 5551/5575 7389/7435 7390/7434
f 7390/7434 7389/7435 7339/7384 7392/7437
f 7391/7436 7390/7434 7392/7437 5729/5756
f 5552/5574 5551/5575 7391/7436 7393/7438
f 7393/7438 7391/7436 5729/5756 7394/7439
f 5552/5574 7393/7438 7394/7439 5553/5576
f 7396/7441 4958/4979 5283/5302 7395/7440
f 7395/7440 5283/5302 5282/5303 7346/7390
f 7396/7441 7395/7440 7346/7390 7348/7392
f 7398/7443 4958/4979 7396/7441 7397/7442
f 7397/7442 7396/7441 7348/7392 7399/7444
f 7398/7443 7397/7442 7399/7444 5557/5582
f 5536/5556 5058/5080 7295/7339 7400/7445
f 7400/7445 7295/7339 5617/5643 7243/7285
f 5536/5556 7400/7445 7243/7285 4965/4987
f 7402/7447 5312/5332 5311/5331 7401/7446
f 7401/7446 5311/5331 5308/5328 7403/7448
f 7402/7447 7401/7446 7403/7448 5615/5640
f 5737/5766 5312/5332 7402/7447 7404/7449
f 7404/7449 7402/7447 5615/5640 7358/7403
f 5737/5766 7404/7449 7358/7403 5734/5765
f 7408/7453 7405/7452 7406/7451 7407/7450
f 7407/7450 7406/7451 5740/5771 5747/5776
f 7408/7453 7407/7450 5747/5776 5615/5640
f 7410/7455 7405/7452 7408/7453 7409/7454
f 7409/7454 7408/7453 5615/5640 7403/7448
f 7410/7455 7409/7454 7403/7448 5308/5328
f 7412/7457 5803/5836 5809/5840 7411/7456
f 7411/7456 5809/5840 5811/5842 7309/7353
f 7412/7457 7411/7456 7309/7353 7311/7355
f 7414/7459 5803/5836 7412/7457 7413/7458
f 7413/7458 7412/7457 7311/7355 7316/7360
f 7414/7459 7413/7458 7316/7360 7210/7252
f 4686/4706 4681/4701 5516/5536 7415/7460
f 7415/7460 5516/5536 4538/4558 5334/5354
f 4686/4706 7415/7460 5334/5354 4687/4707
f 7419/7464 7416/7463 7417/7462 7418/7461
f 7418/7461 7417/7462 5339/5359 5912/5943
f 7419/7464 7418/7461 5912/5943 5330/5352
f 5512/5532 5514/5534 7420/7466 7421/7465
f 7421/7465 7420/7466 4743/4763 4742/4761
f 5512/5532 7421/7465 4742/4761 4741/4762
f 5507/5527 5506/5528 7422/7468 7423/7467
f 7423/7467 7422/7468 5514/5534 6012/6043
f 5507/5527 7423/7467 6012/6043 4627/4649
f 7426/7471 4953/4973 7424/7470 7425/7469
f 7425/7469 7424/7470 5505/5525 7427/7472
f 7426/7471 7425/7469 7427/7472 5064/5086
f 7429/7474 4953/4973 7426/7471 7428/7473
f 7428/7473 7426/7471 5064/5086 5348/5368
f 7429/7474 7428/7473 5348/5368 5347/5369
f 7431/7476 5360/5380 5359/5378 7430/7475
f 7430/7475 5359/5378 5358/5379 7254/7297
f 7431/7476 7430/7475 7254/7297 5322/5343
f 7433/7478 5360/5380 7431/7476 7432/7477
f 7432/7477 7431/7476 5322/5343 7434/7479
f 7433/7478 7432/7477 7434/7479 5103/5124
f 5253/5273 5255/5275 5792/5821 7435/7480
f 7435/7480 5792/5821 2048/2057 5783/5812
f 5253/5273 7435/7480 5783/5812 5246/5268
f 5486/5507 5368/5389 5366/5387 7436/7481
f 7436/7481 5366/5387 900/903 7437/7482
f 5486/5507 7436/7481 7437/7482 5046/5067
f 7439/7484 5374/5395 5481/5501 7438/7483
f 7438/7483 5481/5501 4732/4752 4731/4750
f 7439/7484 7438/7483 4731/4750 4730/4751
f 7441/7486 5725/5751 5722/5748 7440/7485
f 7440/7485 5722/5748 5048/5068 5047/5066
f 7441/7486 7440/7485 5047/5066 5046/5067
f 5477/5498 5368/5389 5915/5946 7442/7487
f 7442/7487 5915/5946 5376/5398 5484/5504
f 5477/5498 7442/7487 5484/5504 886/891
f 5474/5495 4890/4910 7443/7489 7444/7488
f 7444/7488 7443/7489 4880/4902 7445/7490
f 5474/5495 7444/7488 7445/7490 5386/5407
f 5473/5493 4899/4919 4898/4917 7446/7491
f 7446/7491 4898/4917 4897/4918 7447/7492
f 5473/5493 7446/7491 7447/7492 4856/4876
f 7450/7495 4871/4891 7448/7494 7449/7493
f 7449/7493 7448/7494 5459/5479 7451/7496
f 7450/7495 7449/7493 7451/7496 5401/5422
f 4869/4889 4871/4891 7450/7495 7452/7497
f 7452/7497 7450/7495 5401/5422 5398/5419
f 4869/4889 7452/7497 5398/5419 4863/4885
f 4907/4927 4905/4925 5416/5435 7453/7498
f 7453/7498 5416/5435 5415/5436 5462/5482
f 4907/4927 7453/7498 5462/5482 1033/1038
f 7448/7494 4871/4891 5420/5440 7454/7499
f 7454/7499 5420/5440 4872/4894 5457/5477
f 7448/7494 7454/7499 5457/5477 5459/5479
f 5426/5445 5425/5446 7188/7228 7455/7500
f 7455/7500 7188/7228 1875/1880 1872/1877
f 5426/5445 7455/7500 1872/1877 1043/1048
f 7457/7502 5436/5457 5447/5467 7456/7501
f 7456/7501 5447/5467 5450/5470 7458/7503
f 7457/7502 7456/7501 7458/7503 5427/5449
f 5065/5085 5064/5086 7427/7472 7459/7504
f 7459/7504 7427/7472 5505/5525 5504/5524
f 5065/5085 7459/7504 5504/5524 5068/5089
f 7424/7470 4953/4973 4952/4971 7460/7505
f 7460/7505 4952/4971 4951/4972 7461/7506
f 7424/7470 7460/7505 7461/7506 5505/5525
f 5440/5460 5106/5128 5109/5129 7462/7507
f 7462/7507 5109/5129 5111/5131 5525/5545
f 5440/5460 7462/7507 5525/5545 5130/5150
f 5435/5455 4801/4823 4808/4828 7463/7508
f 7463/7508 4808/4828 1866/1872 3298/3311
f 5435/5455 7463/7508 3298/3311 2955/2969
f 5428/5448 5427/5449 7458/7503 7464/7509
f 7464/7509 7458/7503 5450/5470 5451/5472
f 5428/5448 7464/7509 5451/5472 5409/5430
f 5422/5442 5421/5443 5454/5474 7465/7510
f 7465/7510 5454/5474 5450/5470 7466/7511
f 5422/5442 7465/7510 7466/7511 5425/5446
f 7468/7513 5459/5479 5458/5478 7467/7512
f 7467/7512 5458/5478 5411/5433 5414/5434
f 7468/7513 7467/7512 5414/5434 4905/4925
f 7470/7515 5427/5449 5430/5450 7469/7514
f 7469/7514 5430/5450 5432/5452 5850/5881
f 7470/7515 7469/7514 5850/5881 5388/5408
f 7472/7517 5427/5449 7470/7515 7471/7516
f 7471/7516 7470/7515 5388/5408 5834/5864
f 7472/7517 7471/7516 5834/5864 5833/5865
f 5410/5429 5409/5430 7195/7235 7473/7518
f 7473/7518 7195/7235 5411/5433 5455/5476
f 5410/5429 7473/7518 5455/5476 4872/4894
f 5847/5878 4862/4882 5471/5491 7474/7519
f 7474/7519 5471/5491 5393/5415 5396/5416
f 5847/5878 7474/7519 5396/5416 4854/4875
f 7476/7521 4856/4876 7447/7492 7475/7520
f 7475/7520 7447/7492 4897/4918 7202/7242
f 7476/7521 7475/7520 7202/7242 4880/4902
f 4889/4909 4856/4876 7476/7521 7477/7522
f 7477/7522 7476/7521 4880/4902 7443/7489
f 4889/4909 7477/7522 7443/7489 4890/4910
f 7480/7525 905/909 7478/7524 7479/7523
f 7479/7523 7478/7524 5725/5751 7441/7486
f 7480/7525 7479/7523 7441/7486 5046/5067
f 3343/3357 905/909 7480/7525 7481/7526
f 7481/7526 7480/7525 5046/5067 7437/7482
f 3343/3357 7481/7526 7437/7482 900/903
f 7483/7528 5436/5457 5433/5454 7482/7527
f 7482/7527 5433/5454 2955/2969 2961/2973
f 7483/7528 7482/7527 2961/2973 1048/1054
f 5445/5466 5436/5457 7483/7528 7484/7529
f 7484/7529 7483/7528 1048/1054 7186/7226
f 5445/5466 7484/7529 7186/7226 5448/5469
f 5371/5391 5370/5392 5377/5397 7485/7530
f 7485/7530 5377/5397 5376/5398 7145/7185
f 5371/5391 7485/7530 7145/7185 5374/5395
f 7487/7532 901/906 5795/5825 7486/7531
f 7486/7531 5795/5825 5300/5322 7488/7533
f 7487/7532 7486/7531 7488/7533 5725/5751
f 902/905 901/906 7487/7532 7489/7534
f 7489/7534 7487/7532 5725/5751 7478/7524
f 902/905 7489/7534 7478/7524 905/909
f 7491/7536 5103/5124 7434/7479 7490/7535
f 7490/7535 7434/7479 5322/5343 5319/5339
f 7491/7536 7490/7535 5319/5339 5318/5340
f 7231/7274 5103/5124 7491/7536 7492/7537
f 7492/7537 7491/7536 5318/5340 6082/6113
f 7231/7274 7492/7537 6082/6113 6081/6114
f 5357/5377 5360/5380 5716/5742 7493/7538
f 7493/7538 5716/5742 5294/5316 5497/5517
f 5357/5377 7493/7538 5497/5517 5354/5376
f 7495/7540 5568/5591 5567/5590 7494/7539
f 7494/7539 5567/5590 5498/5520 5503/5523
f 7495/7540 7494/7539 5503/5523 5505/5525
f 7285/7327 5568/5591 7495/7540 7496/7541
f 7496/7541 7495/7540 5505/5525 7461/7506
f 7285/7327 7496/7541 7461/7506 4951/4972
f 7498/7543 4743/4763 7420/7466 7497/7542
f 7497/7542 7420/7466 5514/5534 7422/7468
f 7498/7543 7497/7542 7422/7468 5506/5528
f 5333/5353 4538/4558 7499/7545 7500/7544
f 7500/7544 7499/7545 7416/7463 7419/7464
f 5333/5353 7500/7544 7419/7464 5330/5352
f 5327/5347 4679/4700 5522/5542 7501/7546
f 7501/7546 5522/5542 4409/4431 7007/7047
f 5327/5347 7501/7546 7007/7047 3783/3799
f 6121/6152 5318/5340 5321/5341 7502/7547
f 7502/7547 5321/5341 5324/5344 7503/7548
f 6121/6152 7502/7547 7503/7548 6118/6151
f 7505/7550 5654/5680 7368/7414 7504/7549
f 7504/7549 7368/7414 5220/5242 7506/7551
f 7505/7550 7504/7549 7506/7551 5143/5165
f 5655/5679 5654/5680 7505/7550 7507/7552
f 7507/7552 7505/7550 5143/5165 5146/5166
f 5655/5679 7507/7552 5146/5166 4919/4941
f 7509/7554 5734/5765 7356/7402 7508/7553
f 7508/7553 7356/7402 5163/5184 7376/7421
f 7509/7554 7508/7553 7376/7421 5584/5608
f 5735/5764 5734/5765 7509/7554 7510/7555
f 7510/7555 7509/7554 5584/5608 7352/7396
f 5735/5764 7510/7555 7352/7396 5738/5768
f 7512/7557 5729/5756 7392/7437 7511/7556
f 7511/7556 7392/7437 7339/7384 7336/7381
f 7512/7557 7511/7556 7336/7381 5203/5225
f 7265/7308 5729/5756 7512/7557 7513/7558
f 7513/7558 7512/7557 5203/5225 5211/5231
f 7265/7308 7513/7558 5211/5231 5213/5233
f 5303/5323 5112/5134 5726/5750 7514/7559
f 7514/7559 5726/5750 5725/5751 7488/7533
f 5303/5323 7514/7559 7488/7533 5300/5322
f 7516/7561 5174/5196 5788/5817 7515/7560
f 7515/7560 5788/5817 5286/5308 5291/5311
f 7516/7561 7515/7560 5291/5311 5293/5313
f 5629/5653 5174/5196 7516/7561 7517/7562
f 7517/7562 7516/7561 5293/5313 7273/7316
f 5629/5653 7517/7562 7273/7316 4964/4984
f 7519/7564 5711/5736 7340/7383 7518/7563
f 7518/7563 7340/7383 7339/7384 7389/7435
f 7519/7564 7518/7563 7389/7435 5551/5575
f 5714/5739 5711/5736 7519/7564 7520/7565
f 7520/7565 7519/7564 5551/5575 7521/7566
f 5714/5739 7520/7565 7521/7566 5715/5740
f 5277/5297 4958/4979 7398/7443 7522/7567
f 7522/7567 7398/7443 5557/5582 5562/5585
f 5277/5297 7522/7567 5562/5585 5274/5296
f 5365/5385 785/789 5271/5291 7523/7568
f 7523/7568 5271/5291 4972/4994 5547/5570
f 5365/5385 7523/7568 5547/5570 5193/5213
f 7525/7570 4982/5002 4981/5001 7524/7569
f 7524/7569 4981/5001 4525/4547 7526/7571
f 7525/7570 7524/7569 7526/7571 6383/6415
f 7528/7573 4982/5002 7525/7570 7527/7572
f 7527/7572 7525/7570 6383/6415 6973/7014
f 7528/7573 7527/7572 6973/7014 6594/6628
f 5693/5717 5256/5278 5259/5279 7529/7574
f 7529/7574 5259/5279 5262/5282 5800/7575
f 5693/5717 7529/7574 5800/7575 5636/5718
f 7531/7577 5262/5282 5261/5280 7530/7576
f 7530/7576 5261/5280 5260/5281 7532/7578
f 7531/7577 7530/7576 7532/7578 4999/5019
f 7536/7582 7533/7581 7534/7580 7535/7579
f 7535/7579 7534/7580 5218/5239 5215/5235
f 7536/7582 7535/7579 5215/5235 5214/5236
f 7216/7257 4918/4938 5605/5629 7537/7583
f 7537/7583 5605/5629 4317/4336 6965/7003
f 7216/7257 7537/7583 6965/7003 5141/5162
f 7539/7585 5147/5168 5671/5695 7538/7584
f 7538/7584 5671/5695 5669/5693 6962/6999
f 7539/7585 7538/7584 6962/6999 4218/4236
f 5810/5841 5147/5168 7539/7585 7540/7586
f 7540/7586 7539/7585 4218/4236 7305/7350
f 5810/5841 7540/7586 7305/7350 5811/5842
f 5232/5253 5149/5171 5317/5337 7541/7587
f 7541/7587 5317/5337 5130/5150 5526/5546
f 5232/5253 7541/7587 5526/5546 5080/5100
f 5227/5247 5226/5248 7542/7589 7543/7588
f 7543/7588 7542/7589 5015/5036 5012/5032
f 5227/5247 7543/7588 5012/5032 5011/5033
f 5223/5243 5006/5026 5200/5221 7544/7590
f 7544/7590 5200/5221 3382/3397 7545/7591
f 5223/5243 7544/7590 7545/7591 5220/5242
f 5217/5237 796/800 2861/2871 7546/7592
f 7546/7592 2861/2871 2863/2873 5770/5799
f 5217/5237 7546/7592 5770/5799 5214/5236
f 7548/7594 5118/5138 5117/5136 7547/7593
f 7547/7593 5117/5136 5116/5137 7355/7400
f 7548/7594 7547/7593 7355/7400 4941/4962
f 7550/7596 5118/5138 7548/7594 7549/7595
f 7549/7595 7548/7594 4941/4962 4938/4958
f 7550/7596 7549/7595 4938/4958 4937/4959
f 5202/5222 5004/5025 7551/7598 7552/7597
f 7552/7597 7551/7598 7324/7369 7373/7418
f 5202/5222 7552/7597 7373/7418 3382/3397
f 5631/5655 8/10 3379/3393 7553/7599
f 7553/7599 3379/3393 2048/2057 5789/5819
f 5631/5655 7553/7599 5789/5819 5272/5293
f 6239/6271 4155/4172 7282/7324 7554/7600
f 7554/7600 7282/7324 5090/5110 7555/7601
f 6239/6271 7554/7600 7555/7601 4030/4045
f 7555/7601 5090/5110 5287/5307 7556/7602
f 7556/7602 5287/5307 5286/5308 5786/5815
f 7555/7601 7556/7602 5786/5815 4030/4045
f 7558/7604 7324/7369 7551/7598 7557/7603
f 7557/7603 7551/7598 5004/5025 5107/5127
f 7558/7604 7557/7603 5107/5127 5106/5128
f 7325/7368 7324/7369 7558/7604 7559/7605
f 7559/7605 7558/7604 5106/5128 7304/7348
f 7325/7368 7559/7605 7304/7348 5600/5624
f 5728/5753 5118/5138 7550/7596 7560/7606
f 7560/7606 7550/7596 4937/4959 5167/5187
f 5728/5753 7560/7606 5167/5187 5048/5068
f 7562/7608 5189/5209 5188/5207 7561/7607
f 7561/7607 5188/5207 5187/5208 5733/5760
f 7562/7608 7561/7607 5733/5760 5262/5282
f 5489/5510 5189/5209 7562/7608 7563/7609
f 7563/7609 7562/7608 5262/5282 7531/7577
f 5489/5510 7563/7609 7531/7577 4999/5019
f 5160/5180 5159/5181 7238/7280 7564/7610
f 7564/7610 7238/7280 5579/5605 7374/7420
f 5160/5180 7564/7610 7374/7420 5163/5184
f 7566/7612 5744/5774 7321/7365 7565/7611
f 7565/7611 7321/7365 5587/5613 5594/5618
f 7566/7612 7565/7611 5594/5618 5159/5181
f 5745/5773 5744/5774 7566/7612 7567/7613
f 7567/7613 7566/7612 5159/5181 5162/5182
f 5745/5773 7567/7613 5162/5182 5165/5185
f 5153/5173 5078/5099 7382/7428 7568/7614
f 7568/7614 7382/7428 5563/5588 5698/5723
f 5153/5173 7568/7614 5698/5723 5154/5174
f 5148/5167 5147/5168 5807/5838 7569/7615
f 7569/7615 5807/5838 4923/4944 4920/4940
f 5148/5167 7569/7615 4920/4940 4919/4941
f 7571/7617 7311/7355 7310/7354 7570/7616
f 7570/7616 7310/7354 4216/4235 6281/6313
f 7571/7617 7570/7616 6281/6313 4319/4337
f 7312/7357 7311/7355 7571/7617 7572/7618
f 7572/7618 7571/7617 4319/4337 5601/5626
f 7312/7357 7572/7618 5601/5626 4914/4934
f 7575/7621 5220/5242 7573/7620 7574/7619
f 7574/7619 7573/7620 5157/5178 6286/6318
f 7575/7621 7574/7619 6286/6318 5667/5692
f 7506/7551 5220/5242 7575/7621 7576/7622
f 7576/7622 7575/7621 5667/5692 5664/5689
f 7506/7551 7576/7622 5664/5689 5143/5165
f 7579/7625 7362/7408 7577/7624 7578/7623
f 7578/7623 7577/7624 7533/7581 7536/7582
f 7579/7625 7578/7623 7536/7582 5214/5236
f 7363/7407 7362/7408 7579/7625 7580/7626
f 7580/7626 7579/7625 5214/5236 5771/5800
f 7363/7407 7580/7626 5771/5800 5577/5602
f 7582/7628 5579/5605 7236/7279 7581/7627
f 7581/7627 7236/7279 4993/5015 7583/7629
f 7582/7628 7581/7627 7583/7629 5260/5281
f 5580/5604 5579/5605 7582/7628 7584/7630
f 7584/7630 7582/7628 5260/5281 5257/5277
f 5580/5604 7584/7630 5257/5277 5256/5278
f 5113/5133 5112/5134 5264/5284 7585/7631
f 7585/7631 5264/5284 5263/5285 5774/5803
f 5113/5133 7585/7631 5774/5803 5116/5137
f 5110/5130 5004/5025 5001/5021 7586/7632
f 7586/7632 5001/5021 5000/5022 5622/5647
f 5110/5130 7586/7632 5622/5647 5111/5131
f 5100/5120 5099/5121 5719/5744 7587/7633
f 7587/7633 5719/5744 5360/5380 7433/7478
f 5100/5120 7587/7633 7433/7478 5103/5124
f 7589/7635 4954/4976 7277/7319 7588/7634
f 7588/7634 7277/7319 5715/5740 7521/7566
f 7589/7635 7588/7634 7521/7566 5551/5575
f 5285/5305 4954/4976 7589/7635 7590/7636
f 7590/7636 7589/7635 5551/5575 5548/5572
f 5285/5305 7590/7636 5548/5572 5278/5300
f 7592/7638 5729/5756 5732/5757 7591/7637
f 7591/7639 5732/5762 5187/5208 5184/5204
f 7592/7640 7591/7639 5184/5204 5183/5205
f 7394/7439 5729/5756 7592/7638 7593/7641
f 7593/7641 7592/7638 5183/5567 7227/7269
f 7394/7439 7593/7641 7227/7269 5553/5576
f 5081/5102 4976/4997 7297/7342 7594/7642
f 7594/7642 7297/7342 5690/5714 5703/5729
f 5081/5102 7594/7642 5703/5729 5083/5104
f 5075/5095 5074/5096 5499/5519 7595/7643
f 7595/7643 5499/5519 5498/5520 7384/7429
f 5075/5095 7595/7643 7384/7429 5078/5099
f 5061/5081 5063/5083 7329/7373 7596/7644
f 7596/7644 7329/7373 7331/7375 7380/7425
f 5061/5081 7596/7644 7380/7425 5058/5080
f 926/930 916/919 5054/5074 7597/7645
f 7597/7645 5054/5074 5057/5077 5304/5325
f 926/930 7597/7645 5304/5325 927/931
f 5051/5071 4997/5018 7244/7287 7598/7646
f 7598/7646 7244/7287 2863/2873 3374/3389
f 5051/5071 7598/7646 3374/3389 2043/2050
f 5045/5065 5048/5068 5169/5190 7599/7647
f 7599/7647 5169/5190 4732/4752 5482/5502
f 5045/5065 7599/7647 5482/5502 5042/5064
f 7601/7649 1554/1559 7263/7305 7600/7648
f 7600/7648 7263/7305 5740/5771 7406/7451
f 7601/7649 7600/7648 7406/7451 7405/7452
f 7603/7651 5324/5344 7318/7362 7602/7650
f 7602/7650 7318/7362 4929/4949 7604/7652
f 7603/7651 7602/7650 7604/7652 5023/5043
f 7503/7548 5324/5344 7603/7651 7605/7653
f 7605/7653 7603/7651 5023/5043 6347/6380
f 7503/7548 7605/7653 6347/6380 6118/6151
f 7607/7655 5138/5158 5137/5157 7606/7654
f 7606/7654 5137/5157 5134/5154 7608/7656
f 7607/7655 7606/7654 7608/7656 5750/5781
f 6358/6390 5138/5158 7607/7655 7609/7657
f 7609/7657 7607/7655 5750/5781 5755/5784
f 6358/6390 7609/7657 5755/5784 4096/4113
f 5020/5040 5023/5043 7604/7652 7610/7658
f 7610/7658 7604/7652 4929/4949 4928/4948
f 5020/5040 7610/7658 4928/4948 4925/4945
f 7613/7661 5682/5707 7611/7660 7612/7659
f 7612/7659 7611/7660 7405/7452 7410/7455
f 7613/7661 7612/7659 7410/7455 5308/5328
f 5683/5706 5682/5707 7613/7661 7614/7662
f 7614/7662 7613/7661 5308/5328 5307/5327
f 5683/5706 7614/7662 5307/5327 5057/5077
f 4996/5016 4999/5019 7532/7578 7615/7663
f 7615/7663 7532/7578 5260/5281 7583/7629
f 4996/5016 7615/7663 7583/7629 4993/5015
f 7617/7665 6383/6415 7526/7571 7616/7664
f 7616/7664 7526/7571 4525/4547 7618/7666
f 7617/7665 7616/7664 7618/7666 7331/7375
f 6381/6413 6383/6415 7617/7665 7619/7667
f 7619/7667 7617/7665 7331/7375 7330/7374
f 6381/6413 7619/7667 7330/7374 4251/4270
f 7621/7669 4943/4963 7379/7424 7620/7668
f 7620/7668 7379/7424 7331/7375 7618/7666
f 7621/7669 7620/7668 7618/7666 4525/4547
f 4946/4966 4943/4963 7621/7669 7622/7670
f 7622/7670 7621/7669 4525/4547 4528/4548
f 4946/4966 7622/7670 4528/4548 4531/4551
f 7288/7330 4951/4972 4948/4968 7623/7671
f 7623/7671 4948/4968 4947/4969 5686/5711
f 7288/7330 7623/7671 5686/5711 5250/5271
f 4973/4993 4972/4994 5794/5823 7624/7672
f 7624/7672 5794/5823 5255/5275 5254/5274
f 4973/4993 7624/7672 5254/5274 4976/4997
f 4966/4986 4965/4987 7342/7386 7625/7673
f 7625/7673 7342/7386 5711/5736 5710/5735
f 4966/4986 7625/7673 5710/5735 4969/4990
f 7347/7391 4947/4969 4950/4970 7626/7674
f 7626/7674 4950/4970 4953/4973 7627/7675
f 7347/7391 7626/7674 7627/7675 7348/7392
f 7629/7677 5557/5582 7399/7444 7628/7676
f 7628/7676 7399/7444 7348/7392 7627/7675
f 7629/7677 7628/7676 7627/7675 4953/4973
f 5558/5581 5557/5582 7629/7677 7630/7678
f 7630/7678 7629/7677 4953/4973 7429/7474
f 5558/5581 7630/7678 7429/7474 5347/5369
f 7545/7591 3382/3397 5158/5177 7631/7679
f 7631/7679 5158/5177 5157/5178 7573/7620
f 7545/7591 7631/7679 7573/7620 5220/5242
f 4933/4953 4936/4956 7371/7416 7632/7680
f 7632/7680 7371/7416 5037/5057 5036/5056
f 4933/4953 7632/7680 5036/5056 4930/4952
f 7634/7682 5134/5154 7253/7295 7633/7681
f 7633/7681 7253/7295 5803/5836 7414/7459
f 7634/7682 7633/7681 7414/7459 7210/7252
f 7608/7656 5134/5154 7634/7682 7635/7683
f 7635/7683 7634/7682 7210/7252 7215/7255
f 7608/7656 7635/7683 7215/7255 5750/5781
f 2948/2960 984/988 7636/7685 7637/7684
f 7637/7684 7636/7685 5815/5848 5818/5849
f 2948/2960 7637/7684 5818/5849 1029/1035
f 7640/7688 5815/5848 7638/7687 7639/7686
f 7639/7686 7638/7687 4843/4863 7204/7244
f 7640/7688 7639/7686 7204/7244 5393/5415
f 5839/5871 5815/5848 7640/7688 7641/7689
f 7641/7689 7640/7688 5393/5415 5469/5489
f 5839/5871 7641/7689 5469/5489 5403/5423
f 4896/4916 4899/4919 5821/5852 7642/7690
f 7642/7690 5821/5852 4820/4841 4817/4837
f 4896/4916 7642/7690 4817/4837 4816/4838
f 7445/7490 4880/4902 4883/4903 7643/7691
f 7643/7691 4883/4903 4885/4905 7199/7240
f 7445/7490 7643/7691 7199/7240 5386/5407
f 7645/7693 5830/5861 5829/5860 7644/7692
f 7644/7692 5829/5860 5382/5404 5390/5410
f 7645/7693 7644/7692 5390/5410 5392/5412
f 7647/7695 5830/5861 7645/7693 7646/7694
f 7646/7694 7645/7693 5392/5412 5835/5867
f 7647/7695 7646/7694 5835/5867 4644/4665
f 7649/7697 4903/4924 5843/5874 7648/7696
f 7648/7696 5843/5874 5401/5422 7451/7496
f 7649/7697 7648/7696 7451/7496 5459/5479
f 4904/4923 4903/4924 7649/7697 7650/7698
f 7650/7698 7649/7697 5459/5479 7468/7513
f 4904/4923 7650/7698 7468/7513 4905/4925
f 4859/4879 4862/4882 5844/5876 7651/7699
f 7651/7699 5844/5876 4633/4655 4652/4671
f 4859/4879 7651/7699 4652/4671 4651/4672
f 4638/4657 4637/4658 4853/4873 7652/7700
f 7652/7700 4853/4873 4856/4876 4886/4907
f 4638/4657 7652/7700 4886/4907 4639/4659
f 7466/7511 5450/5470 5449/5468 7653/7701
f 7653/7701 5449/5468 5448/5469 7183/7224
f 7466/7511 7653/7701 7183/7224 5425/5446
f 4850/4870 4843/4863 7638/7687 7654/7702
f 7654/7702 7638/7687 5815/5848 7636/7685
f 4850/4870 7654/7702 7636/7685 984/988
f 7657/7705 7180/7220 7655/7704 7656/7703
f 7656/7703 7655/7704 4837/4857 5862/5893
f 7657/7705 7656/7703 5862/5893 4827/4847
f 7182/7222 7180/7220 7657/7705 7658/7706
f 7658/7706 7657/7705 4827/4847 5855/5886
f 7182/7222 7658/7706 5855/5886 4846/4867
f 4839/4859 4838/4860 7060/7101 7659/7707
f 7659/7707 7060/7101 4822/4842 4821/4840
f 4839/4859 7659/7707 4821/4840 4820/4841
f 5863/5894 4775/4797 4780/4800 7660/7708
f 7660/7708 4780/4800 4782/4802 4825/4845
f 5863/5894 7660/7708 4825/4845 4827/4847
f 4819/4839 4822/4842 5866/5897 7661/7709
f 7661/7709 5866/5897 4793/4814 7172/7213
f 4819/4839 7661/7709 7172/7213 4816/4838
f 4884/4904 4810/4832 4813/4833 7662/7710
f 7662/7710 4813/4833 4815/4835 7170/7210
f 4884/4904 7662/7710 7170/7210 4885/4905
f 7168/7209 4815/4835 7107/7148 7663/7711
f 7663/7711 7107/7148 4805/4826 5871/5902
f 7168/7209 7663/7711 5871/5902 5833/5865
f 1057/1061 1059/1063 5879/5910 7664/7712
f 7664/7712 5879/5910 4763/4783 7156/7196
f 1057/1061 7664/7712 7156/7196 1054/1060
f 4795/4816 4764/4786 5896/5927 7665/7713
f 7665/7713 5896/5927 5877/5908 5876/5907
f 4795/4816 7665/7713 5876/5907 4798/4819
f 4794/4813 4793/4814 5867/5898 7666/7714
f 7666/7714 5867/5898 4783/4805 4786/4806
f 4794/4813 7666/7714 4786/4806 4788/4808
f 4784/4804 4783/4805 7162/7202 7667/7715
f 7667/7715 7162/7202 4753/4773 4752/4772
f 4784/4804 7667/7715 4752/4772 4749/4769
f 4771/4791 4774/4794 4833/4852 7668/7716
f 7668/7716 4833/4852 4832/4853 7159/7199
f 4771/4791 7668/7716 7159/7199 4768/4790
f 4767/4787 4747/4768 5907/5939 7669/7717
f 7669/7717 5907/5939 5339/5359 5892/5924
f 4767/4787 7669/7717 5892/5924 4764/4786
f 5880/5911 5877/5908 5897/5928 7670/7718
f 7670/7718 5897/5928 4741/4762 4761/4781
f 5880/5911 7670/7718 4761/4781 4763/4783
f 7672/7720 5374/5395 7439/7484 7671/7719
f 7671/7719 7439/7484 4730/4751 7142/7182
f 7672/7720 7671/7719 7142/7182 5901/5933
f 5375/5394 5374/5395 7672/7720 7673/7721
f 7673/7721 7672/7720 5901/5933 6023/6054
f 5375/5394 7673/7721 6023/6054 4768/4790
f 4756/4776 4759/4779 7151/7192 7674/7722
f 7674/7722 7151/7192 5903/5934 5923/5954
f 4756/4776 7674/7722 5923/5954 4717/4739
f 7149/7189 4737/4759 4740/4760 7675/7723
f 7675/7723 4740/4760 4743/4763 7676/7724
f 7149/7189 7675/7723 7676/7724 7133/7175
f 7678/7726 4726/4746 4725/4745 7677/7725
f 7677/7725 4725/4745 4710/4731 4707/4727
f 7678/7726 7677/7725 4707/4727 4706/4728
f 4744/4765 4726/4746 7678/7726 7679/7727
f 7679/7727 7678/7726 4706/4728 5910/5941
f 4744/4765 7679/7727 5910/5941 4747/4768
f 7681/7729 5901/5933 7143/7183 7680/7728
f 7680/7728 7143/7183 4696/4718 7127/7168
f 7681/7729 7680/7728 7127/7168 5917/5950
f 5902/5932 5901/5933 7681/7729 7682/7730
f 7682/7730 7681/7729 5917/5950 5922/5953
f 5902/5932 7682/7730 5922/5953 5903/5934
f 7684/7732 7133/7175 7676/7724 7683/7731
f 7683/7731 7676/7724 4743/4763 7498/7543
f 7684/7732 7683/7731 7498/7543 5506/5528
f 7134/7174 7133/7175 7684/7732 7685/7733
f 7685/7733 7684/7732 5506/5528 7117/7157
f 7134/7174 7685/7733 7117/7157 5328/5349
f 7687/7735 5917/5950 7131/7171 7686/7734
f 7686/7734 7131/7171 4695/4715 5944/5975
f 7687/7735 7686/7734 5944/5975 5931/5963
f 5918/5949 5917/5950 7687/7735 7688/7736
f 7688/7736 7687/7735 5931/5963 5928/5960
f 5918/5949 7688/7736 5928/5960 4721/4742
f 7691/7739 4982/5002 7689/7738 7690/7737
f 7690/7737 7689/7738 7113/7153 7123/7164
f 7691/7739 7690/7737 7123/7164 4702/4722
f 4985/5005 4982/5002 7691/7739 7692/7740
f 7692/7740 7691/7739 4702/4722 5937/5968
f 4985/5005 7692/7740 5937/5968 4986/5006
f 7694/7742 5931/5963 5942/5972 7693/7741
f 7693/7741 5942/5972 5941/5973 5953/5985
f 7694/7742 7693/7741 5953/5985 5945/5978
f 5932/5962 5931/5963 7694/7742 7695/7743
f 7695/7743 7694/7742 5945/5978 7122/7162
f 5932/5962 7695/7743 7122/7162 4712/4732
f 4685/4705 4687/4707 5927/5958 7696/7744
f 7696/7744 5927/5958 4716/4736 7120/7160
f 4685/4705 7696/7744 7120/7160 4682/4704
f 7698/7746 4675/4697 5946/5977 7697/7745
f 7697/7745 5946/5977 5945/5978 5959/5990
f 7698/7746 7697/7745 5959/5990 5961/5992
f 5520/5540 4675/4697 7698/7746 7699/7747
f 7699/7747 7698/7746 5961/5992 6728/6762
f 5520/5540 7699/7747 6728/6762 4413/4434
f 7701/7749 5941/5973 5938/5970 7700/7748
f 7700/7748 5938/5970 4665/4687 4672/4692
f 7701/7749 7700/7748 4672/4692 4674/4694
f 5956/5987 5941/5973 7701/7749 7702/7750
f 7702/7750 7701/7749 4674/4694 6722/6756
f 5956/5987 7702/7750 6722/6756 5957/5988
f 4664/4684 4639/4659 4660/4680 7703/7751
f 7703/7751 4660/4680 4662/4682 4867/4887
f 4664/4684 7703/7751 4867/4887 4647/4669
f 4653/4674 4639/4659 7704/7753 7705/7752
f 7705/7752 7704/7753 4646/4666 5340/5361
f 4653/4674 7705/7752 5340/5361 4656/4677
f 7704/7753 4639/4659 4892/4912 7706/7754
f 7706/7754 4892/4912 4640/4662 4643/4663
f 7704/7753 7706/7754 4643/4663 4646/4666
f 4641/4661 4640/4662 5828/5859 7707/7755
f 7707/7755 5828/5859 5830/5861 7647/7695
f 4641/4661 7707/7755 7647/7695 4644/4665
f 7709/7757 7113/7153 7689/7738 7708/7756
f 7708/7756 7689/7738 4982/5002 7528/7573
f 7709/7757 7708/7756 7528/7573 6594/6628
f 7111/7151 7113/7153 7709/7757 7710/7758
f 7710/7758 7709/7757 6594/6628 6591/6625
f 7111/7151 7710/7758 6591/6625 3736/3751
f 4630/4650 4532/4554 4535/4555 7711/7759
f 7711/7759 4535/4555 4538/4558 5517/5537
f 4630/4650 7711/7759 5517/5537 4627/4649
f 4623/4644 4584/4604 5974/6004 7712/7760
f 7712/7760 5974/6004 5973/6005 7713/7761
f 4623/4644 7712/7760 7713/7761 4625/4646
f 4620/4640 4622/4642 7714/7763 7715/7762
f 7715/7762 7714/7763 5967/5999 5964/5996
f 4620/4640 7715/7762 5964/5996 4611/4631
f 7717/7765 4565/4585 4564/4583 7716/7764
f 7716/7764 4564/4583 4563/4584 5337/5357
f 7717/7765 7716/7764 5337/5357 5339/5359
f 5983/6014 4565/4585 7717/7765 7718/7766
f 7718/7766 7717/7765 5339/5359 7719/7767
f 5983/6014 7718/7766 7719/7767 4536/4557
f 7722/7770 5988/6020 7720/7769 7721/7768
f 7721/7768 7720/7769 4571/4591 7096/7136
f 7722/7770 7721/7768 7096/7136 4625/4646
f 5989/6019 5988/6020 7722/7770 7723/7771
f 7723/7771 7722/7770 4625/4646 7713/7761
f 5989/6019 7723/7771 7713/7761 5973/6005
f 4599/4619 4575/4596 5991/6022 7724/7772
f 7724/7772 5991/6022 5969/6002 7104/7144
f 4599/4619 7724/7772 7104/7144 4600/4620
f 7727/7775 7069/7110 7725/7774 7726/7773
f 7726/7773 7725/7774 4552/4572 5996/6027
f 7727/7775 7726/7773 5996/6027 4615/4636
f 7085/7125 7069/7110 7727/7775 7728/7776
f 7728/7776 7727/7775 4615/4636 7106/7146
f 7085/7125 7728/7776 7106/7146 7086/7126
f 7731/7779 4543/4564 7729/7778 7730/7777
f 7730/7777 7729/7778 5997/6030 6002/6033
f 7731/7779 7730/7777 6002/6033 5967/5999
f 7081/7121 4543/4564 7731/7779 7732/7780
f 7732/7780 7731/7779 5967/5999 7714/7763
f 7081/7121 7732/7780 7714/7763 4622/4642
f 6005/6036 4546/4568 4568/4588 7733/7781
f 7733/7781 4568/4588 4571/4591 7720/7769
f 6005/6036 7733/7781 7720/7769 5988/6020
f 7735/7783 4539/4561 4542/4562 7734/7782
f 7734/7782 4542/4562 4545/4565 7075/7115
f 7735/7783 7734/7782 7075/7115 4605/4626
f 7078/7118 4539/4561 7735/7783 7736/7784
f 7736/7784 7735/7783 4605/4626 4602/4622
f 7078/7118 7736/7784 4602/4622 4601/4623
f 4560/4580 4559/4581 6015/6046 7737/7785
f 7737/7785 6015/6046 5514/5534 5513/5533
f 4560/4580 7737/7785 5513/5533 4563/4584
f 4549/4569 4552/4572 7725/7774 7738/7786
f 7738/7786 7725/7774 7069/7110 7067/7108
f 4549/4569 7738/7786 7067/7108 4546/4568
f 7740/7788 4578/4600 6020/6051 7739/7787
f 7739/7787 6020/6051 4539/4561 7076/7117
f 7740/7788 7739/7787 7076/7117 4569/4590
f 4579/4599 4578/4600 7740/7788 7741/7789
f 7741/7789 7740/7788 4569/4590 6016/6048
f 4579/4599 7741/7789 6016/6048 4582/4603
f 4540/4560 4539/4561 6021/6052 7742/7790
f 7742/7790 6021/6052 5997/6030 7729/7778
f 4540/4560 7742/7790 7729/7778 4543/4564
f 7744/7792 4536/4557 7719/7767 7743/7791
f 7743/7791 7719/7767 5339/5359 7417/7462
f 7744/7792 7743/7791 7417/7462 7416/7463
f 4537/4556 4536/4557 7744/7792 7745/7793
f 7745/7793 7744/7792 7416/7463 7499/7545
f 4537/4556 7745/7793 7499/7545 4538/4558
f 3337/3350 927/931 5310/5330 7746/7794
f 7746/7794 5310/5330 5312/5332 5572/5596
f 3337/3350 7746/7794 5572/5596 1962/1967
f 6333/6365 6330/6362 7747/7796 7748/7795
f 7748/7795 7747/7796 4446/4466 4445/4464
f 6333/6365 7748/7795 4445/4464 4444/4465
f 3929/3944 3928/3945 7054/7094 7749/7797
f 7749/7797 7054/7094 4515/4536 7055/7096
f 3929/3944 7749/7797 7055/7096 3932/3948
f 4499/4519 4496/4516 4506/4526 7750/7798
f 7750/7798 4506/4526 4508/4528 6039/6071
f 4499/4519 7750/7798 6039/6071 4500/4520
f 6429/6463 2346/2355 4502/4522 7751/7799
f 7751/7799 4502/4522 3938/3953 7049/7089
f 6429/6463 7751/7799 7049/7089 6432/6466
f 7753/7801 6057/6088 6056/6087 7752/7800
f 7752/7800 6056/6087 3932/3948 6035/6066
f 7753/7801 7752/7800 6035/6066 6034/6067
f 6097/6129 6057/6088 7753/7801 7754/7802
f 7754/7802 7753/7801 6034/6067 7755/7803
f 6097/6129 7754/7802 7755/7803 6100/6132
f 7757/7805 3914/3930 7039/7079 7756/7804
f 7756/7804 7039/7079 3962/3979 6821/6854
f 7757/7805 7756/7804 6821/6854 6820/6855
f 6804/6837 3914/3930 7757/7805 7758/7806
f 7758/7806 7757/7805 6820/6855 7040/7081
f 6804/6837 7758/7806 7040/7081 3927/3942
f 4487/4507 4486/4508 6064/6095 7759/7807
f 7759/7807 6064/6095 3961/3976 6818/6852
f 4487/4507 7759/7807 6818/6852 3966/3982
f 4483/4504 3949/3965 7037/7077 7760/7808
f 7760/7808 7037/7077 6811/6846 6816/6849
f 4483/4504 7760/7808 6816/6849 3956/3973
f 4482/4502 2449/2456 7761/7810 7762/7809
f 7762/7809 7761/7810 3799/3816 3802/3817
f 4482/4502 7762/7809 3802/3817 3805/3820
f 4471/4491 4473/4493 6878/6912 7763/7811
f 7763/7811 6878/6912 3803/3819 7764/7812
f 4471/4491 7763/7811 7764/7812 4468/4490
f 7761/7810 2449/2456 7765/7814 7766/7813
f 7766/7813 7765/7814 7028/7070 7031/7071
f 7761/7810 7766/7813 7031/7071 3799/3816
f 4466/4486 3805/3820 3804/3818 7767/7815
f 7767/7815 3804/3818 3803/3819 6343/6375
f 4466/4486 7767/7815 6343/6375 4463/4485
f 7769/7817 2522/2530 3611/3626 7768/7816
f 7768/7816 3611/3626 2508/2515 6882/6915
f 7769/7817 7768/7816 6882/6915 6255/6289
f 7023/7063 2522/2530 7769/7817 7770/7818
f 7770/7818 7769/7817 6255/6289 6258/6290
f 7023/7063 7770/7818 6258/6290 6235/6267
f 7772/7820 6091/6122 6090/6121 7771/7819
f 7771/7819 6090/6121 3975/3992 4303/4321
f 7772/7820 7771/7819 4303/4321 4302/4322
f 6144/6175 6091/6122 7772/7820 7773/7821
f 7773/7821 7772/7820 4302/4322 7013/7054
f 6144/6175 7773/7821 7013/7054 6141/6174
f 7775/7823 4446/4466 7747/7796 7774/7822
f 7774/7822 7747/7796 6330/6362 6916/6953
f 7775/7823 7774/7822 6916/6953 6890/6923
f 6095/6126 4446/4466 7775/7823 7776/7824
f 7776/7824 7775/7823 6890/6923 6889/6922
f 6095/6126 7776/7824 6889/6922 4359/4378
f 4429/4449 4432/4452 6647/6681 7777/7825
f 7777/7825 6647/6681 6108/6139 6107/6138
f 4429/4449 7777/7825 6107/6138 4426/4448
f 6110/6141 6109/6142 7778/7827 7779/7826
f 7779/7826 7778/7827 6103/6136 6659/6692
f 6110/6141 7779/7826 6659/6692 6113/6145
f 4425/4444 4424/4445 6709/6743 7780/7828
f 7780/7828 6709/6743 4436/4457 4433/4454
f 4425/4444 7780/7828 4433/4454 3737/3754
f 7782/7830 4222/4242 4230/4248 7781/7829
f 7781/7829 4230/4248 4212/4232 4220/4238
f 7782/7830 7781/7829 4220/4238 3982/3999
f 6831/6864 4222/4242 7782/7830 7783/7831
f 7783/7831 7782/7830 3982/3999 3990/4005
f 6831/6864 7783/7831 3990/4005 3992/4007
f 7786/7834 6133/6165 7784/7833 7785/7832
f 7785/7832 7784/7833 4299/4318 7787/7835
f 7786/7834 7785/7832 7787/7835 4117/4134
f 6367/6399 6133/6165 7786/7834 7788/7836
f 7788/7836 7786/7834 4117/4134 6875/6909
f 6367/6399 7788/7836 6875/6909 6368/6400
f 7790/7838 4301/4319 4300/4317 7789/7837
f 7789/7837 4300/4317 4299/4318 7784/7833
f 7790/7838 7789/7837 7784/7833 6133/6165
f 7792/7840 4301/4319 7790/7838 7791/7839
f 7791/7839 7790/7838 6133/6165 6130/6162
f 7792/7840 7791/7839 6130/6162 4350/4370
f 4396/4416 4190/4208 6884/6918 7793/7841
f 7793/7841 6884/6918 6316/6348 6846/6879
f 4396/4416 7793/7841 6846/6879 4269/4289
f 4383/4401 4280/4300 4285/4303 7794/7842
f 7794/7842 4285/4303 4287/4305 6157/6188
f 4383/4401 7794/7842 6157/6188 4380/4400
f 7796/7844 6233/6266 6230/6262 7795/7843
f 7795/7843 6230/6262 6229/6263 7797/7845
f 7796/7848 7795/7847 7797/7846 6399/6433
f 6979/7019 6233/6266 7796/7844 7798/7849
f 7798/7850 7796/7848 6399/6433 6396/6429
f 6979/7851 7798/7850 6396/6429 4018/6430
f 7801/7854 6319/6353 7799/7853 7800/7852
f 7800/7852 7799/7853 4371/4391 4377/4395
f 7801/7854 7800/7852 4377/4395 4379/4397
f 7803/7856 6319/6353 7801/7854 7802/7855
f 7802/7855 7801/7854 4379/4397 6899/6937
f 7803/7856 7802/7855 6899/6937 6161/6192
f 7805/7858 4262/4282 6142/6173 7804/7857
f 7804/7857 6142/6173 6141/6174 7017/7057
f 7805/7858 7804/7857 7017/7057 4440/4462
f 6981/7021 4262/4282 7805/7858 7806/7859
f 7806/7859 7805/7858 4440/4462 6842/6875
f 6981/7021 7806/7859 6842/6875 4384/4403
f 7808/7861 4350/4370 4353/4371 7807/7860
f 7807/7860 4353/4371 4355/4373 7809/7862
f 7808/7861 7807/7860 7809/7862 4291/4309
f 6853/6886 4247/4267 6886/6919 7810/7863
f 7810/7863 6886/6919 4190/4208 4189/4207
f 6853/6886 7810/7863 4189/4207 4186/4204
f 4349/4367 4063/4079 4060/4075 7811/7864
f 7811/7864 4060/4075 4059/4076 7812/7865
f 4349/4367 7811/7864 7812/7865 4330/4349
f 4341/4360 4174/4191 7813/7867 7814/7866
f 7814/7866 7813/7867 6177/6209 6303/6335
f 4341/4360 7814/7866 6303/6335 4045/4061
f 4340/4358 2515/2522 2518/2525 7815/7868
f 7815/7868 2518/2525 7/7 6311/6343
f 4340/4358 7815/7868 6311/6343 4244/4263
f 4326/4344 4205/4224 4243/4261 7816/7869
f 7816/7869 4243/4261 4246/4264 7817/7870
f 4326/4344 7816/7869 7817/7870 4323/4343
f 6957/6994 4065/4082 7818/7872 7819/7871
f 7819/7871 7818/7872 3981/3996 7004/7044
f 6957/6994 7819/7871 7004/7044 6204/6238
f 7822/7875 4255/4275 7820/7874 7821/7873
f 7821/7873 7820/7874 4307/4327 6185/6218
f 7822/7875 7821/7873 6185/6218 4323/4343
f 4397/4418 4255/4275 7822/7875 7823/7876
f 7823/7876 7822/7875 4323/4343 7817/7870
f 4397/4418 7823/7876 7817/7870 4246/4264
f 7825/7878 4330/4349 7812/7865 7824/7877
f 7824/7877 7812/7865 4059/4076 6296/6328
f 7825/7878 7824/7877 6296/6328 6298/6330
f 4331/4348 4330/4349 7825/7878 7826/7879
f 7826/7879 7825/7878 6298/6330 7827/7880
f 4331/4348 7826/7879 7827/7880 4332/4350
f 6261/6294 4295/4315 4298/4316 7828/7881
f 7828/7881 4298/4316 4301/4319 6999/7039
f 6261/6294 7828/7881 6999/7039 4345/4363
f 7830/7883 4058/4073 4057/4072 7829/7882
f 7829/7882 4057/4072 4054/4069 4294/4312
f 7830/7883 7829/7882 4294/4312 4180/4200
f 4393/7885 4178/4194 4289/4307 7831/7884
f 7831/7884 4289/4307 4291/4309 7809/7862
f 4393/7885 7831/7884 7809/7862 4355/4373
f 7833/7887 4406/4427 6888/6921 7832/7886
f 7832/7886 6888/6921 6890/6923 6913/6951
f 7833/7887 7832/7886 6913/6951 6863/6896
f 4407/4426 4406/4427 7833/7887 7834/7888
f 7834/7888 7833/7887 6863/6896 6906/6944
f 4407/4426 7834/7888 6906/6944 4408/4428
f 7836/7890 4024/4041 6944/6981 7835/7889
f 7835/7889 6944/6981 4011/4027 6226/6258
f 7836/7890 7835/7889 6226/6258 4266/4285
f 6989/7029 4024/4041 7836/7890 7837/7891
f 7837/7891 7836/7890 4266/4285 6404/6438
f 6989/7029 7837/7891 6404/6438 4154/4169
f 6947/6984 8/10 11/11 7838/7892
f 7838/7892 11/11 14/14 6167/6198
f 6947/6984 7838/7892 6167/6198 4023/4038
f 7820/7874 4255/4275 4258/4276 7839/7893
f 7839/7893 4258/4276 4261/4279 4308/4326
f 7820/7874 7839/7893 4308/4326 4307/4327
f 7841/7895 4178/4409 4390/4408 7840/7894
f 7840/7894 4390/4408 4052/4068 4049/4064
f 7841/7895 7840/7894 4049/4064 4048/4065
f 4179/4195 4178/4409 7841/7895 7842/7896
f 7842/7896 7841/7895 4048/4065 7843/7897
f 4179/4195 7842/7896 7843/7897 4006/4021
f 7845/7899 15/17 2527/2534 7844/7898
f 7844/7898 2527/2534 28/28 4128/4142
f 7845/7899 7844/7898 4128/4142 4127/4143
f 6952/6990 15/17 7845/7899 7846/7900
f 7846/7900 7845/7899 4127/4143 7847/7901
f 6952/6990 7846/7900 7847/7901 6954/6992
f 4241/4260 4205/4224 6244/6276 7848/7902
f 7848/7902 6244/6276 4336/4356 4339/4357
f 4241/4260 7848/7902 4339/4357 4244/4263
f 6203/6234 6202/6235 7849/7904 7850/7903
f 7850/7903 7849/7904 4095/4110 4094/4109
f 6203/6234 7850/7903 4094/4109 4091/4106
f 4236/4253 4235/4254 6422/6455 7851/7905
f 7851/7905 6422/6455 6273/6307 7003/7043
f 4236/4253 7851/7905 7003/7043 3981/3996
f 7853/7907 5237/5257 6193/6225 7852/7906
f 7852/7906 6193/6225 6195/6227 6871/6904
f 7853/7907 7852/7906 6871/6904 4102/4117
f 5663/5687 5237/5257 7853/7907 7854/7908
f 7854/7908 7853/7907 4102/4117 4101/4115
f 5663/5687 7854/7908 4101/4115 4100/4116
f 7856/7910 3986/4002 6964/7001 7855/7909
f 7855/7909 6964/7001 5669/5693 5668/5691
f 7856/7910 7855/7909 5668/5691 5667/5692
f 6929/6966 3986/4002 7856/7910 7857/7911
f 7857/7911 7856/7910 5667/5692 6283/6316
f 6929/6966 7857/7911 6283/6316 6278/6310
f 4200/4218 3999/4014 6835/6868 7858/7912
f 7858/7912 6835/6868 6191/6223 7859/7913
f 4200/4218 7858/7912 7859/7913 4197/4217
f 7861/7915 4127/4143 6336/6369 7860/7914
f 7860/7914 6336/6369 6135/6166 6370/6402
f 7861/7915 7860/7914 6370/6402 6372/6404
f 7863/7917 4127/4143 7861/7915 7862/7916
f 7862/7916 7861/7915 6372/6404 7864/7918
f 7863/7917 7862/7916 7864/7918 7865/7919
f 4194/4212 4166/4183 6182/6213 7866/7920
f 7866/7920 6182/6213 6181/6214 6323/6355
f 4194/4212 7866/7920 6323/6355 4191/4211
f 7813/7867 4174/4191 4177/4192 7867/7921
f 7867/7922 4177/4197 4006/4021 6971/7010
f 7813/7867 7867/7921 6971/7009 6177/6209
f 7869/7924 4139/4154 4138/4152 7868/7923
f 7868/7923 4138/4152 4137/4153 6930/6968
f 7869/7924 7868/7923 6930/6968 4089/4105
f 7871/7926 4139/4154 7869/7924 7870/7925
f 7870/7925 7869/7924 4089/4105 4086/4101
f 7871/7926 7870/7925 4086/4101 4085/4102
f 7873/7928 6161/6192 6160/6191 7872/7927
f 7872/7927 6160/6191 4287/4305 4286/4304
f 7873/7928 7872/7927 4286/4304 4191/4211
f 7803/7856 6161/6192 7873/7928 7874/7929
f 7874/7929 7873/7928 4191/4211 6320/6352
f 7803/7856 7874/7929 6320/6352 6319/6353
f 7876/7931 4148/4164 6985/7025 7875/7930
f 7875/7930 6985/7025 4273/4292 6401/6435
f 7876/7931 7875/7930 6401/6435 6149/6181
f 4149/4163 4148/4164 7876/7931 7877/7932
f 7877/7932 7876/7931 6149/6181 6146/6178
f 4149/4163 7877/7932 6146/6178 4150/4165
f 7879/7934 4262/4282 4265/4283 7878/7933
f 7878/7933 4265/4283 4268/4286 6308/6340
f 7879/7934 7878/7933 6308/6340 4458/4478
f 6145/6176 4262/4282 7879/7934 7880/7935
f 7880/7935 7879/7934 4458/4478 7018/7059
f 6145/6176 7880/7935 7018/7059 6091/6122
f 7882/7937 6254/6286 6910/6948 7881/7936
f 7881/7936 6910/6948 6170/6202 6991/7031
f 7882/7937 7881/7936 6991/7031 4479/4499
f 6252/6284 6254/6286 7882/7937 7883/7938
f 7883/7938 7882/7937 4479/4499 4478/4497
f 6252/6284 7883/7938 4478/4497 4477/4498
f 4130/4145 4132/4147 6898/6934 7884/7939
f 7884/7941 6898/7940 6259/6292 6936/6973
f 4130/4145 7884/7939 6936/7942 4004/4020
f 7792/7840 4350/4370 7808/7861 7885/7943
f 7885/7943 7808/7861 4291/4309 6998/7038
f 7792/7840 7885/7943 6998/7038 4301/4319
f 7887/7945 4299/4318 4296/4314 7886/7944
f 7886/7944 4296/4314 4295/4315 6268/6300
f 7887/7945 7886/7944 6268/6300 4121/4137
f 7787/7835 4299/4318 7887/7945 7888/7946
f 7888/7946 7887/7945 4121/4137 4118/4133
f 7787/7835 7888/7946 4118/4133 4117/4134
f 4113/4129 4089/4105 6271/6303 7889/7947
f 7889/7947 6271/6303 6122/6155 6128/6159
f 4113/4129 7889/7947 6128/6159 4115/4131
f 4108/4123 4107/4124 4234/4252 7890/7948
f 7890/7948 4234/4252 3981/3996 3980/3994
f 4108/4123 7890/7948 3980/3994 3979/3995
f 7892/7950 6356/6388 6833/6866 7891/7949
f 7891/7949 6833/6866 3992/4007 3991/4006
f 7892/7950 7891/7949 3991/4006 3988/4003
f 6924/6961 6356/6388 7892/7950 7893/7951
f 7893/7951 7892/7950 3988/4003 6420/6453
f 6924/6961 7893/7951 6420/6453 6363/6396
f 4081/4096 4084/4099 6921/6958 7894/7952
f 7894/7952 6921/6958 3997/4013 3994/4009
f 4081/4096 7894/7952 3994/4009 3993/4010
f 6937/6975 4072/4089 4075/4090 7895/7953
f 7895/7953 4075/4090 4078/4093 6855/6888
f 6937/6975 7895/7953 6855/6888 6248/6281
f 4068/4083 4071/4086 6326/6359 7896/7954
f 7896/7954 6326/6359 4302/4322 4305/4323
f 4068/4083 7896/7954 4305/4323 4065/4082
f 6210/6242 6209/6243 6290/6323 7897/7955
f 7897/7955 6290/6323 4059/4076 4062/4077
f 6210/6242 7897/7955 4062/4077 19/20
f 7899/7957 4180/4200 4394/4415 7898/7956
f 7898/7956 4394/4415 4269/4289 4277/4295
f 7899/7957 7898/7956 4277/4295 4279/4297
f 7830/7883 4180/4200 7899/7957 7900/7958
f 7900/7958 7899/7957 4279/4297 6218/6250
f 7830/7883 7900/7958 6218/6250 4058/4073
f 4044/4059 4047/4062 4348/4366 7901/7959
f 7901/7959 4348/4366 4330/4349 4327/4346
f 4044/4059 7901/7959 4327/4346 4041/4058
f 7903/7961 4007/4024 4015/4030 7902/7960
f 7902/7960 4015/4030 4017/4032 7234/7276
f 7903/7961 7902/7960 7234/7276 6081/6114
f 6904/6942 4007/4024 7903/7961 7904/7962
f 7904/7962 7903/7961 6081/6114 6087/6118
f 6904/6942 7904/7962 6087/6118 4451/4473
f 4038/4053 4040/4055 7905/7964 7906/7963
f 7906/7963 7905/7964 4367/4386 4364/4383
f 4038/4053 7906/7963 4364/4383 4035/4052
f 7908/7966 6399/6433 7797/7846 7907/7965
f 7907/7965 7797/7846 6229/7967 6893/6927
f 7908/7966 7907/7965 6893/6927 4371/4391
f 6891/6925 6399/6433 7908/7966 7909/7968
f 7909/7968 7908/7966 4371/4391 7799/7853
f 6891/6925 7909/7968 7799/7853 6319/6353
f 4019/4034 4018/4035 6848/6881 7910/7969
f 7910/7969 6848/6881 4462/4482 4461/4481
f 4019/4034 7910/7969 4461/4481 5/6
f 7912/7971 4524/4544 4523/4543 7911/7970
f 7911/7970 4523/4543 4355/4413 4354/7972
f 7912/7974 7911/7973 4354/4372 139/140
f 6080/6111 4524/4544 7912/7971 7913/7975
f 7913/7976 7912/7974 139/140 136/141
f 6080/6111 7913/7975 136/136 135/137
f 4003/4018 4006/4021 7843/7897 7914/7977
f 7914/7977 7843/7897 4048/4065 6213/6246
f 4003/4018 7914/7977 6213/6246 4000/4017
f 6426/6459 6428/6461 6927/6964 7915/7978
f 7915/7978 6927/6964 5141/5162 6967/7004
f 6426/6459 7915/7978 6967/7004 4313/4333
f 7917/7980 4106/4121 4105/4120 7916/7979
f 7916/7979 4105/4120 4102/4117 6872/6905
f 7917/7980 7916/7979 6872/6905 4226/4245
f 6828/6862 4106/4121 7917/7980 7918/7981
f 7918/7981 7917/7980 4226/4245 4223/4241
f 6828/6862 7918/7981 4223/4241 4222/4242
f 3978/3993 3981/3996 7818/7872 7919/7982
f 7919/7982 7818/7872 4065/4082 4306/4324
f 3978/3993 7919/7982 4306/4324 3975/3992
f 7921/7984 275/278 7053/7093 7920/7983
f 7920/7983 7053/7093 3928/3945 3936/3951
f 7921/7984 7920/7983 3936/3951 3938/3953
f 3542/3556 275/278 7921/7984 7922/7985
f 7922/7985 7921/7984 3938/3953 4503/4523
f 3542/3556 7922/7985 4503/4523 2351/2358
f 3965/3980 3968/3983 6476/6510 7923/7986
f 7923/7986 6476/6510 6466/6501 6824/6857
f 3965/3980 7923/7986 6824/6857 3962/3979
f 3957/3972 3956/3973 6817/6850 7924/7987
f 7924/7987 6817/6850 3872/3888 3869/3884
f 3957/3972 7924/7987 3869/3884 3868/3885
f 7035/7075 3939/3956 3942/3957 7925/7988
f 7925/7988 3942/3957 3944/3959 6812/6845
f 7035/7075 7925/7988 6812/6845 6811/6846
f 7927/7990 6580/6615 7011/7052 7926/7989
f 7926/7989 7011/7052 6100/6132 7928/7991
f 7927/7990 7926/7989 7928/7991 6448/6482
f 6718/6752 6580/6615 7927/7990 7929/7992
f 7929/7992 7927/7990 6448/6482 6445/6478
f 6718/6752 7929/7992 6445/6478 6444/6479
f 7931/7994 3972/3988 6456/6489 7930/7993
f 7930/7993 6456/6489 4494/4515 7043/7083
f 7931/7994 7930/7993 7043/7083 6820/6855
f 3973/3987 3972/3988 7931/7994 7932/7995
f 7932/7995 7931/7994 6820/6855 6826/6859
f 3973/3987 7932/7995 6826/6859 3974/3989
f 3913/3928 3916/3931 6579/6612 7933/7996
f 7933/7996 6579/6612 6460/6495 6802/6835
f 3913/3928 7933/7996 6802/6835 3910/3927
f 7935/7998 6100/6132 7755/7803 7934/7997
f 7934/7997 7755/7803 6034/6067 6052/6083
f 7935/7998 7934/7997 6052/6083 3939/3956
f 7928/7991 6100/6132 7935/7998 7936/7999
f 7936/7999 7935/7998 3939/3956 7032/7073
f 7928/7991 7936/7999 7032/7073 6448/6482
f 6796/6830 2359/2366 6470/6503 7937/8000
f 7937/8000 6470/6503 3618/3634 3615/3630
f 6796/6830 7937/8000 3615/3630 3614/3631
f 6471/6505 3614/3631 3617/3632 7938/8001
f 7938/8001 3617/3632 3620/3635 6791/6825
f 6471/6505 7938/8001 6791/6825 3880/3897
f 3891/3907 3833/3848 7029/7069 7939/8002
f 7939/8002 7029/7069 7028/7070 7940/8003
f 3891/3907 7939/8002 7940/8003 3893/3909
f 3876/3891 3879/3894 7941/8005 7942/8004
f 7942/8004 7941/8005 3840/3855 6793/6826
f 3876/3891 7942/8004 6793/6826 3620/3635
f 3871/3886 3847/3862 6783/6816 7943/8006
f 7943/8006 6783/6816 3877/3893 6789/6823
f 3871/3886 7943/8006 6789/6823 3868/3885
f 6488/6522 3944/3959 3943/3958 7944/8007
f 7944/8007 3943/3958 3862/3879 6786/6819
f 6488/6522 7944/8007 6786/6819 3723/3739
f 6492/6526 286/289 285/288 7945/8008
f 7945/8008 285/288 282/285 3861/3876
f 6492/6526 7945/8008 3861/3876 3719/3736
f 3850/3865 3853/3868 6781/6814 7946/8009
f 7946/8009 6781/6814 3845/3861 3842/3857
f 3850/3865 7946/8009 3842/3857 3841/3858
f 6787/6821 3723/3739 7947/8011 7948/8010
f 7948/8010 7947/8011 3841/3858 3844/3859
f 6787/6821 7948/8010 3844/3859 3847/3862
f 6507/6540 3834/3851 3837/3852 7949/8012
f 7949/8012 3837/3852 3840/3855 7941/8005
f 6507/6540 7949/8012 7941/8005 3879/3894
f 7952/8015 6765/6800 7950/8014 7951/8013
f 7951/8013 7950/8014 3819/3834 6508/6542
f 7952/8015 7951/8013 6508/6542 3886/3901
f 6779/6812 6765/6800 7952/8015 7953/8016
f 7953/8016 7952/8015 3886/3901 3885/3899
f 6779/6812 7953/8016 3885/3899 3884/3900
f 7955/8018 3857/3873 6521/6554 7954/8017
f 7954/8017 6521/6554 4426/4448 6104/6135
f 7955/8018 7954/8017 6104/6135 6103/6136
f 6500/6533 3857/3873 7955/8018 7956/8019
f 7956/8019 7955/8018 6103/6136 6514/6547
f 6500/6533 7956/8019 6514/6547 3851/3867
f 3817/3832 3819/3834 7950/8014 7957/8020
f 7957/8020 7950/8014 6765/6800 6768/6801
f 3817/3832 7957/8020 6768/6801 3814/3831
f 7959/8022 3838/3854 3835/3850 7958/8021
f 7958/8021 3835/3850 3834/3851 6530/6563
f 7959/8022 7958/8021 6530/6563 6532/6565
f 6522/6556 3838/3854 7959/8022 7960/8023
f 7960/8023 7959/8022 6532/6565 6754/6787
f 6522/6556 7960/8023 6754/6787 6525/6559
f 7963/8026 6109/6142 7961/8025 7962/8024
f 7962/8024 7961/8025 6536/6570 6533/6567
f 7963/8026 7962/8024 6533/6567 6518/6551
f 7778/7827 6109/6142 7963/8026 7964/8027
f 7964/8027 7963/8026 6518/6551 6517/6550
f 7778/7827 7964/8027 6517/6550 6103/6136
f 3800/3815 3799/3816 7025/7066 7965/8028
f 7965/8028 7025/7066 4468/4490 7764/7812
f 3800/3815 7965/8028 7764/7812 3803/3819
f 7967/8030 3814/3831 6526/6558 7966/8029
f 7966/8029 6526/6558 6525/6559 6755/6788
f 7967/8030 7966/8029 6755/6788 3776/3792
f 6540/6574 3814/3831 7967/8030 7968/8031
f 7968/8031 7967/8030 3776/3792 6555/6588
f 6540/6574 7968/8031 6555/6588 3772/3787
f 7970/8033 4420/4442 6735/6768 7969/8032
f 7969/8032 6735/6768 3750/3765 6750/6783
f 7970/8033 7969/8032 6750/6783 6536/6570
f 7009/7049 4420/4442 7970/8033 7971/8034
f 7971/8034 7970/8033 6536/6570 7961/8025
f 7009/7049 7971/8034 7961/8025 6109/6142
f 3773/3789 3748/3764 6737/6770 7972/8035
f 7972/8035 6737/6770 6552/6586 6549/6583
f 3773/3789 7972/8035 6549/6583 3776/3792
f 7974/8037 3762/3777 6556/6590 7973/8036
f 7973/8036 6556/6590 4076/4092 4073/4088
f 7974/8037 7973/8036 4073/4088 4072/4089
f 6745/6778 3762/3777 7974/8037 7975/8038
f 7975/8038 7974/8037 4072/4089 6760/6793
f 6745/6778 7975/8038 6760/6793 3794/3809
f 7977/8040 3763/3780 6553/6585 7976/8039
f 7976/8039 6553/6585 6552/6586 6738/6771
f 7977/8040 7976/8039 6738/6771 6564/6597
f 6739/6773 3763/3780 7977/8040 7978/8041
f 7978/8041 7977/8040 6564/6597 6727/6760
f 6739/6773 7978/8041 6727/6760 6576/6609
f 3754/3768 3753/3769 7979/8043 7980/8042
f 7980/8042 7979/8043 4415/4435 6733/6766
f 3754/3768 7980/8042 6733/6766 3744/3761
f 3740/3755 3743/3758 6117/6148 7981/8044
f 7981/8044 6117/6148 4419/4439 6568/6602
f 3740/3755 7981/8044 6568/6602 3737/3754
f 6567/6600 3737/3754 6570/6603 7982/8045
f 7982/8045 6570/6603 4415/4435 7979/8043
f 6567/6600 7982/8045 7979/8043 3753/3769
f 7984/8047 5961/5992 5960/5991 7983/8046
f 7983/8046 5960/5991 5957/5988 6726/6759
f 7984/8047 7983/8046 6726/6759 6564/6597
f 6731/6764 5961/5992 7984/8047 7985/8048
f 7985/8048 7984/8047 6564/6597 6563/6596
f 6731/6764 7985/8048 6563/6596 3744/3761
f 3720/3735 3719/3736 6496/6530 7986/8049
f 7986/8049 6496/6530 3841/3858 7947/8011
f 3720/3735 7986/8049 7947/8011 3723/3739
f 3708/3723 3692/3708 3689/3704 7987/8050
f 7987/8050 3689/3704 3688/3705 6707/6741
f 3708/3723 7987/8050 6707/6741 3705/3722
f 3670/3685 3669/3686 3701/3716 7988/8051
f 7988/8051 3701/3716 3704/3719 3711/3727
f 3670/3685 7988/8051 3711/3727 3673/3689
f 7990/8053 3661/3678 6669/6702 7989/8052
f 7989/8052 6669/6702 6663/6696 7991/8054
f 7990/8053 7989/8052 7991/8054 6612/6646
f 3662/3677 3661/3678 7990/8053 7992/8055
f 7992/8055 7990/8053 6612/6646 6705/6739
f 3662/3677 7992/8055 6705/6739 3665/3681
f 7994/8057 6612/6646 7991/8054 7993/8056
f 7993/8056 7991/8054 6663/6696 6700/6733
f 7994/8057 7993/8056 6700/6733 3650/3666
f 6613/6645 6612/6646 7994/8057 7995/8058
f 7995/8058 7994/8057 3650/3666 3647/3662
f 6613/6645 7995/8058 3647/3662 3646/3663
f 7997/8060 3704/3719 3703/3717 7996/8059
f 7996/8059 3703/3717 3702/3718 6698/6731
f 7997/8060 7996/8059 6698/6731 6638/6673
f 6616/6650 3704/3719 7997/8060 7998/8061
f 7998/8061 7997/8060 6638/6673 7999/8062
f 6616/6650 7998/8061 7999/8062 6619/6653
f 8001/8064 3718/3733 6703/6736 8000/8063
f 8000/8063 6703/6736 6621/6656 6626/6659
f 8001/8064 8000/8063 6626/6659 3645/3660
f 6691/6724 3718/3733 8001/8064 8002/8065
f 8002/8065 8001/8064 3645/3660 3644/3658
f 6691/6724 8002/8065 3644/3658 3643/3659
f 8004/8067 3709/3725 3706/3721 8003/8066
f 8003/8066 3706/3721 3705/3722 6688/6721
f 8004/8067 8003/8066 6688/6721 6631/6664
f 6634/6667 3709/3725 8004/8067 8005/8068
f 8005/8068 8004/8067 6631/6664 8006/8069
f 6634/6667 8005/8068 8006/8069 6635/6668
f 8008/8071 6619/6653 7999/8062 8007/8070
f 8007/8070 7999/8062 6638/6673 6683/6716
f 8008/8071 8007/8070 6683/6716 3638/3653
f 6686/6719 6619/6653 8008/8071 8009/8072
f 8009/8072 8008/8071 3638/3653 6654/6687
f 6686/6719 8009/8072 6654/6687 3639/3656
f 3657/3672 3660/3675 6675/6708 8010/8073
f 8010/8073 6675/6708 6643/6676 6642/6675
f 3657/3672 8010/8073 6642/6675 3654/3671
f 8012/8075 3621/3638 6650/6683 8011/8074
f 8011/8074 6650/6683 4432/4452 4437/4456
f 8012/8075 8011/8074 4437/4456 4436/4457
f 3622/3637 3621/3638 8012/8075 8013/8076
f 8013/8076 8012/8075 4436/4457 6599/6632
f 3622/3637 8013/8076 6599/6632 3625/3641
f 6684/6717 6643/6676 6672/6706 8014/8077
f 8014/8077 6672/6706 3632/3649 3635/3650
f 6684/6717 8014/8077 3635/3650 3638/3653
f 6677/6710 3660/3675 6671/6704 8015/8078
f 8015/8078 6671/6704 6635/6668 8006/8069
f 6677/6710 8015/8078 8006/8069 6631/6664
f 6769/6803 3831/3847 6511/6544 8016/8079
f 8016/8079 6511/6544 3819/3834 3818/3833
f 6769/6803 8016/8079 3818/3833 3789/3806
f 8018/8081 4197/4217 7859/7913 8017/8080
f 8017/8080 7859/7913 6191/6223 6190/6222
f 8018/8081 8017/8080 6190/6222 4312/4330
f 8022/8085 8019/8084 8020/8083 8021/8082
f 8021/8082 8020/8083 8023/8087 8024/8086
f 8022/8085 8021/8082 8024/8086 8025/8088
f 8028/8091 2373/2380 8026/8090 8027/8089
f 8027/8089 8026/8090 8029/8093 8030/8092
f 8028/8091 8027/8089 8030/8092 8031/8094
f 8035/8098 8032/8097 8033/8096 8034/8095
f 8034/8095 8033/8096 8036/8100 8037/8099
f 8035/8098 8034/8095 8037/8099 8038/8101
f 8040/8103 8032/8097 8035/8098 8039/8102
f 8039/8102 8035/8098 8038/8101 8041/8104
f 8040/8103 8039/8102 8041/8104 8042/8105
f 8046/8109 8043/8108 8044/8107 8045/8106
f 8045/8106 8044/8107 2369/2376 3549/3563
f 8046/8109 8045/8106 3549/3563 227/230
f 8049/8112 8031/8094 8047/8111 8048/8110
f 8048/8110 8047/8111 8050/8114 8051/8113
f 8049/8112 8048/8110 8051/8113 8052/8115
f 8056/8119 8053/8118 8054/8117 8055/8116
f 8055/8116 8054/8117 8052/8115 8057/8120
f 8056/8119 8055/8116 8057/8120 8058/8121
f 8060/8123 8053/8118 8056/8119 8059/8122
f 8059/8122 8056/8119 8058/8121 8061/8124
f 8060/8123 8059/8122 8061/8124 8062/8125
f 8066/8129 8063/8128 8064/8127 8065/8126
f 8065/8126 8064/8127 8042/8105 8067/8130
f 8066/8129 8065/8126 8067/8130 2374/2383
f 8069/8132 8063/8128 8066/8129 8068/8131
f 8068/8131 8066/8129 2374/2383 3554/3569
f 8069/8132 8068/8131 3554/3569 209/212
f 8072/8135 8053/8118 8070/8134 8071/8133
f 8071/8133 8070/8134 8073/8137 8074/8136
f 8072/8135 8071/8133 8074/8136 8075/8138
f 8079/8142 8076/8141 8077/8140 8078/8139
f 8078/8139 8077/8140 8080/8144 8081/8143
f 8079/8142 8078/8139 8081/8143 8082/8145
f 8086/8149 8083/8148 8084/8147 8085/8146
f 8085/8146 8084/8147 8019/8084 8087/8150
f 8086/8149 8085/8146 8087/8150 8050/8114
f 8089/8152 8083/8148 8086/8149 8088/8151
f 8088/8151 8086/8149 8050/8114 8090/8153
f 8089/8152 8088/8151 8090/8153 8091/8154
f 8094/8157 8023/8087 8092/8156 8093/8155
f 8093/8155 8092/8156 8095/8159 8096/8158
f 8094/8157 8093/8155 8096/8158 8032/8097
f 8098/8161 8023/8087 8094/8157 8097/8160
f 8097/8160 8094/8157 8032/8097 8099/8162
f 8098/8161 8097/8160 8099/8162 8100/8163
f 8102/8165 8080/8144 8077/8140 8101/8164
f 8101/8164 8077/8140 8076/8141 8103/8166
f 8102/8165 8101/8164 8103/8166 220/223
f 8107/8170 8104/8169 8105/8168 8106/8167
f 8106/8167 8105/8168 8082/8145 8108/8171
f 8107/8170 8106/8167 8108/8171 2373/2380
f 8112/8175 8109/8174 8110/8173 8111/8172
f 8111/8172 8110/8173 8095/8159 8113/8176
f 8112/8175 8111/8172 8113/8176 8083/8148
f 8117/8180 8114/8179 8115/8178 8116/8177
f 8116/8177 8115/8178 8118/8182 8119/8181
f 8117/8180 8116/8177 8119/8181 1003/1007
f 8122/8185 8114/8179 8120/8184 8121/8183
f 8121/8183 8120/8184 8123/8187 8124/8186
f 8122/8185 8121/8183 8124/8186 8125/8188
f 8129/8192 8126/8191 8127/8190 8128/8189
f 8128/8189 8127/8190 8130/8194 8131/8193
f 8129/8192 8128/8189 8131/8193 8132/8195
f 8136/8199 8133/8198 8134/8197 8135/8196
f 8135/8196 8134/8197 8137/8201 8138/8200
f 8136/8199 8135/8196 8138/8200 8139/8202
f 8141/8204 8133/8198 8136/8199 8140/8203
f 8140/8203 8136/8199 8139/8202 8142/8205
f 8141/8204 8140/8203 8142/8205 8143/8206
f 8147/8210 8144/8209 8145/8208 8146/8207
f 8146/8207 8145/8208 8148/8212 8149/8211
f 8147/8210 8146/8207 8149/8211 8133/8198
f 8151/8214 8144/8209 8147/8210 8150/8213
f 8150/8213 8147/8210 8133/8198 8152/8215
f 8151/8214 8150/8213 8152/8215 8153/8216
f 8157/8220 8154/8219 8155/8218 8156/8217
f 8156/8217 8155/8218 1021/1025 1900/1904
f 8157/8220 8156/8217 1900/1904 228/233
f 8159/8222 8154/8219 8157/8220 8158/8221
f 8158/8221 8157/8220 228/233 8160/8223
f 8159/8222 8158/8221 8160/8223 8075/8138
f 8164/8227 8161/8226 8162/8225 8163/8224
f 8163/8224 8162/8225 8125/8188 8165/8228
f 8164/8227 8163/8224 8165/8228 8166/8229
f 8170/8233 8167/8232 8168/8231 8169/8230
f 8169/8230 8168/8231 8171/8235 8172/8234
f 8170/8233 8169/8230 8172/8234 8173/8236
f 8175/8238 8125/8188 8124/8186 8174/8237
f 8174/8237 8124/8186 8123/8187 8176/8239
f 8175/8238 8174/8237 8176/8239 8177/8240
f 8165/8228 8125/8188 8175/8238 8178/8241
f 8178/8241 8175/8238 8177/8240 8179/8242
f 8165/8228 8178/8241 8179/8242 8166/8229
f 8182/8245 8126/8191 8180/8244 8181/8243
f 8181/8243 8180/8244 8183/8247 8184/8246
f 8182/8245 8181/8243 8184/8246 8185/8248
f 8187/8250 8166/8229 8179/8242 8186/8249
f 8186/8249 8179/8242 8177/8240 8188/8251
f 8187/8250 8186/8249 8188/8251 8185/8248
f 8191/8254 932/937 8189/8253 8190/8252
f 8190/8252 8189/8253 8148/8212 8145/8208
f 8191/8254 8190/8252 8145/8208 8144/8209
f 8194/8257 8183/8247 8192/8256 8193/8255
f 8193/8255 8192/8256 8173/8236 8195/8258
f 8194/8257 8193/8255 8195/8258 8196/8259
f 8198/8261 8183/8247 8194/8257 8197/8260
f 8197/8260 8194/8257 8196/8259 8199/8262
f 8198/8261 8197/8260 8199/8262 8200/8263
f 8203/8266 2936/2950 8201/8265 8202/8264
f 8202/8264 8201/8265 8204/8268 8205/8267
f 8203/8266 8202/8264 8205/8267 8185/8248
f 8207/8270 8177/8240 8176/8239 8206/8269
f 8206/8269 8176/8239 8123/8187 8208/8271
f 8207/8270 8206/8269 8208/8271 1905/1911
f 8211/8274 8137/8201 8209/8273 8210/8272
f 8210/8272 8209/8273 8161/8226 8212/8275
f 8211/8274 8210/8272 8212/8275 8200/8263
f 8214/8277 8137/8201 8211/8274 8213/8276
f 8213/8276 8211/8274 8200/8263 8199/8262
f 8214/8277 8213/8276 8199/8262 8196/8259
f 8216/8279 8126/8191 8129/8192 8215/8278
f 8215/8278 8129/8192 8132/8195 8217/8280
f 8216/8279 8215/8278 8217/8280 8173/8236
f 8180/8244 8126/8191 8216/8279 8218/8281
f 8218/8281 8216/8279 8173/8236 8192/8256
f 8180/8244 8218/8281 8192/8256 8183/8247
f 8221/8284 8185/8248 8219/8283 8220/8282
f 8220/8282 8219/8283 8222/8286 8223/8285
f 8221/8284 8220/8282 8223/8285 8224/8287
f 8228/8291 8225/8290 8226/8289 8227/8288
f 8227/8288 8226/8289 8154/8219 8159/8222
f 8228/8291 8227/8288 8159/8222 8075/8138
f 8230/8293 932/937 1915/1919 8229/8292
f 8229/8292 1915/1919 1003/1007 8119/8181
f 8230/8293 8229/8292 8119/8181 8118/8182
f 8189/8253 932/937 8230/8293 8231/8294
f 8231/8294 8230/8293 8118/8182 8232/8295
f 8189/8253 8231/8294 8232/8295 8148/8212
f 8234/8297 8143/8206 8142/8205 8233/8296
f 8233/8296 8142/8205 8139/8202 8235/8298
f 8234/8297 8233/8296 8235/8298 8167/8232
f 8237/8300 8143/8206 8234/8297 8236/8299
f 8236/8299 8234/8297 8167/8232 8238/8301
f 8237/8300 8236/8299 8238/8301 8225/8290
f 8241/8304 8167/8232 8239/8303 8240/8302
f 8240/8302 8239/8303 8130/8194 8242/8305
f 8241/8304 8240/8302 8242/8305 8243/8306
f 8242/8305 8130/8194 8244/8308 8245/8307
f 8245/8307 8244/8308 1015/1021 8246/8309
f 8242/8305 8245/8307 8246/8309 8243/8306
f 8248/8311 1001/1006 1906/1910 8247/8310
f 8247/8310 1906/1910 1905/1911 8208/8271
f 8248/8311 8247/8310 8208/8271 8123/8187
f 8251/8314 8130/8194 8249/8313 8250/8312
f 8250/8312 8249/8313 8204/8268 8201/8265
f 8251/8314 8250/8312 8201/8265 2936/2950
f 8255/8318 8252/8317 8253/8316 8254/8315
f 8254/8315 8253/8316 8196/8259 8195/8258
f 8255/8318 8254/8315 8195/8258 8173/8236
f 8258/8321 8144/8209 8256/8320 8257/8319
f 8257/8319 8256/8320 8063/8128 8069/8132
f 8258/8321 8257/8319 8069/8132 209/212
f 8261/8324 8080/8144 8259/8323 8260/8322
f 8260/8322 8259/8323 8109/8174 8112/8175
f 8261/8324 8260/8322 8112/8175 8083/8148
f 8264/8327 8082/8145 8262/8326 8263/8325
f 8263/8325 8262/8326 8083/8148 8089/8152
f 8264/8327 8263/8325 8089/8152 8091/8154
f 8266/8329 8082/8145 8264/8327 8265/8328
f 8265/8328 8264/8327 8091/8154 8267/8330
f 8266/8329 8265/8328 8267/8330 8029/8093
f 8269/8332 8109/8174 8259/8323 8268/8331
f 8268/8331 8259/8323 8080/8144 8270/8333
f 8269/8332 8268/8331 8270/8333 8271/8334
f 8273/8336 8109/8174 8269/8332 8272/8335
f 8272/8335 8269/8332 8271/8334 8274/8337
f 8273/8336 8272/8335 8274/8337 8036/8100
f 8276/8339 8052/8115 8051/8113 8275/8338
f 8275/8338 8051/8113 8050/8114 8087/8150
f 8276/8339 8275/8338 8087/8150 8019/8084
f 8278/8341 8032/8097 8096/8158 8277/8340
f 8277/8340 8096/8158 8095/8159 8110/8173
f 8278/8341 8277/8340 8110/8173 8109/8174
f 8280/8343 8075/8138 8160/8223 8279/8342
f 8279/8342 8160/8223 228/233 236/239
f 8280/8343 8279/8342 236/239 238/241
f 8282/8345 8075/8138 8280/8343 8281/8344
f 8281/8344 8280/8343 238/241 8283/8346
f 8282/8345 8281/8344 8283/8346 8284/8347
f 8287/8350 8153/8216 8285/8349 8286/8348
f 8286/8348 8285/8349 8288/8352 8289/8351
f 8287/8350 8286/8348 8289/8351 8063/8128
f 8151/8214 8153/8216 8287/8350 8290/8353
f 8290/8353 8287/8350 8063/8128 8256/8320
f 8151/8214 8290/8353 8256/8320 8144/8209
f 8292/8355 8062/8125 8061/8124 8291/8354
f 8291/8354 8061/8124 8058/8121 8293/8356
f 8292/8355 8291/8354 8293/8356 8100/8163
f 8295/8358 8062/8125 8292/8355 8294/8357
f 8294/8357 8292/8355 8100/8163 8296/8359
f 8295/8358 8294/8357 8296/8359 8288/8352
f 8299/8362 8053/8118 8297/8361 8298/8360
f 8298/8360 8297/8361 8284/8347 8300/8363
f 8299/8362 8298/8360 8300/8363 8043/8108
f 8302/8365 8031/8094 8030/8092 8301/8364
f 8301/8364 8030/8092 8029/8093 8267/8330
f 8302/8365 8301/8364 8267/8330 8091/8154
f 8304/8367 2374/2383 8067/8130 8303/8366
f 8303/8366 8067/8130 8042/8105 8041/8104
f 8304/8367 8303/8366 8041/8104 8038/8101
f 8306/8369 2369/2376 8044/8107 8305/8368
f 8305/8368 8044/8107 8043/8108 8300/8363
f 8306/8369 8305/8368 8300/8363 8284/8347
f 2367/2374 2369/2376 8306/8369 8307/8370
f 8307/8370 8306/8369 8284/8347 8283/8346
f 2367/2374 8307/8370 8283/8346 238/241
f 8304/8367 8038/8101 8308/8372 8309/8371
f 8309/8371 8308/8372 216/219 2375/2382
f 8304/8367 8309/8371 2375/2382 2374/2383
f 8037/8099 8036/8100 8274/8337 8310/8373
f 8310/8373 8274/8337 8271/8334 8311/8374
f 8037/8099 8310/8373 8311/8374 8038/8101
f 8302/8365 8091/8154 8090/8153 8312/8375
f 8312/8375 8090/8153 8050/8114 8047/8111
f 8302/8365 8312/8375 8047/8111 8031/8094
f 8299/8362 8043/8108 8313/8377 8314/8376
f 8314/8376 8313/8377 8052/8115 8054/8117
f 8299/8362 8314/8376 8054/8117 8053/8118
f 8317/8380 8288/8352 8315/8379 8316/8378
f 8316/8378 8315/8379 8032/8097 8040/8103
f 8317/8380 8316/8378 8040/8103 8042/8105
f 8289/8351 8288/8352 8317/8380 8318/8381
f 8318/8381 8317/8380 8042/8105 8064/8127
f 8289/8351 8318/8381 8064/8127 8063/8128
f 8320/8383 8053/8118 8060/8123 8319/8382
f 8319/8382 8060/8123 8062/8125 8321/8384
f 8320/8383 8319/8382 8321/8384 8322/8385
f 8070/8134 8053/8118 8320/8383 8323/8386
f 8323/8386 8320/8383 8322/8385 8324/8387
f 8070/8134 8323/8386 8324/8387 8073/8137
f 8278/8341 8109/8174 8273/8336 8325/8388
f 8325/8388 8273/8336 8036/8100 8033/8096
f 8278/8341 8325/8388 8033/8096 8032/8097
f 8276/8339 8019/8084 8326/8390 8327/8389
f 8327/8389 8326/8390 8328/8392 8329/8391
f 8276/8339 8327/8389 8329/8391 8052/8115
f 8331/8394 8025/8088 8024/8086 8330/8393
f 8330/8393 8024/8086 8023/8087 8098/8161
f 8331/8394 8330/8393 8098/8161 8100/8163
f 8333/8396 8025/8088 8331/8394 8332/8395
f 8332/8395 8331/8394 8100/8163 8293/8356
f 8333/8396 8332/8395 8293/8356 8058/8121
f 8336/8399 8076/8141 8334/8398 8335/8397
f 8335/8397 8334/8398 8104/8169 8107/8170
f 8336/8399 8335/8397 8107/8170 2373/2380
f 8103/8166 8076/8141 8336/8399 8337/8400
f 8337/8400 8336/8399 2373/2380 2372/2379
f 8103/8166 8337/8400 2372/2379 220/223
f 8261/8324 8083/8148 8262/8326 8338/8401
f 8338/8401 8262/8326 8082/8145 8081/8143
f 8261/8324 8338/8401 8081/8143 8080/8144
f 2410/2418 934/938 8339/8403 8340/8402
f 8340/8402 8339/8403 8144/8209 8258/8321
f 2410/2418 8340/8402 8258/8321 209/212
f 8255/8318 8173/8236 8172/8234 8341/8404
f 8341/8404 8172/8234 8171/8235 8342/8405
f 8255/8318 8341/8404 8342/8405 8252/8317
f 2941/2953 1901/1907 8343/8407 8344/8406
f 8344/8406 8343/8407 8130/8194 8251/8314
f 2941/2953 8344/8406 8251/8314 2936/2950
f 8346/8409 8118/8182 8115/8178 8345/8408
f 8345/8408 8115/8178 8114/8179 8122/8185
f 8346/8409 8345/8408 8122/8185 8125/8188
f 8348/8411 8118/8182 8346/8409 8347/8410
f 8347/8410 8346/8409 8125/8188 8162/8225
f 8348/8411 8347/8410 8162/8225 8161/8226
f 8248/8311 8123/8187 8120/8184 8349/8412
f 8349/8412 8120/8184 8114/8179 8350/8413
f 8248/8311 8349/8412 8350/8413 1001/1006
f 8244/8308 8130/8194 8343/8407 8351/8414
f 8351/8414 8343/8407 1901/1907 1904/1908
f 8244/8308 8351/8414 1904/1908 1015/1021
f 8239/8303 8167/8232 8352/8416 8353/8415
f 8353/8415 8352/8416 8132/8195 8131/8193
f 8239/8303 8353/8415 8131/8193 8130/8194
f 8355/8418 8161/8226 8209/8273 8354/8417
f 8354/8417 8209/8273 8137/8201 8134/8197
f 8355/8418 8354/8417 8134/8197 8133/8198
f 8357/8420 8153/8216 8152/8215 8356/8419
f 8356/8419 8152/8215 8133/8198 8141/8204
f 8357/8420 8356/8419 8141/8204 8143/8206
f 8359/8422 8153/8216 8357/8420 8358/8421
f 8358/8421 8357/8420 8143/8206 8360/8423
f 8359/8422 8358/8421 8360/8423 8322/8385
f 8228/8291 8075/8138 8074/8136 8361/8424
f 8361/8424 8074/8136 8073/8137 8362/8425
f 8228/8291 8361/8424 8362/8425 8225/8290
f 8219/8283 8185/8248 8188/8251 8363/8426
f 8363/8426 8188/8251 8177/8240 8364/8427
f 8219/8283 8363/8426 8364/8427 8222/8286
f 8366/8429 8167/8232 8235/8298 8365/8428
f 8365/8428 8235/8298 8139/8202 8367/8430
f 8366/8429 8365/8428 8367/8430 8252/8317
f 8168/8231 8167/8232 8366/8429 8368/8431
f 8368/8431 8366/8429 8252/8317 8342/8405
f 8168/8231 8368/8431 8342/8405 8171/8235
f 8207/8270 1905/1911 8369/8433 8370/8432
f 8370/8432 8369/8433 8222/8286 8364/8427
f 8207/8270 8370/8432 8364/8427 8177/8240
f 8372/8435 2936/2950 8203/8266 8371/8434
f 8371/8434 8203/8266 8185/8248 8221/8284
f 8372/8435 8371/8434 8221/8284 8224/8287
f 8374/8437 8183/8247 8198/8261 8373/8436
f 8373/8436 8198/8261 8200/8263 8375/8438
f 8374/8437 8373/8436 8375/8438 8166/8229
f 933/936 932/937 8191/8254 8376/8439
f 8376/8439 8191/8254 8144/8209 8339/8403
f 933/936 8376/8439 8339/8403 934/938
f 8187/8250 8185/8248 8184/8246 8377/8440
f 8377/8440 8184/8246 8183/8247 8374/8437
f 8187/8250 8377/8440 8374/8437 8166/8229
f 8205/8267 8204/8268 8378/8442 8379/8441
f 8379/8441 8378/8442 8126/8191 8182/8245
f 8205/8267 8379/8441 8182/8245 8185/8248
f 8381/8444 1905/1911 3313/3326 8380/8443
f 8380/8443 3313/3326 2936/2950 8372/8435
f 8381/8444 8380/8443 8372/8435 8224/8287
f 8369/8433 1905/1911 8381/8444 8382/8445
f 8382/8445 8381/8444 8224/8287 8223/8285
f 8369/8433 8382/8445 8223/8285 8222/8286
f 8384/8447 8139/8202 8138/8200 8383/8446
f 8383/8446 8138/8200 8137/8201 8214/8277
f 8384/8447 8383/8446 8214/8277 8196/8259
f 8367/8430 8139/8202 8384/8447 8385/8448
f 8385/8448 8384/8447 8196/8259 8253/8316
f 8367/8430 8385/8448 8253/8316 8252/8317
f 8170/8233 8173/8236 8217/8280 8386/8449
f 8386/8449 8217/8280 8132/8195 8352/8416
f 8170/8233 8386/8449 8352/8416 8167/8232
f 8164/8227 8166/8229 8375/8438 8387/8450
f 8387/8450 8375/8438 8200/8263 8212/8275
f 8164/8227 8387/8450 8212/8275 8161/8226
f 8389/8452 8073/8137 8324/8387 8388/8451
f 8388/8451 8324/8387 8322/8385 8360/8423
f 8389/8452 8388/8451 8360/8423 8143/8206
f 8362/8425 8073/8137 8389/8452 8390/8453
f 8390/8453 8389/8452 8143/8206 8237/8300
f 8362/8425 8390/8453 8237/8300 8225/8290
f 8392/8455 8148/8212 8232/8295 8391/8454
f 8391/8454 8232/8295 8118/8182 8348/8411
f 8392/8455 8391/8454 8348/8411 8161/8226
f 8149/8211 8148/8212 8392/8455 8393/8456
f 8393/8456 8392/8455 8161/8226 8355/8418
f 8149/8211 8393/8456 8355/8418 8133/8198
f 8395/8458 8167/8232 8241/8304 8394/8457
f 8394/8457 8241/8304 8243/8306 8396/8459
f 8395/8458 8394/8457 8396/8459 8154/8219
f 8238/8301 8167/8232 8395/8458 8397/8460
f 8397/8460 8395/8458 8154/8219 8226/8289
f 8238/8301 8397/8460 8226/8289 8225/8290
f 8127/8190 8126/8191 8378/8442 8398/8461
f 8398/8461 8378/8442 8204/8268 8249/8313
f 8127/8190 8398/8461 8249/8313 8130/8194
f 8117/8180 1003/1007 1002/1005 8399/8462
f 8399/8462 1002/1005 1001/1006 8350/8413
f 8117/8180 8399/8462 8350/8413 8114/8179
f 8401/8464 1021/1025 8155/8218 8400/8463
f 8400/8463 8155/8218 8154/8219 8396/8459
f 8401/8464 8400/8463 8396/8459 8243/8306
f 1018/1022 1021/1025 8401/8464 8402/8465
f 8402/8465 8401/8464 8243/8306 8246/8309
f 1018/1022 8402/8465 8246/8309 1015/1021
f 8404/8467 8095/8159 8092/8156 8403/8466
f 8403/8466 8092/8156 8023/8087 8020/8083
f 8404/8467 8403/8466 8020/8083 8019/8084
f 8113/8176 8095/8159 8404/8467 8405/8468
f 8405/8468 8404/8467 8019/8084 8084/8147
f 8113/8176 8405/8468 8084/8147 8083/8148
f 8108/8171 8082/8145 8266/8329 8406/8469
f 8406/8469 8266/8329 8029/8093 8026/8090
f 8108/8171 8406/8469 8026/8090 2373/2380
f 8102/8165 220/223 8407/8471 8408/8470
f 8408/8470 8407/8471 8271/8334 8270/8333
f 8102/8165 8408/8470 8270/8333 8080/8144
f 8411/8474 8328/8392 8409/8473 8410/8472
f 8410/8472 8409/8473 8025/8088 8333/8396
f 8411/8474 8410/8472 8333/8396 8058/8121
f 8329/8391 8328/8392 8411/8474 8412/8475
f 8412/8475 8411/8474 8058/8121 8057/8120
f 8329/8391 8412/8475 8057/8120 8052/8115
f 8105/8168 8104/8169 8334/8398 8413/8476
f 8413/8476 8334/8398 8076/8141 8079/8142
f 8105/8168 8413/8476 8079/8142 8082/8145
f 8072/8135 8075/8138 8282/8345 8414/8477
f 8414/8477 8282/8345 8284/8347 8297/8361
f 8072/8135 8414/8477 8297/8361 8053/8118
f 8416/8479 8322/8385 8321/8384 8415/8478
f 8415/8478 8321/8384 8062/8125 8295/8358
f 8416/8479 8415/8478 8295/8358 8288/8352
f 8359/8422 8322/8385 8416/8479 8417/8480
f 8417/8480 8416/8479 8288/8352 8285/8349
f 8359/8422 8417/8480 8285/8349 8153/8216
f 8315/8379 8288/8352 8296/8359 8418/8481
f 8418/8481 8296/8359 8100/8163 8099/8162
f 8315/8379 8418/8481 8099/8162 8032/8097
f 8313/8377 8043/8108 8419/8483 8420/8482
f 8420/8482 8419/8483 8031/8094 8049/8112
f 8313/8377 8420/8482 8049/8112 8052/8115
f 8419/8483 8043/8108 8046/8109 8421/8484
f 8421/8484 8046/8109 227/230 8422/8485
f 8419/8483 8421/8484 8422/8485 8031/8094
f 8424/8487 8271/8334 8407/8471 8423/8486
f 8423/8486 8407/8471 220/223 219/222
f 8424/8487 8423/8486 219/222 216/219
f 8311/8374 8271/8334 8424/8487 8425/8488
f 8425/8488 8424/8487 216/219 8308/8372
f 8311/8374 8425/8488 8308/8372 8038/8101
f 3553/3567 2373/2380 8028/8091 8426/8489
f 8426/8489 8028/8091 8031/8094 8422/8485
f 3553/3567 8426/8489 8422/8485 227/230
f 8022/8085 8025/8088 8409/8473 8427/8490
f 8427/8490 8409/8473 8328/8392 8326/8390
f 8022/8085 8427/8490 8326/8390 8019/8084
f 8431/8494 8428/8493 8429/8492 8430/8491
f 8430/8491 8429/8492 8432/8496 8433/8495
f 8431/8494 8430/8491 8433/8495 8434/8497
f 8436/8499 8428/8493 8431/8494 8435/8498
f 8435/8498 8431/8494 8434/8497 8437/8500
f 8436/8499 8435/8498 8437/8500 8438/8501
f 8442/8505 8439/8504 8440/8503 8441/8502
f 8441/8502 8440/8503 8443/8507 8444/8506
f 8442/8505 8441/8502 8444/8506 8445/8508
f 8447/8510 8439/8504 8442/8505 8446/8509
f 8446/8509 8442/8505 8445/8508 8448/8511
f 8447/8510 8446/8509 8448/8511 8449/8512
f 8453/8516 8450/8515 8451/8514 8452/8513
f 8452/8513 8451/8514 8454/8518 8455/8517
f 8453/8516 8452/8513 8455/8517 8456/8519
f 8458/8521 8450/8515 8453/8516 8457/8520
f 8457/8520 8453/8516 8456/8519 8459/8522
f 8458/8521 8457/8520 8459/8522 8460/8523
f 8462/8525 8449/8512 8448/8511 8461/8524
f 8461/8524 8448/8511 8445/8508 8463/8526
f 8462/8525 8461/8524 8463/8526 8454/8518
f 8465/8528 8449/8512 8462/8525 8464/8527
f 8464/8527 8462/8525 8454/8518 8451/8514
f 8465/8528 8464/8527 8451/8514 8450/8515
f 8467/8530 8438/8501 8437/8500 8466/8529
f 8466/8529 8437/8500 8434/8497 8468/8531
f 8467/8530 8466/8529 8468/8531 8443/8507
f 8470/8533 8438/8501 8467/8530 8469/8532
f 8469/8532 8467/8530 8443/8507 8440/8503
f 8470/8533 8469/8532 8440/8503 8439/8504
f 8472/8535 8460/8523 8459/8522 8471/8534
f 8471/8534 8459/8522 8456/8519 8473/8536
f 8472/8535 8471/8534 8473/8536 8432/8496
f 8475/8538 8460/8523 8472/8535 8474/8537
f 8474/8537 8472/8535 8432/8496 8429/8492
f 8475/8538 8474/8537 8429/8492 8428/8493
f 8479/8542 8476/8541 8477/8540 8478/8539
f 8478/8539 8477/8540 8480/8544 8481/8543
f 8479/8542 8478/8539 8481/8543 8482/8545
f 8484/8547 8476/8541 8479/8542 8483/8546
f 8483/8546 8479/8542 8482/8545 8485/8548
f 8484/8547 8483/8546 8485/8548 8486/8549
f 8490/8553 8487/8552 8488/8551 8489/8550
f 8489/8550 8488/8551 8491/8555 8492/8554
f 8490/8553 8489/8550 8492/8554 8493/8556
f 8495/8558 8487/8552 8490/8553 8494/8557
f 8494/8557 8490/8553 8493/8556 8496/8559
f 8495/8558 8494/8557 8496/8559 8497/8560
f 8501/8564 8498/8563 8499/8562 8500/8561
f 8500/8561 8499/8562 8502/8566 8503/8565
f 8501/8564 8500/8561 8503/8565 8504/8567
f 8506/8569 8498/8563 8501/8564 8505/8568
f 8505/8568 8501/8564 8504/8567 8507/8570
f 8506/8569 8505/8568 8507/8570 8508/8571
f 8511/8574 8504/8567 8509/8573 8510/8572
f 8510/8572 8509/8573 8450/8515 8458/8521
f 8511/8574 8510/8572 8458/8521 8460/8523
f 8513/8576 8504/8567 8511/8574 8512/8575
f 8512/8575 8511/8574 8460/8523 8514/8577
f 8513/8576 8512/8575 8514/8577 8480/8544
f 8517/8580 8502/8566 8515/8579 8516/8578
f 8516/8578 8515/8579 8449/8512 8465/8528
f 8517/8580 8516/8578 8465/8528 8450/8515
f 8503/8565 8502/8566 8517/8580 8518/8581
f 8518/8581 8517/8580 8450/8515 8509/8573
f 8503/8565 8518/8581 8509/8573 8504/8567
f 8521/8584 8493/8556 8519/8583 8520/8582
f 8520/8582 8519/8583 8439/8504 8447/8510
f 8521/8584 8520/8582 8447/8510 8449/8512
f 8523/8586 8493/8556 8521/8584 8522/8585
f 8522/8585 8521/8584 8449/8512 8515/8579
f 8523/8586 8522/8585 8515/8579 8502/8566
f 8526/8589 8491/8555 8524/8588 8525/8587
f 8525/8587 8524/8588 8438/8501 8470/8533
f 8526/8589 8525/8587 8470/8533 8439/8504
f 8492/8554 8491/8555 8526/8589 8527/8590
f 8527/8590 8526/8589 8439/8504 8519/8583
f 8492/8554 8527/8590 8519/8583 8493/8556
f 8530/8593 8482/8545 8528/8592 8529/8591
f 8529/8591 8528/8592 8428/8493 8436/8499
f 8530/8593 8529/8591 8436/8499 8438/8501
f 8532/8595 8482/8545 8530/8593 8531/8594
f 8531/8594 8530/8593 8438/8501 8524/8588
f 8532/8595 8531/8594 8524/8588 8491/8555
f 8534/8597 8480/8544 8514/8577 8533/8596
f 8533/8596 8514/8577 8460/8523 8475/8538
f 8534/8597 8533/8596 8475/8538 8428/8493
f 8481/8543 8480/8544 8534/8597 8535/8598
f 8535/8598 8534/8597 8428/8493 8528/8592
f 8481/8543 8535/8598 8528/8592 8482/8545
f 8539/8602 8536/8601 8537/8600 8538/8599
f 8538/8599 8537/8600 8540/8604 8541/8603
f 8539/8602 8538/8599 8541/8603 8476/8541
f 8543/8606 8536/8601 8539/8602 8542/8605
f 8542/8605 8539/8602 8476/8541 8484/8547
f 8543/8606 8542/8605 8484/8547 8486/8549
f 8547/8610 8544/8609 8545/8608 8546/8607
f 8546/8607 8545/8608 8536/8601 8543/8606
f 8547/8610 8546/8607 8543/8606 8486/8549
f 8549/8612 8544/8609 8547/8610 8548/8611
f 8548/8611 8547/8610 8486/8549 8550/8613
f 8549/8612 8548/8611 8550/8613 8487/8552
f 8554/8617 8551/8616 8552/8615 8553/8614
f 8553/8614 8552/8615 8544/8609 8549/8612
f 8554/8617 8553/8614 8549/8612 8487/8552
f 8556/8619 8551/8616 8554/8617 8555/8618
f 8555/8618 8554/8617 8487/8552 8495/8558
f 8556/8619 8555/8618 8495/8558 8497/8560
f 8560/8623 8557/8622 8558/8621 8559/8620
f 8559/8620 8558/8621 8551/8616 8556/8619
f 8560/8623 8559/8620 8556/8619 8497/8560
f 8562/8625 8557/8622 8560/8623 8561/8624
f 8561/8624 8560/8623 8497/8560 8563/8626
f 8562/8625 8561/8624 8563/8626 8498/8563
f 8567/8630 8564/8629 8565/8628 8566/8627
f 8566/8627 8565/8628 8557/8622 8562/8625
f 8567/8630 8566/8627 8562/8625 8498/8563
f 8569/8632 8564/8629 8567/8630 8568/8631
f 8568/8631 8567/8630 8498/8563 8506/8569
f 8569/8632 8568/8631 8506/8569 8508/8571
f 8572/8635 8540/8604 8570/8634 8571/8633
f 8571/8633 8570/8634 8564/8629 8569/8632
f 8572/8635 8571/8633 8569/8632 8508/8571
f 8541/8603 8540/8604 8572/8635 8573/8636
f 8573/8636 8572/8635 8508/8571 8574/8637
f 8541/8603 8573/8636 8574/8637 8476/8541
f 8576/8639 8508/8571 8507/8570 8575/8638
f 8575/8638 8507/8570 8504/8567 8513/8576
f 8576/8639 8575/8638 8513/8576 8480/8544
f 8574/8637 8508/8571 8576/8639 8577/8640
f 8577/8640 8576/8639 8480/8544 8477/8540
f 8574/8637 8577/8640 8477/8540 8476/8541
f 8579/8642 8497/8560 8496/8559 8578/8641
f 8578/8641 8496/8559 8493/8556 8523/8586
f 8579/8642 8578/8641 8523/8586 8502/8566
f 8563/8626 8497/8560 8579/8642 8580/8643
f 8580/8643 8579/8642 8502/8566 8499/8562
f 8563/8626 8580/8643 8499/8562 8498/8563
f 8582/8645 8486/8549 8485/8548 8581/8644
f 8581/8644 8485/8548 8482/8545 8532/8595
f 8582/8645 8581/8644 8532/8595 8491/8555
f 8550/8613 8486/8549 8582/8645 8583/8646
f 8583/8646 8582/8645 8491/8555 8488/8551
f 8550/8613 8583/8646 8488/8551 8487/8552
f 8552/8615 8551/8616 8558/8621 8584/8647
f 8584/8647 8558/8621 8557/8622 8585/8648
f 8552/8615 8584/8647 8585/8648 8544/8609
f 8565/8628 8564/8629 8570/8634 8586/8649
f 8586/8649 8570/8634 8540/8604 8587/8650
f 8565/8628 8586/8649 8587/8650 8557/8622
f 8537/8600 8536/8601 8588/8652 8589/8651
f 8589/8651 8588/8652 8557/8622 8587/8650
f 8537/8600 8589/8651 8587/8650 8540/8604
f 8545/8608 8544/8609 8585/8648 8590/8653
f 8590/8653 8585/8648 8557/8622 8588/8652
f 8545/8608 8590/8653 8588/8652 8536/8601
f 8594/8657 8591/8656 8592/8655 8593/8654
f 8593/8654 8592/8655 8595/8659 8596/8658
f 8594/8657 8593/8654 8596/8658 8597/8660
f 8599/8662 8591/8656 8594/8657 8598/8661
f 8598/8661 8594/8657 8597/8660 8600/8663
f 8599/8662 8598/8661 8600/8663 8601/8664
f 8605/8668 8602/8667 8603/8666 8604/8665
f 8604/8665 8603/8666 8606/8670 8607/8669
f 8605/8668 8604/8665 8607/8669 8608/8671
f 8610/8673 8602/8667 8605/8668 8609/8672
f 8609/8672 8605/8668 8608/8671 8611/8674
f 8610/8673 8609/8672 8611/8674 8612/8675
f 8616/8679 8613/8678 8614/8677 8615/8676
f 8615/8676 8614/8677 8617/8681 8618/8680
f 8616/8679 8615/8676 8618/8680 8619/8682
f 8621/8684 8613/8678 8616/8679 8620/8683
f 8620/8683 8616/8679 8619/8682 8622/8685
f 8621/8684 8620/8683 8622/8685 8623/8686
f 8626/8689 8623/8686 8624/8688 8625/8687
f 8625/8687 8624/8688 8627/8691 8628/8690
f 8626/8689 8625/8687 8628/8690 8597/8660
f 8621/8684 8623/8686 8626/8689 8629/8692
f 8629/8692 8626/8689 8597/8660 8630/8693
f 8621/8684 8629/8692 8630/8693 8613/8678
f 8632/8695 8597/8660 8596/8658 8631/8694
f 8631/8694 8596/8658 8595/8659 8633/8696
f 8632/8695 8631/8694 8633/8696 8634/8697
f 8630/8693 8597/8660 8632/8695 8635/8698
f 8635/8698 8632/8695 8634/8697 8636/8699
f 8630/8693 8635/8698 8636/8699 8613/8678
f 8640/8703 8637/8702 8638/8701 8639/8700
f 8639/8700 8638/8701 8641/8705 8642/8704
f 8640/8703 8639/8700 8642/8704 8619/8682
f 8646/8709 8643/8708 8644/8707 8645/8706
f 8645/8706 8644/8707 8627/8691 8647/8710
f 8646/8709 8645/8706 8647/8710 8641/8705
f 8624/8688 8623/8686 8648/8712 8649/8711
f 8649/8711 8648/8712 8641/8705 8647/8710
f 8624/8688 8649/8711 8647/8710 8627/8691
f 8622/8685 8619/8682 8642/8704 8650/8713
f 8650/8713 8642/8704 8641/8705 8648/8712
f 8622/8685 8650/8713 8648/8712 8623/8686
f 8653/8716 8617/8681 8651/8715 8652/8714
f 8652/8714 8651/8715 8612/8675 8654/8717
f 8653/8716 8652/8714 8654/8717 8637/8702
f 8618/8680 8617/8681 8653/8716 8655/8718
f 8655/8718 8653/8716 8637/8702 8640/8703
f 8618/8680 8655/8718 8640/8703 8619/8682
f 8657/8720 8612/8675 8611/8674 8656/8719
f 8656/8719 8611/8674 8608/8671 8658/8721
f 8657/8720 8656/8719 8658/8721 8641/8705
f 8654/8717 8612/8675 8657/8720 8659/8722
f 8659/8722 8657/8720 8641/8705 8638/8701
f 8654/8717 8659/8722 8638/8701 8637/8702
f 8662/8725 8608/8671 8660/8724 8661/8723
f 8661/8723 8660/8724 8601/8664 8663/8726
f 8662/8725 8661/8723 8663/8726 8643/8708
f 8658/8721 8608/8671 8662/8725 8664/8727
f 8664/8727 8662/8725 8643/8708 8646/8709
f 8658/8721 8664/8727 8646/8709 8641/8705
f 8666/8729 8601/8664 8600/8663 8665/8728
f 8665/8728 8600/8663 8597/8660 8628/8690
f 8666/8729 8665/8728 8628/8690 8627/8691
f 8663/8726 8601/8664 8666/8729 8667/8730
f 8667/8730 8666/8729 8627/8691 8644/8707
f 8663/8726 8667/8730 8644/8707 8643/8708
f 8671/8734 8668/8733 8669/8732 8670/8731
f 8670/8731 8669/8732 8672/8736 8673/8735
f 8671/8734 8670/8731 8673/8735 8595/8659
f 8675/8738 8668/8733 8671/8734 8674/8737
f 8674/8737 8671/8734 8595/8659 8592/8655
f 8675/8738 8674/8737 8592/8655 8591/8656
f 8679/8742 8676/8741 8677/8740 8678/8739
f 8678/8739 8677/8740 8668/8733 8675/8738
f 8679/8742 8678/8739 8675/8738 8591/8656
f 8681/8744 8676/8741 8679/8742 8680/8743
f 8680/8743 8679/8742 8591/8656 8682/8745
f 8681/8744 8680/8743 8682/8745 8606/8670
f 8686/8749 8683/8748 8684/8747 8685/8746
f 8685/8746 8684/8747 8676/8741 8681/8744
f 8686/8749 8685/8746 8681/8744 8606/8670
f 8688/8751 8683/8748 8686/8749 8687/8750
f 8687/8750 8686/8749 8606/8670 8603/8666
f 8688/8751 8687/8750 8603/8666 8602/8667
f 8692/8755 8689/8754 8690/8753 8691/8752
f 8691/8752 8690/8753 8683/8748 8688/8751
f 8692/8755 8691/8752 8688/8751 8602/8667
f 8694/8757 8689/8754 8692/8755 8693/8756
f 8693/8756 8692/8755 8602/8667 8695/8758
f 8694/8757 8693/8756 8695/8758 8696/8759
f 8699/8762 8634/8697 8697/8761 8698/8760
f 8698/8760 8697/8761 8696/8759 8700/8763
f 8699/8762 8698/8760 8700/8763 8617/8681
f 8636/8699 8634/8697 8699/8762 8701/8764
f 8701/8764 8699/8762 8617/8681 8614/8677
f 8636/8699 8701/8764 8614/8677 8613/8678
f 8703/8766 8595/8659 8673/8735 8702/8765
f 8702/8765 8673/8735 8672/8736 8704/8767
f 8703/8766 8702/8765 8704/8767 8705/8768
f 8633/8696 8595/8659 8703/8766 8706/8769
f 8706/8769 8703/8766 8705/8768 8707/8770
f 8633/8696 8706/8769 8707/8770 8634/8697
f 8710/8773 8705/8768 8708/8772 8709/8771
f 8709/8771 8708/8772 8689/8754 8694/8757
f 8710/8773 8709/8771 8694/8757 8696/8759
f 8707/8770 8705/8768 8710/8773 8711/8774
f 8711/8774 8710/8773 8696/8759 8697/8761
f 8707/8770 8711/8774 8697/8761 8634/8697
f 8713/8776 8696/8759 8695/8758 8712/8775
f 8712/8775 8695/8758 8602/8667 8610/8673
f 8713/8776 8712/8775 8610/8673 8612/8675
f 8700/8763 8696/8759 8713/8776 8714/8777
f 8714/8777 8713/8776 8612/8675 8651/8715
f 8700/8763 8714/8777 8651/8715 8617/8681
f 8716/8779 8606/8670 8682/8745 8715/8778
f 8715/8778 8682/8745 8591/8656 8599/8662
f 8716/8779 8715/8778 8599/8662 8601/8664
f 8607/8669 8606/8670 8716/8779 8717/8780
f 8717/8780 8716/8779 8601/8664 8660/8724
f 8607/8669 8717/8780 8660/8724 8608/8671
f 8721/8784 8718/8783 8719/8782 8720/8781
f 8720/8781 8719/8782 8722/8786 8723/8785
f 8721/8784 8720/8781 8723/8785 8672/8736
f 8725/8788 8718/8783 8721/8784 8724/8787
f 8724/8787 8721/8784 8672/8736 8669/8732
f 8725/8788 8724/8787 8669/8732 8668/8733
f 8729/8792 8726/8791 8727/8790 8728/8789
f 8728/8789 8727/8790 8730/8794 8731/8793
f 8729/8792 8728/8789 8731/8793 8676/8741
f 8733/8796 8726/8791 8729/8792 8732/8795
f 8732/8795 8729/8792 8676/8741 8684/8747
f 8733/8796 8732/8795 8684/8747 8683/8748
f 8735/8798 8672/8736 8723/8785 8734/8797
f 8734/8797 8723/8785 8722/8786 8736/8799
f 8735/8798 8734/8797 8736/8799 8737/8800
f 8704/8767 8672/8736 8735/8798 8738/8801
f 8738/8801 8735/8798 8737/8800 8739/8802
f 8704/8767 8738/8801 8739/8802 8705/8768
f 8742/8805 8737/8800 8740/8804 8741/8803
f 8741/8803 8740/8804 8743/8807 8744/8806
f 8742/8805 8741/8803 8744/8806 8689/8754
f 8739/8802 8737/8800 8742/8805 8745/8808
f 8745/8808 8742/8805 8689/8754 8708/8772
f 8739/8802 8745/8808 8708/8772 8705/8768
f 8748/8811 8743/8807 8746/8810 8747/8809
f 8747/8809 8746/8810 8726/8791 8733/8796
f 8748/8811 8747/8809 8733/8796 8683/8748
f 8744/8806 8743/8807 8748/8811 8749/8812
f 8749/8812 8748/8811 8683/8748 8690/8753
f 8744/8806 8749/8812 8690/8753 8689/8754
f 8752/8815 8730/8794 8750/8814 8751/8813
f 8751/8813 8750/8814 8718/8783 8725/8788
f 8752/8815 8751/8813 8725/8788 8668/8733
f 8731/8793 8730/8794 8752/8815 8753/8816
f 8753/8816 8752/8815 8668/8733 8677/8740
f 8731/8793 8753/8816 8677/8740 8676/8741
f 8719/8782 8722/8786 8754/8818 8755/8817
f 8755/8817 8754/8818 8730/8794 8750/8814
f 8719/8782 8755/8817 8750/8814 8718/8783
f 8727/8790 8730/8794 8756/8820 8757/8819
f 8757/8819 8756/8820 8743/8807 8746/8810
f 8727/8790 8757/8819 8746/8810 8726/8791
f 8759/8822 8737/8800 8740/8804 8758/8821
f 8758/8821 8740/8804 8743/8807 8756/8820
f 8759/8822 8758/8821 8756/8820 8730/8794
f 8736/8799 8737/8800 8759/8822 8760/8823
f 8760/8823 8759/8822 8730/8794 8754/8818
f 8736/8799 8760/8823 8754/8818 8722/8786
f 8764/8827 8761/8826 8762/8825 8763/8824
f 8763/8824 8762/8825 8765/8829 8766/8828
f 8764/8827 8763/8824 8766/8828 8767/8830
f 8769/8832 8761/8826 8764/8827 8768/8831
f 8768/8831 8764/8827 8767/8830 8770/8833
f 8769/8832 8768/8831 8770/8833 8771/8834
f 8775/8838 8772/8837 8773/8836 8774/8835
f 8774/8835 8773/8836 8776/8840 8777/8839
f 8775/8838 8774/8835 8777/8839 8778/8841
f 8780/8843 8772/8837 8775/8838 8779/8842
f 8779/8842 8775/8838 8778/8841 8781/8844
f 8780/8843 8779/8842 8781/8844 8782/8845
f 8786/8849 8783/8848 8784/8847 8785/8846
f 8785/8846 8784/8847 8787/8851 8788/8850
f 8786/8849 8785/8846 8788/8850 8789/8852
f 8791/8854 8783/8848 8786/8849 8790/8853
f 8790/8853 8786/8849 8789/8852 8792/8855
f 8791/8854 8790/8853 8792/8855 8793/8856
f 8797/8860 8794/8859 8795/8858 8796/8857
f 8796/8857 8795/8858 8783/8848 8798/8861
f 8797/8860 8796/8857 8798/8861 8799/8862
f 8801/8864 8794/8859 8797/8860 8800/8863
f 8800/8863 8797/8860 8799/8862 8802/8865
f 8801/8864 8800/8863 8802/8865 8803/8866
f 8769/8832 8771/8834 8804/8868 8805/8867
f 8805/8867 8804/8868 8776/8840 8806/8869
f 8769/8832 8805/8867 8806/8869 8761/8826
f 8810/8873 8807/8872 8808/8871 8809/8870
f 8809/8870 8808/8871 8811/8875 8812/8874
f 8810/8873 8809/8870 8812/8874 8813/8876
f 8815/8878 8807/8872 8810/8873 8814/8877
f 8814/8877 8810/8873 8813/8876 8816/8879
f 8815/8878 8814/8877 8816/8879 8787/8851
f 8820/8883 8817/8882 8818/8881 8819/8880
f 8819/8880 8818/8881 8821/8885 8822/8884
f 8820/8883 8819/8880 8822/8884 8823/8886
f 8825/8888 8817/8882 8820/8883 8824/8887
f 8824/8887 8820/8883 8823/8886 8826/8889
f 8825/8888 8824/8887 8826/8889 8827/8890
f 8831/8894 8828/8893 8829/8892 8830/8891
f 8830/8891 8829/8892 8832/8896 8833/8895
f 8831/8894 8830/8891 8833/8895 8834/8897
f 8837/8900 8765/8829 8835/8899 8836/8898
f 8836/8898 8835/8899 8838/8902 8839/8901
f 8837/8900 8836/8898 8839/8901 8840/8903
f 8843/8906 8794/8859 8841/8905 8842/8904
f 8842/8904 8841/8905 8844/8908 8845/8907
f 8843/8906 8842/8904 8845/8907 8846/8909
f 8848/8911 8794/8859 8843/8906 8847/8910
f 8847/8910 8843/8906 8846/8909 8849/8912
f 8848/8911 8847/8910 8849/8912 8807/8872
f 8853/8916 8850/8915 8851/8914 8852/8913
f 8852/8913 8851/8914 8844/8908 8854/8917
f 8853/8916 8852/8913 8854/8917 8855/8918
f 8857/8920 8850/8915 8853/8916 8856/8919
f 8856/8919 8853/8916 8855/8918 8858/8921
f 8857/8920 8856/8919 8858/8921 8859/8922
f 8863/8926 8860/8925 8861/8924 8862/8923
f 8862/8923 8861/8924 8832/8896 8864/8927
f 8863/8926 8862/8923 8864/8927 8865/8928
f 8869/8932 8866/8931 8867/8930 8868/8929
f 8868/8929 8867/8930 8870/8934 8871/8933
f 8869/8932 8868/8929 8871/8933 8823/8886
f 8873/8936 8866/8931 8869/8932 8872/8935
f 8872/8935 8869/8932 8823/8886 8874/8937
f 8873/8936 8872/8935 8874/8937 8875/8938
f 8879/8942 8876/8941 8877/8940 8878/8939
f 8878/8939 8877/8940 8838/8902 8880/8943
f 8879/8942 8878/8939 8880/8943 8860/8925
f 8882/8945 8876/8941 8879/8942 8881/8944
f 8881/8944 8879/8942 8860/8925 8883/8946
f 8882/8945 8881/8944 8883/8946 8884/8947
f 8887/8950 8876/8941 8885/8949 8886/8948
f 8886/8948 8885/8949 8888/8952 8889/8951
f 8887/8950 8886/8948 8889/8951 8890/8953
f 8892/8955 8876/8941 8887/8950 8891/8954
f 8891/8954 8887/8950 8890/8953 8893/8956
f 8892/8955 8891/8954 8893/8956 8894/8957
f 8898/8961 8895/8960 8896/8959 8897/8958
f 8897/8958 8896/8959 8899/8963 8900/8962
f 8898/8961 8897/8958 8900/8962 8901/8964
f 8903/8966 8895/8960 8898/8961 8902/8965
f 8902/8965 8898/8961 8901/8964 8904/8967
f 8903/8966 8902/8965 8904/8967 8905/8968
f 8909/8972 8906/8971 8907/8970 8908/8969
f 8908/8969 8907/8970 8910/8974 8911/8973
f 8909/8972 8908/8969 8911/8973 8912/8975
f 8914/8977 8906/8971 8909/8972 8913/8976
f 8913/8976 8909/8972 8912/8975 8915/8978
f 8914/8977 8913/8976 8915/8978 8905/8968
f 8917/8980 8901/8964 8900/8962 8916/8979
f 8916/8979 8900/8962 8899/8963 8918/8981
f 8917/8980 8916/8979 8918/8981 8919/8982
f 8921/8984 8901/8964 8917/8980 8920/8983
f 8920/8983 8917/8980 8919/8982 8922/8985
f 8921/8984 8920/8983 8922/8985 8923/8986
f 8927/8990 8924/8989 8925/8988 8926/8987
f 8926/8987 8925/8988 8928/8992 8929/8991
f 8927/8990 8926/8987 8929/8991 8930/8993
f 8932/8995 8924/8989 8927/8990 8931/8994
f 8931/8994 8927/8990 8930/8993 8933/8996
f 8932/8995 8931/8994 8933/8996 8934/8997
f 8938/9001 8935/9000 8936/8999 8937/8998
f 8937/8998 8936/8999 8888/8952 8885/8949
f 8938/9001 8937/8998 8885/8949 8876/8941
f 8940/9003 8935/9000 8938/9001 8939/9002
f 8939/9002 8938/9001 8876/8941 8882/8945
f 8940/9003 8939/9002 8882/8945 8884/8947
f 8943/9006 8919/8982 8941/9005 8942/9004
f 8942/9004 8941/9005 8890/8953 8944/9007
f 8943/9006 8942/9004 8944/9007 8945/9008
f 8922/8985 8919/8982 8943/9006 8946/9009
f 8946/9009 8943/9006 8945/9008 8947/9010
f 8922/8985 8946/9009 8947/9010 8923/8986
f 8949/9012 8905/8968 8915/8978 8948/9011
f 8948/9011 8915/8978 8912/8975 8950/9013
f 8949/9012 8948/9011 8950/9013 8951/9014
f 8903/8966 8905/8968 8949/9012 8952/9015
f 8952/9015 8949/9012 8951/9014 8953/9016
f 8903/8966 8952/9015 8953/9016 8895/8960
f 8956/9019 8859/8922 8954/9018 8955/9017
f 8955/9017 8954/9018 8899/8963 8896/8959
f 8956/9019 8955/9017 8896/8959 8895/8960
f 8857/8920 8859/8922 8956/9019 8957/9020
f 8957/9020 8956/9019 8895/8960 8958/9021
f 8857/8920 8957/9020 8958/9021 8850/8915
f 8961/9024 8924/8989 8959/9023 8960/9022
f 8960/9022 8959/9023 8962/9026 8963/9025
f 8961/9024 8960/9022 8963/9025 8912/8975
f 8965/9028 8924/8989 8961/9024 8964/9027
f 8964/9027 8961/9024 8912/8975 8911/8973
f 8965/9028 8964/9027 8911/8973 8910/8974
f 8968/9031 8910/8974 8966/9030 8967/9029
f 8967/9029 8966/9030 8969/9033 8970/9032
f 8968/9031 8967/9029 8970/9032 8928/8992
f 8965/9028 8910/8974 8968/9031 8971/9034
f 8971/9034 8968/9031 8928/8992 8925/8988
f 8965/9028 8971/9034 8925/8988 8924/8989
f 8973/9036 8865/8928 8864/8927 8972/9035
f 8972/9035 8864/8927 8832/8896 8974/9037
f 8973/9036 8972/9035 8974/9037 8870/8934
f 8977/9040 8894/8957 8975/9039 8976/9038
f 8976/9038 8975/9039 8840/8903 8839/8901
f 8977/9040 8976/9038 8839/8901 8838/8902
f 8979/9042 8859/8922 8858/8921 8978/9041
f 8978/9041 8858/8921 8855/8918 8980/9043
f 8979/9042 8978/9041 8980/9043 8981/9044
f 8983/9046 8859/8922 8979/9042 8982/9045
f 8982/9045 8979/9042 8981/9044 8984/9047
f 8983/9046 8982/9045 8984/9047 8985/9048
f 8987/9050 8807/8872 8849/8912 8986/9049
f 8986/9049 8849/8912 8846/8909 8988/9051
f 8987/9050 8986/9049 8988/9051 8930/8993
f 8808/8871 8807/8872 8987/9050 8989/9052
f 8989/9052 8987/9050 8930/8993 8990/9053
f 8808/8871 8989/9052 8990/9053 8811/8875
f 8994/9057 8991/9056 8992/9055 8993/9054
f 8993/9054 8992/9055 8840/8903 8995/9058
f 8994/9057 8993/9054 8995/9058 8981/9044
f 8997/9060 8991/9056 8994/9057 8996/9059
f 8996/9059 8994/9057 8981/9044 8998/9061
f 8997/9060 8996/9059 8998/9061 8999/9062
f 9002/9065 8834/8897 9000/9064 9001/9063
f 9001/9063 9000/9064 8860/8925 9003/9066
f 9002/9065 9001/9063 9003/9066 8761/8826
f 9007/9070 9004/9069 9005/9068 9006/9067
f 9006/9067 9005/9068 8969/9033 9008/9071
f 9007/9070 9006/9067 9008/9071 8821/8885
f 9010/9073 9004/9069 9007/9070 9009/9072
f 9009/9072 9007/9070 8821/8885 8818/8881
f 9010/9073 9009/9072 8818/8881 8817/8882
f 9012/9075 8787/8851 8816/8879 9011/9074
f 9011/9074 8816/8879 8813/8876 9013/9076
f 9012/9075 9011/9074 9013/9076 9014/9077
f 8788/8850 8787/8851 9012/9075 9015/9078
f 9015/9078 9012/9075 9014/9077 9016/9079
f 8788/8850 9015/9078 9016/9079 8789/8852
f 9018/9081 8776/8840 8804/8868 9017/9080
f 9017/9080 8804/8868 8771/8834 8770/8833
f 9018/9081 9017/9080 8770/8833 8767/8830
f 8777/8839 8776/8840 9018/9081 9019/9082
f 9019/9082 9018/9081 8767/8830 9020/9083
f 8777/8839 9019/9082 9020/9083 8778/8841
f 9022/9085 8807/8872 8815/8878 9021/9084
f 9021/9084 8815/8878 8787/8851 8784/8847
f 9022/9085 9021/9084 8784/8847 8783/8848
f 8848/8911 8807/8872 9022/9085 9023/9086
f 9023/9086 9022/9085 8783/8848 8795/8858
f 8848/8911 9023/9086 8795/8858 8794/8859
f 9026/9089 8834/8897 9024/9088 9025/9087
f 9025/9087 9024/9088 8776/8840 8773/8836
f 9026/9089 9025/9087 8773/8836 8772/8837
f 8831/8894 8834/8897 9026/9089 9027/9090
f 9027/9090 9026/9089 8772/8837 9028/9091
f 8831/8894 9027/9090 9028/9091 8828/8893
f 9031/9094 8782/8845 9029/9093 9030/9092
f 9030/9092 9029/9093 8999/9062 9032/9095
f 9031/9094 9030/9092 9032/9095 8803/8866
f 9034/9097 8782/8845 9031/9094 9033/9096
f 9033/9096 9031/9094 8803/8866 8802/8865
f 9034/9097 9033/9096 8802/8865 8799/8862
f 9036/9099 9014/9077 9013/9076 9035/9098
f 9035/9098 9013/9076 8813/8876 8812/8874
f 9036/9099 9035/9098 8812/8874 8811/8875
f 9038/9101 9014/9077 9036/9099 9037/9100
f 9037/9100 9036/9099 8811/8875 8990/9053
f 9038/9101 9037/9100 8990/9053 8930/8993
f 8929/8991 8928/8992 9039/9103 9040/9102
f 9040/9102 9039/9103 9041/9105 9042/9104
f 8929/8991 9040/9102 9042/9104 8930/8993
f 9038/9101 8930/8993 9042/9104 9043/9106
f 9043/9106 9042/9104 9041/9105 9044/9107
f 9038/9101 9043/9106 9044/9107 9014/9077
f 9046/9109 8772/8837 8780/8843 9045/9108
f 9045/9108 8780/8843 8782/8845 9034/9097
f 9046/9109 9045/9108 9034/9097 8799/8862
f 9048/9111 8772/8837 9046/9109 9047/9110
f 9047/9110 9046/9109 8799/8862 9049/9112
f 9048/9111 9047/9110 9049/9112 9050/9113
f 9052/9115 8793/8856 8792/8855 9051/9114
f 9051/9114 8792/8855 8789/8852 9053/9116
f 9052/9115 9051/9114 9053/9116 9004/9069
f 9055/9118 8793/8856 9052/9115 9054/9117
f 9054/9117 9052/9115 9004/9069 9010/9073
f 9055/9118 9054/9117 9010/9073 8817/8882
f 9058/9121 8793/8856 9056/9120 9057/9119
f 9057/9119 9056/9120 9050/9113 9049/9112
f 9058/9121 9057/9119 9049/9112 8799/8862
f 8791/8854 8793/8856 9058/9121 9059/9122
f 9059/9122 9058/9121 8799/8862 8798/8861
f 8791/8854 9059/9122 8798/8861 8783/8848
f 9062/9125 8991/9056 9060/9124 9061/9123
f 9061/9123 9060/9124 8778/8841 9020/9083
f 9062/9125 9061/9123 9020/9083 8767/8830
f 9064/9127 8991/9056 9062/9125 9063/9126
f 9063/9126 9062/9125 8767/8830 8766/8828
f 9064/9127 9063/9126 8766/8828 8765/8829
f 9066/9129 8761/8826 9003/9066 9065/9128
f 9065/9128 9003/9066 8860/8925 8880/8943
f 9066/9129 9065/9128 8880/8943 8838/8902
f 8762/8825 8761/8826 9066/9129 9067/9130
f 9067/9130 9066/9129 8838/8902 8835/8899
f 8762/8825 9067/9130 8835/8899 8765/8829
f 9069/9132 8827/8890 8826/8889 9068/9131
f 9068/9131 8826/8889 8823/8886 8871/8933
f 9069/9132 9068/9131 8871/8933 8870/8934
f 9071/9134 8827/8890 9069/9132 9070/9133
f 9070/9133 9069/9132 8870/8934 9072/9135
f 9071/9134 9070/9133 9072/9135 8828/8893
f 9000/9064 8834/8897 8833/8895 9073/9136
f 9073/9136 8833/8895 8832/8896 8861/8924
f 9000/9064 9073/9136 8861/8924 8860/8925
f 9076/9139 8803/8866 9074/9138 9075/9137
f 9075/9137 9074/9138 8855/8918 8854/8917
f 9076/9139 9075/9137 8854/8917 8844/8908
f 8801/8864 8803/8866 9076/9139 9077/9140
f 9077/9140 9076/9139 8844/8908 8841/8905
f 8801/8864 9077/9140 8841/8905 8794/8859
f 9081/9144 9078/9143 9079/9142 9080/9141
f 9080/9141 9079/9142 8846/8909 8845/8907
f 9081/9144 9080/9141 8845/8907 8844/8908
f 9083/9146 9078/9143 9081/9144 9082/9145
f 9082/9145 9081/9144 8844/8908 8851/8914
f 9083/9146 9082/9145 8851/8914 8850/8915
f 8892/8955 8894/8957 8977/9040 9084/9147
f 9084/9147 8977/9040 8838/8902 8877/8940
f 8892/8955 9084/9147 8877/8940 8876/8941
f 9086/9149 8865/8928 8973/9036 9085/9148
f 9085/9148 8973/9036 8870/8934 8867/8930
f 9086/9149 9085/9148 8867/8930 8866/8931
f 9088/9151 8875/8938 8874/8937 9087/9150
f 9087/9150 8874/8937 8823/8886 8822/8884
f 9088/9151 9087/9150 8822/8884 8821/8885
f 9090/9153 8875/8938 9088/9151 9089/9152
f 9089/9152 9088/9151 8821/8885 9091/9154
f 9090/9153 9089/9152 9091/9154 8906/8971
f 9094/9157 8951/9014 9092/9156 9093/9155
f 9093/9155 9092/9156 9095/9159 9096/9158
f 9094/9157 9093/9155 9096/9158 8934/8997
f 9098/9161 8951/9014 9094/9157 9097/9160
f 9097/9160 9094/9157 8934/8997 9099/9162
f 9098/9161 9097/9160 9099/9162 9078/9143
f 9102/9165 8884/8947 9100/9164 9101/9163
f 9101/9163 9100/9164 8865/8928 9103/9166
f 9102/9165 9101/9163 9103/9166 8945/9008
f 8940/9003 8884/8947 9102/9165 9104/9167
f 9104/9167 9102/9165 8945/9008 9105/9168
f 8940/9003 9104/9167 9105/9168 8935/9000
f 9107/9170 8905/8968 8904/8967 9106/9169
f 9106/9169 8904/8967 8901/8964 9108/9171
f 9107/9170 9106/9169 9108/9171 8875/8938
f 8914/8977 8905/8968 9107/9170 9109/9172
f 9109/9172 9107/9170 8875/8938 9090/9153
f 8914/8977 9109/9172 9090/9153 8906/8971
f 9112/9175 8985/9048 9110/9174 9111/9173
f 9111/9173 9110/9174 8894/8957 8893/8956
f 9112/9175 9111/9173 8893/8956 8890/8953
f 9114/9177 8985/9048 9112/9175 9113/9176
f 9113/9176 9112/9175 8890/8953 8941/9005
f 9114/9177 9113/9176 8941/9005 8919/8982
f 9116/9179 8875/8938 9108/9171 9115/9178
f 9115/9178 9108/9171 8901/8964 8921/8984
f 9116/9179 9115/9178 8921/8984 8923/8986
f 8873/8936 8875/8938 9116/9179 9117/9180
f 9117/9180 9116/9179 8923/8986 9118/9181
f 8873/8936 9117/9180 9118/9181 8866/8931
f 9120/9183 8934/8997 9096/9158 9119/9182
f 9119/9182 9096/9158 9095/9159 9121/9184
f 9120/9183 9119/9182 9121/9184 8962/9026
f 8932/8995 8934/8997 9120/9183 9122/9185
f 9122/9185 9120/9183 8962/9026 8959/9023
f 8932/8995 9122/9185 8959/9023 8924/8989
f 9124/9187 8899/8963 8954/9018 9123/9186
f 9123/9186 8954/9018 8859/8922 8983/9046
f 9124/9187 9123/9186 8983/9046 8985/9048
f 8918/8981 8899/8963 9124/9187 9125/9188
f 9125/9188 9124/9187 8985/9048 9114/9177
f 8918/8981 9125/9188 9114/9177 8919/8982
f 9127/9190 8866/8931 9118/9181 9126/9189
f 9126/9189 9118/9181 8923/8986 8947/9010
f 9127/9190 9126/9189 8947/9010 8945/9008
f 9086/9149 8866/8931 9127/9190 9128/9191
f 9128/9191 9127/9190 8945/9008 9103/9166
f 9086/9149 9128/9191 9103/9166 8865/8928
f 9130/9193 8850/8915 8958/9021 9129/9192
f 9129/9192 8958/9021 8895/8960 8953/9016
f 9130/9193 9129/9192 8953/9016 8951/9014
f 9083/9146 8850/8915 9130/9193 9131/9194
f 9131/9194 9130/9193 8951/9014 9098/9161
f 9083/9146 9131/9194 9098/9161 9078/9143
f 9133/9196 8890/8953 8889/8951 9132/9195
f 9132/9195 8889/8951 8888/8952 8936/8999
f 9133/9196 9132/9195 8936/8999 8935/9000
f 8944/9007 8890/8953 9133/9196 9134/9197
f 9134/9197 9133/9196 8935/9000 9105/9168
f 8944/9007 9134/9197 9105/9168 8945/9008
f 9136/9199 8912/8975 8963/9025 9135/9198
f 9135/9198 8963/9025 8962/9026 9121/9184
f 9136/9199 9135/9198 9121/9184 9095/9159
f 8950/9013 8912/8975 9136/9199 9137/9200
f 9137/9200 9136/9199 9095/9159 9092/9156
f 8950/9013 9137/9200 9092/9156 8951/9014
f 9139/9202 8906/8971 9091/9154 9138/9201
f 9138/9201 9091/9154 8821/8885 9008/9071
f 9139/9202 9138/9201 9008/9071 8969/9033
f 8907/8970 8906/8971 9139/9202 9140/9203
f 9140/9203 9139/9202 8969/9033 8966/9030
f 8907/8970 9140/9203 8966/9030 8910/8974
f 9100/9164 8884/8947 8883/8946 9141/9204
f 9141/9204 8883/8946 8860/8925 8863/8926
f 9100/9164 9141/9204 8863/8926 8865/8928
f 9143/9206 8985/9048 8984/9047 9142/9205
f 9142/9205 8984/9047 8981/9044 8995/9058
f 9143/9206 9142/9205 8995/9058 8840/8903
f 9110/9174 8985/9048 9143/9206 9144/9207
f 9144/9207 9143/9206 8840/8903 8975/9039
f 9110/9174 9144/9207 8975/9039 8894/8957
f 9146/9209 8934/8997 8933/8996 9145/9208
f 9145/9208 8933/8996 8930/8993 8988/9051
f 9146/9209 9145/9208 8988/9051 8846/8909
f 9099/9162 8934/8997 9146/9209 9147/9210
f 9147/9210 9146/9209 8846/8909 9079/9142
f 9099/9162 9147/9210 9079/9142 9078/9143
f 9149/9212 8999/9062 8998/9061 9148/9211
f 9148/9211 8998/9061 8981/9044 8980/9043
f 9149/9212 9148/9211 8980/9043 8855/8918
f 9032/9095 8999/9062 9149/9212 9150/9213
f 9150/9213 9149/9212 8855/8918 9074/9138
f 9032/9095 9150/9213 9074/9138 8803/8866
f 8837/8900 8840/8903 8992/9055 9151/9214
f 9151/9214 8992/9055 8991/9056 9064/9127
f 8837/8900 9151/9214 9064/9127 8765/8829
f 8829/8892 8828/8893 9072/9135 9152/9215
f 9152/9215 9072/9135 8870/8934 8974/9037
f 8829/8892 9152/9215 8974/9037 8832/8896
f 9154/9217 9041/9105 9039/9103 9153/9216
f 9153/9216 9039/9103 8928/8992 8970/9032
f 9154/9217 9153/9216 8970/9032 8969/9033
f 9156/9219 9041/9105 9154/9217 9155/9218
f 9155/9218 9154/9217 8969/9033 9005/9068
f 9156/9219 9155/9218 9005/9068 9004/9069
f 9158/9221 9004/9069 9053/9116 9157/9220
f 9157/9220 9053/9116 8789/8852 9016/9079
f 9158/9221 9157/9220 9016/9079 9014/9077
f 9156/9219 9004/9069 9158/9221 9159/9222
f 9159/9222 9158/9221 9014/9077 9044/9107
f 9156/9219 9159/9222 9044/9107 9041/9105
f 8806/8869 8776/8840 9024/9088 9160/9223
f 9160/9223 9024/9088 8834/8897 9002/9065
f 8806/8869 9160/9223 9002/9065 8761/8826
f 9162/9225 8817/8882 8825/8888 9161/9224
f 9161/9224 8825/8888 8827/8890 9163/9226
f 9162/9225 9161/9224 9163/9226 9050/9113
f 9055/9118 8817/8882 9162/9225 9164/9227
f 9164/9227 9162/9225 9050/9113 9056/9120
f 9055/9118 9164/9227 9056/9120 8793/8856
f 9166/9229 8782/8845 8781/8844 9165/9228
f 9165/9228 8781/8844 8778/8841 9060/9124
f 9166/9229 9165/9228 9060/9124 8991/9056
f 9029/9093 8782/8845 9166/9229 9167/9230
f 9167/9230 9166/9229 8991/9056 8997/9060
f 9029/9093 9167/9230 8997/9060 8999/9062
f 9169/9232 8828/8893 9028/9091 9168/9231
f 9168/9231 9028/9091 8772/8837 9048/9111
f 9169/9232 9168/9231 9048/9111 9050/9113
f 9071/9134 8828/8893 9169/9232 9170/9233
f 9170/9233 9169/9232 9050/9113 9163/9226
f 9071/9134 9170/9233 9163/9226 8827/8890
f 9173/9236 2496/2504 9171/9235 9172/9234
f 9172/9234 9171/9235 9174/9238 9175/9237
f 9173/9236 9172/9234 9175/9237 9176/9239
f 2497/2503 2496/2504 9173/9236 9177/9240
f 9177/9240 9173/9236 9176/9239 9178/9241
f 2497/2503 9177/9240 9178/9241 2498/2505
f 9181/9244 9174/9238 9179/9243 9180/9242
f 9180/9242 9179/9243 152/155 9182/9245
f 9181/9244 9180/9242 9182/9245 9183/9246
f 9187/9250 9184/9249 9185/9248 9186/9247
f 9186/9247 9185/9248 9188/9252 9189/9251
f 9187/9250 9186/9247 9189/9251 37/38
f 9191/9254 9184/9249 9187/9250 9190/9253
f 9190/9253 9187/9250 37/38 34/34
f 9191/9254 9190/9253 34/34 33/35
f 9195/9258 9192/9257 9193/9256 9194/9255
f 9194/9255 9193/9256 9196/9260 9197/9259
f 9195/9258 9194/9255 9197/9259 2533/2541
f 9201/9264 9198/9263 9199/9262 9200/9261
f 9200/9261 9199/9262 9174/9238 9171/9235
f 9201/9264 9200/9261 9171/9235 2496/2504
f 9205/9268 9202/9267 9203/9266 9204/9265
f 9204/9265 9203/9266 9206/9270 9207/9269
f 9205/9268 9204/9265 9207/9269 142/147
f 9211/9274 9208/9273 9209/9272 9210/9271
f 9210/9271 9209/9272 153/158 3567/3582
f 9211/9274 9210/9271 3567/3582 2583/2594
f 9215/9278 9212/9277 9213/9276 9214/9275
f 9214/9275 9213/9276 2401/2410 2587/2597
f 9215/9278 9214/9275 2587/2597 157/161
f 9219/9282 9216/9281 9217/9280 9218/9279
f 9218/9279 9217/9280 9220/9284 9221/9283
f 9219/9282 9218/9279 9221/9283 9222/9285
f 9224/9287 2873/2883 2872/2882 9223/9286
f 9223/9286 2872/2882 812/815 9225/9288
f 9224/9287 9223/9286 9225/9288 9188/9252
f 9227/9290 2873/2883 9224/9287 9226/9289
f 9226/9289 9224/9287 9188/9252 9185/9248
f 9227/9290 9226/9289 9185/9248 9184/9249
f 9230/9293 808/811 9228/9292 9229/9291
f 9229/9291 9228/9292 9196/9260 9193/9256
f 9230/9293 9229/9291 9193/9256 9192/9257
f 9233/9296 3371/3385 9231/9295 9232/9294
f 9232/9294 9231/9295 9220/9284 9234/9297
f 9233/9296 9232/9294 9234/9297 9235/9298
f 9237/9300 1958/1962 1957/1961 9236/9299
f 9236/9299 1957/1961 1954/1958 9238/9301
f 9237/9300 9236/9299 9238/9301 9202/9267
f 9241/9304 1948/1952 9239/9303 9240/9302
f 9240/9302 9239/9303 9208/9273 9242/9305
f 9241/9304 9240/9302 9242/9305 9243/9306
f 9245/9308 939/945 3331/3343 9244/9307
f 9244/9307 3331/3343 952/956 9246/9309
f 9245/9308 9244/9307 9246/9309 9212/9277
f 9250/9313 9247/9312 9248/9311 9249/9310
f 9249/9310 9248/9311 952/956 951/954
f 9250/9313 9249/9310 951/954 950/955
f 9252/9315 1948/1952 1947/1951 9251/9314
f 9251/9314 1947/1951 939/945 9245/9308
f 9252/9315 9251/9314 9245/9308 9212/9277
f 9239/9303 1948/1952 9252/9315 9253/9316
f 9253/9316 9252/9315 9212/9277 9254/9317
f 9239/9303 9253/9316 9254/9317 9208/9273
f 9257/9320 1954/1958 9255/9319 9256/9318
f 9256/9318 9255/9319 9243/9306 9258/9321
f 9257/9320 9256/9318 9258/9321 9206/9270
f 9261/9324 9196/9260 9259/9323 9260/9322
f 9260/9322 9259/9323 2034/2041 3373/3387
f 9261/9324 9260/9322 3373/3387 3371/3385
f 9263/9326 812/815 811/814 9262/9325
f 9262/9325 811/814 808/811 9230/9293
f 9263/9326 9262/9325 9230/9293 9192/9257
f 9225/9288 812/815 9263/9326 9264/9327
f 9264/9327 9263/9326 9192/9257 9265/9328
f 9225/9288 9264/9327 9265/9328 9188/9252
f 9268/9331 2027/2034 9266/9330 9267/9329
f 9267/9329 9266/9330 9184/9249 9269/9332
f 9268/9331 9267/9329 9269/9332 9270/9333
f 9272/9335 1949/1955 1956/1960 9271/9334
f 9271/9334 1956/1960 1958/1962 9273/9336
f 9272/9335 9271/9334 9273/9336 9220/9284
f 9275/9338 164/169 2402/2409 9274/9337
f 9274/9337 2402/2409 2401/2410 9276/9339
f 9275/9338 9274/9337 9276/9339 9247/9312
f 9278/9341 9208/9273 9254/9317 9277/9340
f 9277/9340 9254/9317 9212/9277 9215/9278
f 9278/9341 9277/9340 9215/9278 157/161
f 9209/9272 9208/9273 9278/9341 9279/9342
f 9279/9342 9278/9341 157/161 154/157
f 9209/9272 9279/9342 154/157 153/158
f 9282/9345 9206/9270 9280/9344 9281/9343
f 9281/9343 9280/9344 2583/2594 2580/2591
f 9282/9345 9281/9343 2580/2591 146/150
f 9285/9348 9196/9260 9283/9347 9284/9346
f 9284/9346 9283/9347 9198/9263 9201/9264
f 9285/9348 9284/9346 9201/9264 2496/2504
f 9287/9350 9188/9252 9265/9328 9286/9349
f 9286/9349 9265/9328 9192/9257 9195/9258
f 9287/9350 9286/9349 9195/9258 2533/2541
f 9189/9251 9188/9252 9287/9350 9288/9351
f 9288/9351 9287/9350 2533/2541 2530/2538
f 9189/9251 9288/9351 2530/2538 37/38
f 9290/9353 9270/9333 9269/9332 9289/9352
f 9289/9352 9269/9332 9184/9249 9291/9354
f 9290/9353 9289/9352 9291/9354 2484/2493
f 9293/9356 9176/9239 9175/9237 9292/9355
f 9292/9355 9175/9237 9174/9238 9181/9244
f 9293/9356 9292/9355 9181/9244 9183/9246
f 9291/9354 9184/9249 9191/9254 9294/9357
f 9294/9357 9191/9254 33/35 2485/2492
f 9291/9354 9294/9357 2485/2492 2484/2493
f 9296/9359 9196/9260 9285/9348 9295/9358
f 9295/9358 9285/9348 2496/2504 2493/2500
f 9296/9359 9295/9358 2493/2500 2492/2501
f 9299/9362 9235/9298 9297/9361 9298/9360
f 9298/9360 9297/9361 9202/9267 9205/9268
f 9299/9362 9298/9360 9205/9268 142/147
f 9301/9364 9235/9298 9299/9362 9300/9363
f 9300/9363 9299/9362 142/147 9302/9365
f 9301/9364 9300/9363 9302/9365 9174/9238
f 9280/9344 9206/9270 9258/9321 9303/9366
f 9303/9366 9258/9321 9243/9306 9304/9367
f 9280/9344 9303/9366 9304/9367 2583/2594
f 9275/9338 9247/9312 9305/9369 9306/9368
f 9306/9368 9305/9369 9307/9371 9308/9370
f 9275/9338 9306/9368 9308/9370 164/169
f 9311/9374 854/858 9309/9373 9310/9372
f 9310/9372 9309/9373 9222/9285 9221/9283
f 9311/9374 9310/9372 9221/9283 9220/9284
f 3370/3384 854/858 9311/9374 9312/9375
f 9312/9375 9311/9374 9220/9284 9231/9295
f 3370/3384 9312/9375 9231/9295 3371/3385
f 9272/9335 9220/9284 9217/9280 9313/9376
f 9313/9376 9217/9280 9216/9281 9314/9377
f 9272/9335 9313/9376 9314/9377 1949/1955
f 9266/9330 2027/2034 3367/3381 9315/9378
f 9315/9378 3367/3381 2873/2883 9227/9290
f 9266/9330 9315/9378 9227/9290 9184/9249
f 9261/9324 3371/3385 9316/9380 9317/9379
f 9317/9379 9316/9380 9198/9263 9283/9347
f 9261/9324 9317/9379 9283/9347 9196/9260
f 9319/9382 9220/9284 9273/9336 9318/9381
f 9318/9381 9273/9336 1958/1962 9237/9300
f 9319/9382 9318/9381 9237/9300 9202/9267
f 9234/9297 9220/9284 9319/9382 9320/9383
f 9320/9383 9319/9382 9202/9267 9297/9361
f 9234/9297 9320/9383 9297/9361 9235/9298
f 9255/9319 1954/1958 3335/3347 9321/9384
f 9321/9384 3335/3347 2920/2932 9322/9385
f 9255/9319 9321/9384 9322/9385 9243/9306
f 9250/9313 950/955 9323/9387 9324/9386
f 9324/9386 9323/9387 9307/9371 9305/9369
f 9250/9313 9324/9386 9305/9369 9247/9312
f 9323/9387 950/955 1942/1946 9325/9388
f 9325/9388 1942/1946 938/942 9326/9389
f 9323/9387 9325/9388 9326/9389 9307/9371
f 9246/9309 952/956 9248/9311 9327/9390
f 9327/9390 9248/9311 9247/9312 9328/9391
f 9246/9309 9327/9390 9328/9391 9212/9277
f 9241/9304 9243/9306 9322/9385 9329/9392
f 9329/9392 9322/9385 2920/2932 2919/2931
f 9241/9304 9329/9392 2919/2931 1948/1952
f 9238/9301 1954/1958 9257/9320 9330/9393
f 9330/9393 9257/9320 9206/9270 9203/9266
f 9238/9301 9330/9393 9203/9266 9202/9267
f 9233/9296 9235/9298 9331/9395 9332/9394
f 9332/9394 9331/9395 9198/9263 9316/9380
f 9233/9296 9332/9394 9316/9380 3371/3385
f 9228/9292 808/811 2036/2043 9333/9396
f 9333/9396 2036/2043 2034/2041 9259/9323
f 9228/9292 9333/9396 9259/9323 9196/9260
f 9335/9398 819/822 818/820 9334/9397
f 9334/9397 818/820 817/821 2029/2036
f 9335/9398 9334/9397 2029/2036 2027/2034
f 9337/9400 819/822 9335/9398 9336/9399
f 9336/9399 9335/9398 2027/2034 9268/9331
f 9337/9400 9336/9399 9268/9331 9270/9333
f 9308/9370 9307/9371 9326/9389 9338/9401
f 9338/9401 9326/9389 938/942 3565/3580
f 9308/9370 9338/9401 3565/3580 164/169
f 9213/9276 9212/9277 9328/9391 9339/9402
f 9339/9402 9328/9391 9247/9312 9276/9339
f 9213/9276 9339/9402 9276/9339 2401/2410
f 9211/9274 2583/2594 9304/9367 9340/9403
f 9340/9403 9304/9367 9243/9306 9242/9305
f 9211/9274 9340/9403 9242/9305 9208/9273
f 9207/9269 9206/9270 9282/9345 9341/9404
f 9341/9404 9282/9345 146/150 143/146
f 9207/9269 9341/9404 143/146 142/147
f 9199/9262 9198/9263 9331/9395 9342/9405
f 9342/9405 9331/9395 9235/9298 9301/9364
f 9199/9262 9342/9405 9301/9364 9174/9238
f 9197/9259 9196/9260 9296/9359 9343/9406
f 9343/9406 9296/9359 2492/2501 3604/3620
f 9197/9259 9343/9406 3604/3620 2533/2541
f 9345/9408 9270/9333 9290/9353 9344/9407
f 9344/9407 9290/9353 2484/2493 3600/3616
f 9345/9408 9344/9407 3600/3616 2541/2549
f 9337/9400 9270/9333 9345/9408 9346/9409
f 9346/9409 9345/9408 2541/2549 2538/2546
f 9337/9400 9346/9409 2538/2546 819/822
f 9179/9243 9174/9238 9302/9365 9347/9410
f 9347/9410 9302/9365 142/147 150/153
f 9179/9243 9347/9410 150/153 152/155
f 8473/8536 8432/8496 9348/9412 9349/9411
f 9349/9411 9348/9412 8454/8518 8455/8517
f 8473/8536 9349/9411 8455/8517 8456/8519
f 8463/8526 8454/8518 9350/9414 9351/9413
f 9351/9413 9350/9414 8443/8507 8444/8506
f 8463/8526 9351/9413 8444/8506 8445/8508
f 8468/8531 8443/8507 9350/9414 9352/9415
f 9352/9415 9350/9414 8454/8518 9353/9416
f 8468/8531 9352/9415 9353/9416 8434/8497
f 8433/8495 8434/8497 9353/9416 9354/9417
f 9354/9417 9353/9416 8454/8518 9348/9412
f 8433/8495 9354/9417 9348/9412 8432/8496
f 9356/9419 1363/1369 1370/1374 9355/9418
f 9355/9418 1370/1374 1372/1376 9357/9420
f 9356/9419 9355/9418 9357/9420 9358/9421
f 9360/9423 1363/1369 9356/9419 9359/9422
f 9359/9422 9356/9419 9358/9421 9361/9424
f 9360/9423 9359/9422 9361/9424 9362/9425
f 3571/3586 2600/2611 9363/9427 9364/9426
f 9364/9426 9363/9427 9365/9429 9366/9428
f 3571/3586 9364/9426 9366/9428 152/155
f 9366/9428 9365/9429 9367/9431 9368/9430
f 9368/9430 9367/9431 9183/9246 9182/9245
f 9366/9428 9368/9430 9182/9245 152/155
f 9372/9435 9369/9434 9370/9433 9371/9432
f 9371/9432 9370/9433 9373/9437 9374/9436
f 9372/9435 9371/9432 9374/9436 9176/9239
f 9376/9439 9369/9434 9372/9435 9375/9438
f 9375/9438 9372/9435 9176/9239 9293/9356
f 9376/9439 9375/9438 9293/9356 9183/9246
f 9380/9443 9377/9442 9378/9441 9379/9440
f 9379/9440 9378/9441 6298/6330 6297/6329
f 9380/9443 9379/9440 6297/6329 6294/6326
f 9382/9445 9377/9442 9380/9443 9381/9444
f 9381/9444 9380/9443 6294/6326 9383/9446
f 9382/9445 9381/9444 9383/9446 2157/2166
f 9385/9448 764/768 2851/2861 9384/9447
f 9384/9447 2851/2861 2776/2787 9386/9449
f 9385/9448 9384/9447 9386/9449 9387/9450
f 9389/9452 764/768 9385/9448 9388/9451
f 9388/9451 9385/9448 9387/9450 9390/9453
f 9389/9452 9388/9451 9390/9453 7865/7919
f 9393/9456 9377/9442 9391/9455 9392/9454
f 9392/9454 9391/9455 9394/9458 9395/9457
f 9393/9456 9392/9454 9395/9457 4332/4350
f 9378/9441 9377/9442 9393/9456 9396/9459
f 9396/9459 9393/9456 4332/4350 7827/7880
f 9378/9441 9396/9459 7827/7880 6298/6330
f 9400/9463 9397/9462 9398/9461 9399/9460
f 9399/9460 9398/9461 9401/9465 9402/9464
f 9400/9463 9399/9460 9402/9464 2224/2232
f 9404/9467 6202/6235 6199/6232 9403/9466
f 9403/9466 6199/6232 4082/4098 9405/9468
f 9404/9467 9403/9466 9405/9468 2684/2695
f 9407/9470 6202/6235 9404/9467 9406/9469
f 9406/9469 9404/9467 2684/2695 2682/2693
f 9407/9470 9406/9469 2682/2693 301/306
f 2226/2234 401/405 9408/9472 9409/9471
f 9409/9471 9408/9472 9410/9474 9411/9473
f 2226/2234 9409/9471 9411/9473 298/302
f 2311/2318 2310/2319 9412/9476 9413/9475
f 9413/9475 9412/9476 9410/9474 9414/9477
f 2311/2318 9413/9475 9414/9477 397/402
f 9417/9480 4312/4330 9415/9479 9416/9478
f 9416/9478 9415/9479 9418/9482 9419/9481
f 9417/9480 9416/9478 9419/9481 9397/9462
f 9422/9485 4259/4278 9420/9484 9421/9483
f 9421/9483 9420/9484 4139/4154 7871/7926
f 9422/9485 9421/9483 7871/7926 4085/4102
f 4260/4277 4259/4278 9422/9485 9423/9486
f 9423/9486 9422/9485 4085/4102 9424/9487
f 4260/4277 9423/9486 9424/9487 4261/4279
f 9426/9489 4040/4055 6184/6216 9425/9488
f 9425/9488 6184/6216 4166/4183 4173/4188
f 9426/9489 9425/9488 4173/4188 4143/4158
f 2913/2925 1949/1955 9427/9491 9428/9490
f 9428/9490 9427/9491 9429/9493 9430/9492
f 2913/2925 9428/9490 9430/9492 2914/2926
f 9433/9496 9216/9281 9431/9495 9432/9494
f 9432/9494 9431/9495 9434/9498 9435/9497
f 9433/9496 9432/9494 9435/9497 9429/9493
f 9437/9500 9216/9281 9219/9282 9436/9499
f 9436/9499 9219/9282 9222/9285 9438/9501
f 9437/9500 9436/9499 9438/9501 9439/9502
f 9431/9495 9216/9281 9437/9500 9440/9503
f 9440/9503 9437/9500 9439/9502 9441/9504
f 9431/9495 9440/9503 9441/9504 9434/9498
f 9444/9507 1372/1376 9442/9506 9443/9505
f 9443/9505 9442/9506 7533/7581 7577/7624
f 9444/9507 9443/9505 7577/7624 7362/7408
f 9357/9420 1372/1376 9444/9507 9445/9508
f 9445/9508 9444/9507 7362/7408 9446/9509
f 9357/9420 9445/9508 9446/9509 9358/9421
f 9449/9512 5678/5704 9447/9511 9448/9510
f 9448/9510 9447/9511 9450/9514 9451/9513
f 9449/9512 9448/9510 9451/9513 1682/1686
f 9453/9516 5678/5704 9449/9512 9452/9515
f 9452/9515 9449/9512 1682/1686 3155/3168
f 9453/9516 9452/9515 3155/3168 1560/1565
f 9455/9518 7362/7408 7359/7405 9454/9517
f 9454/9517 7359/7405 5591/5616 9456/9519
f 9455/9518 9454/9517 9456/9519 9362/9425
f 9446/9509 7362/7408 9455/9518 9457/9520
f 9457/9520 9455/9518 9362/9425 9361/9424
f 9446/9509 9457/9520 9361/9424 9358/9421
f 9461/9524 9458/9523 9459/9522 9460/9521
f 9460/9521 9459/9522 9462/9526 9463/9525
f 9461/9524 9460/9521 9463/9525 1248/1253
f 9465/9528 1179/1183 1178/1181 9464/9527
f 9464/9527 1178/1181 1177/1182 9466/9529
f 9465/9528 9464/9527 9466/9529 5226/5248
f 9466/9529 1177/1182 9467/9531 9468/9530
f 9468/9530 9467/9531 5015/5036 7542/7589
f 9466/9529 9468/9530 7542/7589 5226/5248
f 1249/1252 1248/1253 9469/9533 9470/9532
f 9470/9532 9469/9533 9471/9535 9472/9534
f 1249/1252 9470/9532 9472/9534 1064/1069
f 1105/1109 1102/1106 9473/9537 9474/9536
f 9474/9536 9473/9537 9471/9535 9475/9538
f 1105/1109 9474/9536 9475/9538 1106/1110
f 9479/9542 9476/9541 9477/9540 9478/9539
f 9478/9539 9477/9540 5241/5262 9480/9543
f 9479/9542 9478/9539 9480/9543 9471/9535
f 9483/9546 5608/5633 9481/9545 9482/9544
f 9482/9544 9481/9545 5694/5721 5700/5725
f 9483/9546 9482/9544 5700/5725 5702/5727
f 5634/5658 5608/5633 9483/9546 9484/9547
f 9484/9547 9483/9546 5702/5727 9485/9548
f 5634/5658 9484/9547 9485/9548 5635/5659
f 9487/9550 5250/5271 5247/5267 9486/9549
f 9486/9549 5247/5267 5246/5268 5780/5809
f 9487/9550 9486/9549 5780/5809 5779/5810
f 9490/9553 9476/9541 9488/9552 9489/9551
f 9489/9551 9488/9552 5652/5677 5760/5789
f 9490/9553 9489/9551 5760/5789 5694/5721
f 9492/9555 9476/9541 9490/9553 9491/9554
f 9491/9554 9490/9553 5694/5721 9481/9545
f 9492/9555 9491/9554 9481/9545 5608/5633
f 6025/6056 5676/5701 9493/9557 9494/9556
f 9494/9556 9493/9557 9471/9535 9480/9543
f 6025/6056 9494/9556 9480/9543 5241/5262
f 9496/9559 1177/1182 1802/1806 9495/9558
f 9495/9558 1802/1806 1106/1110 9497/9560
f 9496/9559 9495/9558 9497/9560 5672/5698
f 9499/9562 1253/1258 2975/2987 9498/9561
f 9498/9561 2975/2987 1179/1183 9465/9528
f 9499/9562 9498/9561 9465/9528 5226/5248
f 5606/5631 5241/5262 9477/9540 9500/9563
f 9500/9563 9477/9540 9476/9541 9492/9555
f 5606/5631 9500/9563 9492/9555 5608/5633
f 7601/7649 7405/7452 9501/9565 9502/9564
f 9502/9564 9501/9565 1567/1571 3157/3170
f 7601/7649 9502/9564 3157/3170 1554/1559
f 9504/9567 1372/1376 1684/1688 9503/9566
f 9503/9566 1684/1688 1682/1686 9451/9513
f 9504/9567 9503/9566 9451/9513 9450/9514
f 9442/9506 1372/1376 9504/9567 9505/9568
f 9505/9568 9504/9567 9450/9514 9506/9569
f 9442/9506 9505/9568 9506/9569 7533/7581
f 9508/9571 5676/5701 5673/5697 9507/9570
f 9507/9570 5673/5697 5672/5698 9497/9560
f 9508/9571 9507/9570 9497/9560 1106/1110
f 9511/9574 4828/4850 9509/9573 9510/9572
f 9510/9572 9509/9573 9439/9502 9512/9575
f 9511/9574 9510/9572 9512/9575 1977/1986
f 9515/9578 854/858 9513/9577 9514/9576
f 9514/9576 9513/9577 1977/1986 9512/9575
f 9515/9578 9514/9576 9512/9575 9439/9502
f 9518/9581 9434/9498 9516/9580 9517/9579
f 9517/9579 9516/9580 4837/4857 7655/7704
f 9518/9581 9517/9579 7655/7704 7180/7220
f 9520/9583 2914/2926 9430/9492 9519/9582
f 9519/9582 9430/9492 9429/9493 9521/9584
f 9520/9583 9519/9582 9521/9584 7180/7220
f 3321/3333 2914/2926 9520/9583 9522/9585
f 9522/9585 9520/9583 7180/7220 7179/7219
f 3321/3333 9522/9585 7179/7219 1922/1928
f 5872/5903 4801/4823 5437/5456 9523/9586
f 9523/9586 5437/5456 5436/5457 9524/9587
f 5872/5903 9523/9586 9524/9587 5833/5865
f 9526/9589 4261/4279 9424/9487 9525/9588
f 9525/9588 9424/9487 4085/4102 4093/4108
f 9526/9589 9525/9588 4093/4108 4095/4110
f 9528/9591 4261/4279 9526/9589 9527/9590
f 9527/9590 9526/9589 4095/4110 9529/9592
f 9528/9591 9527/9590 9529/9592 9418/9482
f 8018/8081 4312/4330 9530/9594 9531/9593
f 9531/9593 9530/9594 9410/9474 9532/9595
f 8018/8081 9531/9593 9532/9595 4197/4217
f 9535/9598 3993/4010 9533/9597 9534/9596
f 9534/9596 9533/9597 2310/2319 3501/3516
f 9535/9598 9534/9596 3501/3516 2684/2695
f 9537/9600 6202/6235 9407/9470 9536/9599
f 9536/9599 9407/9470 301/306 3528/3542
f 9537/9600 9536/9599 3528/3542 2224/2232
f 4311/4329 4261/4279 9528/9591 9538/9601
f 9538/9601 9528/9591 9418/9482 9415/9479
f 4311/4329 9538/9601 9415/9479 4312/4330
f 6877/6910 766/771 2855/2865 9539/9602
f 9539/9602 2855/2865 2057/2065 9540/9603
f 6877/6910 9539/9602 9540/9603 6368/6400
f 9543/9606 6294/6326 9541/9605 9542/9604
f 9542/9604 9541/9605 9387/9450 9386/9449
f 9543/9606 9542/9604 9386/9449 2776/2787
f 9383/9446 6294/6326 9543/9606 9544/9607
f 9544/9607 9543/9606 2776/2787 2773/2784
f 9383/9446 9544/9607 2773/2784 2157/2166
f 9546/9609 2310/2319 9533/9597 9545/9608
f 9545/9608 9533/9597 3993/4010 4198/4216
f 9546/9609 9545/9608 4198/4216 4197/4217
f 9549/9612 103/105 9547/9611 9548/9610
f 9548/9610 9547/9611 9373/9437 9550/9613
f 9549/9612 9548/9610 9550/9613 3893/3909
f 9552/9615 9373/9437 9547/9611 9551/9614
f 9551/9614 9547/9611 103/105 9553/9616
f 9552/9615 9551/9614 9553/9616 2498/2505
f 9556/9619 9365/9429 9554/9618 9555/9617
f 9555/9617 9554/9618 3898/3914 6475/6508
f 9556/9619 9555/9617 6475/6508 3890/3905
f 9558/9621 2387/2394 3899/3913 9557/9620
f 9557/9620 3899/3913 3898/3914 9554/9618
f 9558/9621 9557/9620 9554/9618 9365/9429
f 2598/2609 2387/2394 9558/9621 9559/9622
f 9559/9622 9558/9621 9365/9429 9363/9427
f 2598/2609 9559/9622 9363/9427 2600/2611
f 9561/9624 4511/4533 4518/4538 9560/9623
f 9560/9623 4518/4538 4520/4540 7057/7098
f 9561/9624 9560/9623 7057/7098 3866/3882
f 9561/9624 3866/3882 3863/3878 9562/9625
f 9562/9625 3863/3878 3862/3879 7047/7087
f 9561/9624 9562/9625 7047/7087 4511/4533
f 9564/9627 9365/9429 9556/9619 9563/9626
f 9563/9626 9556/9619 3890/3905 9565/9628
f 9564/9627 9563/9626 9565/9628 9369/9434
f 9178/9241 9176/9239 9374/9436 9566/9629
f 9566/9629 9374/9436 9373/9437 9552/9615
f 9178/9241 9566/9629 9552/9615 2498/2505
f 9553/9616 103/105 106/106 9567/9630
f 9567/9630 106/106 108/108 2556/2563
f 9553/9616 9567/9630 2556/2563 2498/2505
f 9549/9612 3893/3909 7940/8003 9568/9631
f 9568/9631 7940/8003 7028/7070 9569/9632
f 9549/9612 9568/9631 9569/9632 103/105
f 6969/7006 6954/6992 9570/9634 9571/9633
f 9571/9633 9570/9634 9387/9450 9541/9605
f 6969/7006 9571/9633 9541/9605 6294/6326
f 9573/9636 2053/2062 3384/3399 9572/9635
f 9572/9635 3384/3399 764/768 9389/9452
f 9573/9636 9572/9635 9389/9452 7865/7919
f 9575/9638 2053/2062 9573/9636 9574/9637
f 9574/9637 9573/9636 7865/7919 7864/7918
f 9575/9638 9574/9637 7864/7918 6372/6404
f 9578/9641 2164/2171 9576/9640 9577/9639
f 9577/9639 9576/9640 4239/4258 4335/4353
f 9578/9641 9577/9639 4335/4353 4332/4350
f 9580/9643 2164/2171 9578/9641 9579/9642
f 9579/9642 9578/9641 4332/4350 9395/9457
f 9580/9643 9579/9642 9395/9457 9394/9458
f 9582/9645 6202/6235 9537/9600 9581/9644
f 9581/9644 9537/9600 2224/2232 9402/9464
f 9582/9645 9581/9644 9402/9464 9401/9465
f 4079/4095 3993/4010 9535/9598 9583/9646
f 9583/9646 9535/9598 2684/2695 9405/9468
f 4079/4095 9583/9646 9405/9468 4082/4098
f 398/401 397/402 9414/9477 9584/9647
f 9584/9647 9414/9477 9410/9474 9408/9472
f 398/401 9584/9647 9408/9472 401/405
f 7849/7904 6202/6235 9582/9645 9585/9648
f 9585/9648 9582/9645 9401/9465 9586/9649
f 7849/7904 9585/9648 9586/9649 4095/4110
f 9588/9651 4143/4158 4142/4157 9587/9650
f 9587/9650 4142/4157 4139/4154 9420/9484
f 9588/9651 9587/9650 9420/9484 4259/4278
f 9590/9653 4143/4158 9588/9651 9589/9652
f 9589/9652 9588/9651 4259/4278 4368/4385
f 9590/9653 9589/9652 4368/4385 4367/4386
f 9524/9587 5436/5457 7457/7502 9591/9654
f 9591/9654 7457/7502 5427/5449 7472/7517
f 9524/9587 9591/9654 7472/7517 5833/5865
f 9435/9497 9434/9498 9518/9581 9592/9655
f 9592/9655 9518/9581 7180/7220 9521/9584
f 9435/9497 9592/9655 9521/9584 9429/9493
f 9309/9373 854/858 9515/9578 9593/9656
f 9593/9656 9515/9578 9439/9502 9438/9501
f 9309/9373 9593/9656 9438/9501 9222/9285
f 9513/9577 854/858 851/854 9594/9657
f 9594/9657 851/854 850/855 1978/1985
f 9513/9577 9594/9657 1978/1985 1977/1986
f 9511/9574 1977/1986 9595/9659 9596/9658
f 9596/9658 9595/9659 5381/5401 5857/5889
f 9511/9574 9596/9658 5857/5889 4828/4850
f 7534/7580 7533/7581 9506/9569 9597/9660
f 9597/9660 9506/9569 9450/9514 9598/9661
f 7534/7580 9597/9660 9598/9661 5218/5239
f 9600/9663 5682/5707 5679/5703 9599/9662
f 9599/9662 5679/5703 5678/5704 9453/9516
f 9600/9663 9599/9662 9453/9516 1560/1565
f 9602/9665 5682/5707 9600/9663 9601/9664
f 9601/9664 9600/9663 1560/1565 1557/1561
f 9602/9665 9601/9664 1557/1561 1556/1562
f 9604/9667 9362/9425 9456/9519 9603/9666
f 9603/9666 9456/9519 5591/5616 5588/5612
f 9604/9667 9603/9666 5588/5612 5587/5613
f 9360/9423 9362/9425 9604/9667 9605/9668
f 9605/9668 9604/9667 5587/5613 9606/9669
f 9360/9423 9605/9668 9606/9669 1363/1369
f 9609/9672 9458/9523 9607/9671 9608/9670
f 9608/9670 9607/9671 1253/1258 9499/9562
f 9609/9672 9608/9670 9499/9562 5226/5248
f 7249/7291 5015/5036 9467/9531 9610/9673
f 9610/9673 9467/9531 1177/1182 9496/9559
f 7249/7291 9610/9673 9496/9559 5672/5698
f 1805/1809 1064/1069 9472/9534 9611/9674
f 9611/9674 9472/9534 9471/9535 9473/9537
f 1805/1809 9611/9674 9473/9537 1102/1106
f 5653/5676 5652/5677 9612/9676 9613/9675
f 9613/9675 9612/9676 9458/9523 9609/9672
f 5653/5676 9613/9675 9609/9672 5226/5248
f 9615/9678 5779/5810 7387/7432 9614/9677
f 9614/9677 7387/7432 5635/5659 9485/9548
f 9615/9678 9614/9677 9485/9548 5702/5727
f 9617/9680 5779/5810 9615/9678 9616/9679
f 9616/9679 9615/9678 5702/5727 7268/7310
f 9617/9680 9616/9679 7268/7310 7267/7311
f 9487/9550 5779/5810 9617/9680 9618/9681
f 9618/9681 9617/9680 7267/7311 7287/7329
f 9487/9550 9618/9681 7287/7329 5250/5271
f 9620/9683 9462/9526 9459/9522 9619/9682
f 9619/9682 9459/9522 9458/9523 9612/9676
f 9620/9683 9619/9682 9612/9676 5652/5677
f 9622/9685 9462/9526 9620/9683 9621/9684
f 9621/9684 9620/9683 5652/5677 9488/9552
f 9622/9685 9621/9684 9488/9552 9476/9541
f 9479/9542 9471/9535 9623/9687 9624/9686
f 9624/9686 9623/9687 9462/9526 9622/9685
f 9479/9542 9624/9686 9622/9685 9476/9541
f 9475/9538 9471/9535 9493/9557 9625/9688
f 9625/9688 9493/9557 5676/5701 9508/9571
f 9475/9538 9625/9688 9508/9571 1106/1110
f 9469/9533 1248/1253 9463/9525 9626/9689
f 9626/9689 9463/9525 9462/9526 9623/9687
f 9469/9533 9626/9689 9623/9687 9471/9535
f 9461/9524 1248/1253 1745/1749 9627/9690
f 9627/9690 1745/1749 1253/1258 9607/9671
f 9461/9524 9627/9690 9607/9671 9458/9523
f 7319/7364 1550/1556 1671/1675 9628/9691
f 9628/9691 1671/1675 1363/1369 9606/9669
f 7319/7364 9628/9691 9606/9669 5587/5613
f 9630/9693 1556/1562 1570/1574 9629/9692
f 9629/9692 1570/1574 1567/1571 9501/9565
f 9630/9693 9629/9692 9501/9565 7405/7452
f 9602/9665 1556/1562 9630/9693 9631/9694
f 9631/9694 9630/9693 7405/7452 7611/7660
f 9602/9665 9631/9694 7611/7660 5682/5707
f 9633/9696 5218/5239 9598/9661 9632/9695
f 9632/9695 9598/9661 9450/9514 9447/9511
f 9633/9696 9632/9695 9447/9511 5678/5704
f 5643/5668 5218/5239 9633/9696 9634/9697
f 9634/9697 9633/9696 5678/5704 5685/5709
f 5643/5668 9634/9697 5685/5709 5055/5076
f 9636/9699 5381/5401 9595/9659 9635/9698
f 9635/9698 9595/9659 1977/1986 2898/2908
f 9636/9699 9635/9698 2898/2908 890/894
f 9638/9701 9439/9502 9509/9573 9637/9700
f 9637/9700 9509/9573 4828/4850 4835/4855
f 9638/9701 9637/9700 4835/4855 4837/4857
f 9441/9504 9439/9502 9638/9701 9639/9702
f 9639/9702 9638/9701 4837/4857 9516/9580
f 9441/9504 9639/9702 9516/9580 9434/9498
f 9433/9496 9429/9493 9427/9491 9640/9703
f 9640/9703 9427/9491 1949/1955 9314/9377
f 9433/9496 9640/9703 9314/9377 9216/9281
f 5485/5505 5381/5401 9636/9699 9641/9704
f 9641/9704 9636/9699 890/894 887/890
f 5485/5505 9641/9704 887/890 886/891
f 9426/9489 4143/4158 9590/9653 9642/9705
f 9642/9705 9590/9653 4367/4386 7905/7964
f 9426/9489 9642/9705 7905/7964 4040/4055
f 9644/9707 9418/9482 9529/9592 9643/9706
f 9643/9706 9529/9592 4095/4110 9586/9649
f 9644/9707 9643/9706 9586/9649 9401/9465
f 9419/9481 9418/9482 9644/9707 9645/9708
f 9645/9708 9644/9707 9401/9465 9398/9461
f 9419/9481 9645/9708 9398/9461 9397/9462
f 9417/9480 9397/9462 9646/9710 9647/9709
f 9647/9709 9646/9710 9410/9474 9530/9594
f 9417/9480 9647/9709 9530/9594 4312/4330
f 9412/9476 2310/2319 9546/9609 9648/9711
f 9648/9711 9546/9609 4197/4217 9532/9595
f 9412/9476 9648/9711 9532/9595 9410/9474
f 9411/9473 9410/9474 9646/9710 9649/9712
f 9649/9712 9646/9710 9397/9462 9650/9713
f 9411/9473 9649/9712 9650/9713 298/302
f 9650/9713 9397/9462 9400/9463 9651/9714
f 9651/9714 9400/9463 2224/2232 3473/3488
f 9650/9713 9651/9714 3473/3488 298/302
f 4240/4257 4239/4258 9576/9640 9652/9715
f 9652/9715 9576/9640 2164/2171 2787/2797
f 4240/4257 9652/9715 2787/2797 2786/2798
f 9654/9717 6372/6404 6371/6403 9653/9716
f 9653/9716 6371/6403 6368/6400 9540/9603
f 9654/9717 9653/9716 9540/9603 2057/2065
f 9575/9638 6372/6404 9654/9717 9655/9718
f 9655/9718 9654/9717 2057/2065 2054/2061
f 9575/9638 9655/9718 2054/2061 2053/2062
f 9657/9720 4127/4143 7863/7917 9656/9719
f 9656/9719 7863/7917 7865/7919 9390/9453
f 9657/9720 9656/9719 9390/9453 9387/9450
f 7847/7901 4127/4143 9657/9720 9658/9721
f 9658/9721 9657/9720 9387/9450 9570/9634
f 7847/7901 9658/9721 9570/9634 6954/6992
f 9660/9723 2447/2455 3581/3597 9659/9722
f 9659/9722 3581/3597 103/105 9569/9632
f 9660/9723 9659/9722 9569/9632 7028/7070
f 9662/9725 9369/9434 9565/9628 9661/9724
f 9661/9724 9565/9628 3890/3905 6481/6514
f 9662/9725 9661/9724 6481/6514 3893/3909
f 9370/9433 9369/9434 9662/9725 9663/9726
f 9663/9726 9662/9725 3893/3909 9550/9613
f 9370/9433 9663/9726 9550/9613 9373/9437
f 9367/9431 9365/9429 9564/9627 9664/9727
f 9664/9727 9564/9627 9369/9434 9376/9439
f 9367/9431 9664/9727 9376/9439 9183/9246
f 7765/7814 2449/2456 2448/2454 9665/9728
f 9665/9728 2448/2454 2447/2455 9660/9723
f 7765/7814 9665/9728 9660/9723 7028/7070
f 9667/9730 9394/9458 9391/9455 9666/9729
f 9666/9729 9391/9455 9377/9442 9382/9445
f 9667/9730 9666/9729 9382/9445 2157/2166
f 9580/9643 9394/9458 9667/9730 9668/9731
f 9668/9731 9667/9730 2157/2166 2162/2169
f 9580/9643 9668/9731 2162/2169 2164/2171
# 9660 facets

